Identifikácia a flow,,,,,,,W11 – údaje o zvierati,,,Interné spracovanie,,
ID,Typ situácie,Kategória,Podkategória,Druh zvieraťa,W02 – akútna vetva,Poradie framov,Univerzálne checkboxy,Druhovo špecifické checkboxy,Placeholder voľného opisu,Interný návrh orgánu,Dôvod prečo tento orgán ,Poznámka pre IT / dizajn
TYR-001,Týrané / zanedbávané,Domáce zvieratá,,Pes,"Samostatná vetva W02 pred W03. Zobrazí kontakt 158 iba pri akútnom podozrení na trestný čin týrania; copy W02 sa dopracuje osobitne. Po výsledku telefonátu používateľ pokračuje vo flow.

TU EŠTE DOMI DOPLNÍ MEDZI SCREEN V PRÍPADE, AK TO BUDE AKÚTNE, ABY SA TO PREPOJILO S POKRAČOVANÍM VO FLOW ","W01 → W03a/W03b → W04 → W06a/W06b → W11 → W24 → interné priradenie orgánu → návrh podnetu → schválenie adminom

","• Je alebo bolo fyzicky týrané – napr. bité, kopané, úmyselne zraňované alebo vystavené inému násilnému zaobchádzaniu
• Nemá dostatok vody alebo vhodnej potravy alebo je podvyživené
• Je zranené alebo choré a nedostáva potrebnú starostlivosť
• Je držané v špinavom, príliš malom, preplnenom alebo nebezpečnom priestore
• Je držané v tme, bez dostatočného vetrania alebo pri nevhodnej teplote
• Nemá primeranú ochranu pred nepriaznivým počasím
• Je opustené alebo ponechané bez potrebnej starostlivosti
","• Je dlhodobo držaný na reťazi alebo lane
• Nemá búdu, tieň alebo inú primeranú ochranu
• Je používaný na zápasy
• Podozrenie na nelegálny alebo množiteľský chov/predaj","Nestačí uviesť iba, že je zviera týrané. Opíšte konkrétne, čo sa so zvieraťom deje alebo dialo, v akých podmienkach je držané a aké následky na ňom pozorujete. Uveďte, kedy ste situáciu videli, odkedy alebo ako často sa opakuje a či ide o vaše osobné pozorovanie. Ak viete, doplňte meno vlastníka, držiteľa alebo osoby, ktorá so zvieraťom zaobchádza. Ak ide o internetový inzerát, video alebo príspevok, vložte odkaz. Oddeľte, čo ste videli osobne, od toho, čo ste sa dozvedeli od iných osôb.

Čo sa stalo, kedy a ako často sa to deje, aké podmienky alebo zranenia ste videli a ako ste sa o situácii dozvedeli…",RVPS,Spoločenské zviera – ochrana zvierat a podmienky chovu.,
TYR-002,Týrané / zanedbávané,Domáce zvieratá,,Mačka,Samostatná vetva W02 pred W03. Zobrazí kontakt 158 iba pri akútnom podozrení na trestný čin týrania; copy W02 sa dopracuje osobitne. Po výsledku telefonátu používateľ pokračuje vo flow.,W01 → W03a/W03b → W04 → W06a/W06b → W11 → W24 → interné priradenie orgánu → návrh podnetu → schválenie adminom,"• Je alebo bolo fyzicky týrané – napr. bité, kopané, úmyselne zraňované alebo vystavené inému násilnému zaobchádzaniu
• Nemá dostatok vody alebo vhodnej potravy alebo je podvyživené
• Je zranené alebo choré a nedostáva potrebnú starostlivosť
• Je držané v špinavom, príliš malom, preplnenom alebo nebezpečnom priestore
• Je držané v tme, bez dostatočného vetrania alebo pri nevhodnej teplote
• Nemá primeranú ochranu pred nepriaznivým počasím
• Je opustené alebo ponechané bez potrebnej starostlivosti
","• Je trvalo držaná v malej klietke alebo uzavretom priestore
• Na mieste je veľké množstvo mačiek v zlých podmienkach
• Dochádza k nekontrolovanému rozmnožovaniu
• Podozrenie na nelegálny alebo množiteľský chov/predaj","Nestačí uviesť iba, že je zviera týrané. Opíšte konkrétne, čo sa so zvieraťom deje alebo dialo, v akých podmienkach je držané a aké následky na ňom pozorujete. Uveďte, kedy ste situáciu videli, odkedy alebo ako často sa opakuje a či ide o vaše osobné pozorovanie. Ak viete, doplňte meno vlastníka, držiteľa alebo osoby, ktorá so zvieraťom zaobchádza. Ak ide o internetový inzerát, video alebo príspevok, vložte odkaz. Oddeľte, čo ste videli osobne, od toho, čo ste sa dozvedeli od iných osôb.

Čo sa stalo, kedy a ako často sa to deje, aké podmienky alebo zranenia ste videli a ako ste sa o situácii dozvedeli…",RVPS,Spoločenské zviera – ochrana zvierat a podmienky chovu.,
TYR-003,Týrané / zanedbávané,Domáce zvieratá,,Fretka,Samostatná vetva W02 pred W03. Zobrazí kontakt 158 iba pri akútnom podozrení na trestný čin týrania; copy W02 sa dopracuje osobitne. Po výsledku telefonátu používateľ pokračuje vo flow.,W01 → W03a/W03b → W04 → W06a/W06b → W11 → W24 → interné priradenie orgánu → návrh podnetu → schválenie adminom,"• Je alebo bolo fyzicky týrané – napr. bité, kopané, úmyselne zraňované alebo vystavené inému násilnému zaobchádzaniu
• Nemá dostatok vody alebo vhodnej potravy alebo je podvyživené
• Je zranené alebo choré a nedostáva potrebnú starostlivosť
• Je držané v špinavom, príliš malom, preplnenom alebo nebezpečnom priestore
• Je držané v tme, bez dostatočného vetrania alebo pri nevhodnej teplote
• Nemá primeranú ochranu pred nepriaznivým počasím
• Je opustené alebo ponechané bez potrebnej starostlivosti
","• Príliš malá alebo nevhodná klietka
• Podozrenie na nelegálny alebo množiteľský chov/predaj
","Nestačí uviesť iba, že je zviera týrané. Opíšte konkrétne, čo sa so zvieraťom deje alebo dialo, v akých podmienkach je držané a aké následky na ňom pozorujete. Uveďte, kedy ste situáciu videli, odkedy alebo ako často sa opakuje a či ide o vaše osobné pozorovanie. Ak viete, doplňte meno vlastníka, držiteľa alebo osoby, ktorá so zvieraťom zaobchádza. Ak ide o internetový inzerát, video alebo príspevok, vložte odkaz. Oddeľte, čo ste videli osobne, od toho, čo ste sa dozvedeli od iných osôb.

Čo sa stalo, kedy a ako často sa to deje, aké podmienky alebo zranenia ste videli a ako ste sa o situácii dozvedeli…",RVPS,Spoločenské zviera – ochrana zvierat a podmienky chovu.,
TYR-004,Týrané / zanedbávané,Domáce zvieratá,,Králik,Samostatná vetva W02 pred W03. Zobrazí kontakt 158 iba pri akútnom podozrení na trestný čin týrania; copy W02 sa dopracuje osobitne. Po výsledku telefonátu používateľ pokračuje vo flow.,W01 → W03a/W03b → W04 → W06a/W06b → W11 → W24 → interné priradenie orgánu → návrh podnetu → schválenie adminom,"• Je alebo bolo fyzicky týrané – napr. bité, kopané, úmyselne zraňované alebo vystavené inému násilnému zaobchádzaniu
• Nemá dostatok vody alebo vhodnej potravy alebo je podvyživené
• Je zranené alebo choré a nedostáva potrebnú starostlivosť
• Je držané v špinavom, príliš malom, preplnenom alebo nebezpečnom priestore
• Je držané v tme, bez dostatočného vetrania alebo pri nevhodnej teplote
• Nemá primeranú ochranu pred nepriaznivým počasím
• Je opustené alebo ponechané bez potrebnej starostlivosti
","• Príliš malá alebo nevhodná klietka
• Špinavá alebo mokrá podstielka
","Nestačí uviesť iba, že je zviera týrané. Opíšte konkrétne, čo sa so zvieraťom deje alebo dialo, v akých podmienkach je držané a aké následky na ňom pozorujete. Uveďte, kedy ste situáciu videli, odkedy alebo ako často sa opakuje a či ide o vaše osobné pozorovanie. Ak viete, doplňte meno vlastníka, držiteľa alebo osoby, ktorá so zvieraťom zaobchádza. Ak ide o internetový inzerát, video alebo príspevok, vložte odkaz. Oddeľte, čo ste videli osobne, od toho, čo ste sa dozvedeli od iných osôb.

Čo sa stalo, kedy a ako často sa to deje, aké podmienky alebo zranenia ste videli a ako ste sa o situácii dozvedeli…",RVPS,Spoločenské zviera – ochrana zvierat a podmienky chovu.,
TYR-005,Týrané / zanedbávané,Domáce zvieratá,,Morča,Samostatná vetva W02 pred W03. Zobrazí kontakt 158 iba pri akútnom podozrení na trestný čin týrania; copy W02 sa dopracuje osobitne. Po výsledku telefonátu používateľ pokračuje vo flow.,W01 → W03a/W03b → W04 → W06a/W06b → W11 → W24 → interné priradenie orgánu → návrh podnetu → schválenie adminom,"• Je alebo bolo fyzicky týrané – napr. bité, kopané, úmyselne zraňované alebo vystavené inému násilnému zaobchádzaniu
• Nemá dostatok vody alebo vhodnej potravy alebo je podvyživené
• Je zranené alebo choré a nedostáva potrebnú starostlivosť
• Je držané v špinavom, príliš malom, preplnenom alebo nebezpečnom priestore
• Je držané v tme, bez dostatočného vetrania alebo pri nevhodnej teplote
• Nemá primeranú ochranu pred nepriaznivým počasím
• Je opustené alebo ponechané bez potrebnej starostlivosti
","• Príliš malá alebo nevhodná klietka
• Špinavá alebo mokrá podstielka
","Nestačí uviesť iba, že je zviera týrané. Opíšte konkrétne, čo sa so zvieraťom deje alebo dialo, v akých podmienkach je držané a aké následky na ňom pozorujete. Uveďte, kedy ste situáciu videli, odkedy alebo ako často sa opakuje a či ide o vaše osobné pozorovanie. Ak viete, doplňte meno vlastníka, držiteľa alebo osoby, ktorá so zvieraťom zaobchádza. Ak ide o internetový inzerát, video alebo príspevok, vložte odkaz. Oddeľte, čo ste videli osobne, od toho, čo ste sa dozvedeli od iných osôb.

Čo sa stalo, kedy a ako často sa to deje, aké podmienky alebo zranenia ste videli a ako ste sa o situácii dozvedeli…",RVPS,Spoločenské zviera – ochrana zvierat a podmienky chovu.,
TYR-006,Týrané / zanedbávané,Domáce zvieratá,,Škrečok,Samostatná vetva W02 pred W03. Zobrazí kontakt 158 iba pri akútnom podozrení na trestný čin týrania; copy W02 sa dopracuje osobitne. Po výsledku telefonátu používateľ pokračuje vo flow.,W01 → W03a/W03b → W04 → W06a/W06b → W11 → W24 → interné priradenie orgánu → návrh podnetu → schválenie adminom,"• Je alebo bolo fyzicky týrané – napr. bité, kopané, úmyselne zraňované alebo vystavené inému násilnému zaobchádzaniu
• Nemá dostatok vody alebo vhodnej potravy alebo je podvyživené
• Je zranené alebo choré a nedostáva potrebnú starostlivosť
• Je držané v špinavom, príliš malom, preplnenom alebo nebezpečnom priestore
• Je držané v tme, bez dostatočného vetrania alebo pri nevhodnej teplote
• Nemá primeranú ochranu pred nepriaznivým počasím
• Je opustené alebo ponechané bez potrebnej starostlivosti
","• Príliš malá alebo nevhodná klietka
• Špinavá alebo mokrá podstielka
","Nestačí uviesť iba, že je zviera týrané. Opíšte konkrétne, čo sa so zvieraťom deje alebo dialo, v akých podmienkach je držané a aké následky na ňom pozorujete. Uveďte, kedy ste situáciu videli, odkedy alebo ako často sa opakuje a či ide o vaše osobné pozorovanie. Ak viete, doplňte meno vlastníka, držiteľa alebo osoby, ktorá so zvieraťom zaobchádza. Ak ide o internetový inzerát, video alebo príspevok, vložte odkaz. Oddeľte, čo ste videli osobne, od toho, čo ste sa dozvedeli od iných osôb.

Čo sa stalo, kedy a ako často sa to deje, aké podmienky alebo zranenia ste videli a ako ste sa o situácii dozvedeli…",RVPS,Spoločenské zviera – ochrana zvierat a podmienky chovu.,
TYR-007,Týrané / zanedbávané,Domáce zvieratá,,Potkan,Samostatná vetva W02 pred W03. Zobrazí kontakt 158 iba pri akútnom podozrení na trestný čin týrania; copy W02 sa dopracuje osobitne. Po výsledku telefonátu používateľ pokračuje vo flow.,W01 → W03a/W03b → W04 → W06a/W06b → W11 → W24 → interné priradenie orgánu → návrh podnetu → schválenie adminom,"• Je alebo bolo fyzicky týrané – napr. bité, kopané, úmyselne zraňované alebo vystavené inému násilnému zaobchádzaniu
• Nemá dostatok vody alebo vhodnej potravy alebo je podvyživené
• Je zranené alebo choré a nedostáva potrebnú starostlivosť
• Je držané v špinavom, príliš malom, preplnenom alebo nebezpečnom priestore
• Je držané v tme, bez dostatočného vetrania alebo pri nevhodnej teplote
• Nemá primeranú ochranu pred nepriaznivým počasím
• Je opustené alebo ponechané bez potrebnej starostlivosti
","• Príliš malá alebo nevhodná klietka
• Špinavá alebo mokrá podstielka
","Nestačí uviesť iba, že je zviera týrané. Opíšte konkrétne, čo sa so zvieraťom deje alebo dialo, v akých podmienkach je držané a aké následky na ňom pozorujete. Uveďte, kedy ste situáciu videli, odkedy alebo ako často sa opakuje a či ide o vaše osobné pozorovanie. Ak viete, doplňte meno vlastníka, držiteľa alebo osoby, ktorá so zvieraťom zaobchádza. Ak ide o internetový inzerát, video alebo príspevok, vložte odkaz. Oddeľte, čo ste videli osobne, od toho, čo ste sa dozvedeli od iných osôb.

Čo sa stalo, kedy a ako často sa to deje, aké podmienky alebo zranenia ste videli a ako ste sa o situácii dozvedeli…",RVPS,Spoločenské zviera – ochrana zvierat a podmienky chovu.,
TYR-008,Týrané / zanedbávané,Domáce zvieratá,,Činčila,Samostatná vetva W02 pred W03. Zobrazí kontakt 158 iba pri akútnom podozrení na trestný čin týrania; copy W02 sa dopracuje osobitne. Po výsledku telefonátu používateľ pokračuje vo flow.,W01 → W03a/W03b → W04 → W06a/W06b → W11 → W24 → interné priradenie orgánu → návrh podnetu → schválenie adminom,"• Je alebo bolo fyzicky týrané – napr. bité, kopané, úmyselne zraňované alebo vystavené inému násilnému zaobchádzaniu
• Nemá dostatok vody alebo vhodnej potravy alebo je podvyživené
• Je zranené alebo choré a nedostáva potrebnú starostlivosť
• Je držané v špinavom, príliš malom, preplnenom alebo nebezpečnom priestore
• Je držané v tme, bez dostatočného vetrania alebo pri nevhodnej teplote
• Nemá primeranú ochranu pred nepriaznivým počasím
• Je opustené alebo ponechané bez potrebnej starostlivosti
","• Príliš malá alebo nevhodná klietka
• Špinavá alebo mokrá podstielka
• Podozrenie na nelegálny alebo množiteľský chov/predaj
","Nestačí uviesť iba, že je zviera týrané. Opíšte konkrétne, čo sa so zvieraťom deje alebo dialo, v akých podmienkach je držané a aké následky na ňom pozorujete. Uveďte, kedy ste situáciu videli, odkedy alebo ako často sa opakuje a či ide o vaše osobné pozorovanie. Ak viete, doplňte meno vlastníka, držiteľa alebo osoby, ktorá so zvieraťom zaobchádza. Ak ide o internetový inzerát, video alebo príspevok, vložte odkaz. Oddeľte, čo ste videli osobne, od toho, čo ste sa dozvedeli od iných osôb.

Čo sa stalo, kedy a ako často sa to deje, aké podmienky alebo zranenia ste videli a ako ste sa o situácii dozvedeli…",RVPS,Spoločenské zviera – ochrana zvierat a podmienky chovu.,
TYR-009,Týrané / zanedbávané,Domáce zvieratá,,Papagáj,Samostatná vetva W02 pred W03. Zobrazí kontakt 158 iba pri akútnom podozrení na trestný čin týrania; copy W02 sa dopracuje osobitne. Po výsledku telefonátu používateľ pokračuje vo flow.,W01 → W03a/W03b → W04 → W06a/W06b → W11 → W24 → interné priradenie orgánu → návrh podnetu → schválenie adminom,"• Je alebo bolo fyzicky týrané – napr. bité, kopané, úmyselne zraňované alebo vystavené inému násilnému zaobchádzaniu
• Nemá dostatok vody alebo vhodnej potravy alebo je podvyživené
• Je zranené alebo choré a nedostáva potrebnú starostlivosť
• Je držané v špinavom, príliš malom, preplnenom alebo nebezpečnom priestore
• Je držané v tme, bez dostatočného vetrania alebo pri nevhodnej teplote
• Nemá primeranú ochranu pred nepriaznivým počasím
• Je opustené alebo ponechané bez potrebnej starostlivosti
","• Podozrenie na odobratie z voľnej prírody
• Podozrenie na chýbajúce doklady o pôvode alebo označenie
• Podozrenie na nelegálny alebo množiteľský chov/predaj","Nestačí uviesť iba, že je zviera týrané. Opíšte konkrétne, čo sa so zvieraťom deje alebo dialo, v akých podmienkach je držané a aké následky na ňom pozorujete. Uveďte, kedy ste situáciu videli, odkedy alebo ako často sa opakuje a či ide o vaše osobné pozorovanie. Ak viete, doplňte meno vlastníka, držiteľa alebo osoby, ktorá so zvieraťom zaobchádza. Ak ide o internetový inzerát, video alebo príspevok, vložte odkaz. Oddeľte, čo ste videli osobne, od toho, čo ste sa dozvedeli od iných osôb.

Čo sa stalo, kedy a ako často sa to deje, aké podmienky alebo zranenia ste videli a ako ste sa o situácii dozvedeli…",RVPS + SIŽP,"Exotický vták – welfare posúdi RVPS; držbu, pôvod alebo obchod predbežne SIŽP.",
TYR-010,Týrané / zanedbávané,Domáce zvieratá,,Korytnačka,Samostatná vetva W02 pred W03. Zobrazí kontakt 158 iba pri akútnom podozrení na trestný čin týrania; copy W02 sa dopracuje osobitne. Po výsledku telefonátu používateľ pokračuje vo flow.,W01 → W03a/W03b → W04 → W06a/W06b → W11 → W24 → interné priradenie orgánu → návrh podnetu → schválenie adminom,"• Je alebo bolo fyzicky týrané – napr. bité, kopané, úmyselne zraňované alebo vystavené inému násilnému zaobchádzaniu
• Nemá dostatok vody alebo vhodnej potravy alebo je podvyživené
• Je zranené alebo choré a nedostáva potrebnú starostlivosť
• Je držané v špinavom, príliš malom, preplnenom alebo nebezpečnom priestore
• Je držané v tme, bez dostatočného vetrania alebo pri nevhodnej teplote
• Nemá primeranú ochranu pred nepriaznivým počasím
• Je opustené alebo ponechané bez potrebnej starostlivosti
",• Podozrenie na nelegálny alebo množiteľský chov/predajj,"Nestačí uviesť iba, že je zviera týrané. Opíšte konkrétne, čo sa so zvieraťom deje alebo dialo, v akých podmienkach je držané a aké následky na ňom pozorujete. Uveďte, kedy ste situáciu videli, odkedy alebo ako často sa opakuje a či ide o vaše osobné pozorovanie. Ak viete, doplňte meno vlastníka, držiteľa alebo osoby, ktorá so zvieraťom zaobchádza. Ak ide o internetový inzerát, video alebo príspevok, vložte odkaz. Oddeľte, čo ste videli osobne, od toho, čo ste sa dozvedeli od iných osôb.

Čo sa stalo, kedy a ako často sa to deje, aké podmienky alebo zranenia ste videli a ako ste sa o situácii dozvedeli…",RVPS + SIŽP,"Exotický plaz – welfare posúdi RVPS; držbu, pôvod alebo obchod predbežne SIŽP.",
TYR-011,Týrané / zanedbávané,Domáce zvieratá,,Had,Samostatná vetva W02 pred W03. Zobrazí kontakt 158 iba pri akútnom podozrení na trestný čin týrania; copy W02 sa dopracuje osobitne. Po výsledku telefonátu používateľ pokračuje vo flow.,W01 → W03a/W03b → W04 → W06a/W06b → W11 → W24 → interné priradenie orgánu → návrh podnetu → schválenie adminom,"• Je alebo bolo fyzicky týrané – napr. bité, kopané, úmyselne zraňované alebo vystavené inému násilnému zaobchádzaniu
• Nemá dostatok vody alebo vhodnej potravy alebo je podvyživené
• Je zranené alebo choré a nedostáva potrebnú starostlivosť
• Je držané v špinavom, príliš malom, preplnenom alebo nebezpečnom priestore
• Je držané v tme, bez dostatočného vetrania alebo pri nevhodnej teplote
• Nemá primeranú ochranu pred nepriaznivým počasím
• Je opustené alebo ponechané bez potrebnej starostlivosti
",• Podozrenie na nelegálny alebo množiteľský chov/predajj,"Nestačí uviesť iba, že je zviera týrané. Opíšte konkrétne, čo sa so zvieraťom deje alebo dialo, v akých podmienkach je držané a aké následky na ňom pozorujete. Uveďte, kedy ste situáciu videli, odkedy alebo ako často sa opakuje a či ide o vaše osobné pozorovanie. Ak viete, doplňte meno vlastníka, držiteľa alebo osoby, ktorá so zvieraťom zaobchádza. Ak ide o internetový inzerát, video alebo príspevok, vložte odkaz. Oddeľte, čo ste videli osobne, od toho, čo ste sa dozvedeli od iných osôb.

Čo sa stalo, kedy a ako často sa to deje, aké podmienky alebo zranenia ste videli a ako ste sa o situácii dozvedeli…",RVPS + SIŽP,"Exotický plaz – welfare posúdi RVPS; držbu, pôvod alebo obchod predbežne SIŽP.",
TYR-012,Týrané / zanedbávané,Domáce zvieratá,,Jašterica,Samostatná vetva W02 pred W03. Zobrazí kontakt 158 iba pri akútnom podozrení na trestný čin týrania; copy W02 sa dopracuje osobitne. Po výsledku telefonátu používateľ pokračuje vo flow.,W01 → W03a/W03b → W04 → W06a/W06b → W11 → W24 → interné priradenie orgánu → návrh podnetu → schválenie adminom,"• Je alebo bolo fyzicky týrané – napr. bité, kopané, úmyselne zraňované alebo vystavené inému násilnému zaobchádzaniu
• Nemá dostatok vody alebo vhodnej potravy alebo je podvyživené
• Je zranené alebo choré a nedostáva potrebnú starostlivosť
• Je držané v špinavom, príliš malom, preplnenom alebo nebezpečnom priestore
• Je držané v tme, bez dostatočného vetrania alebo pri nevhodnej teplote
• Nemá primeranú ochranu pred nepriaznivým počasím
• Je opustené alebo ponechané bez potrebnej starostlivosti
",• Podozrenie na nelegálny alebo množiteľský chov/predajj,"Nestačí uviesť iba, že je zviera týrané. Opíšte konkrétne, čo sa so zvieraťom deje alebo dialo, v akých podmienkach je držané a aké následky na ňom pozorujete. Uveďte, kedy ste situáciu videli, odkedy alebo ako často sa opakuje a či ide o vaše osobné pozorovanie. Ak viete, doplňte meno vlastníka, držiteľa alebo osoby, ktorá so zvieraťom zaobchádza. Ak ide o internetový inzerát, video alebo príspevok, vložte odkaz. Oddeľte, čo ste videli osobne, od toho, čo ste sa dozvedeli od iných osôb.

Čo sa stalo, kedy a ako často sa to deje, aké podmienky alebo zranenia ste videli a ako ste sa o situácii dozvedeli…",RVPS + SIŽP,"Exotický plaz – welfare posúdi RVPS; držbu, pôvod alebo obchod predbežne SIŽP.",
TYR-013,Týrané / zanedbávané,Hospodárske zvieratá,,Kôň,Samostatná vetva W02 pred W03. Zobrazí kontakt 158 iba pri akútnom podozrení na trestný čin týrania; copy W02 sa dopracuje osobitne. Po výsledku telefonátu používateľ pokračuje vo flow.,W01 → W03a/W03b → W04 → W06a/W06b → W11 → W24 → interné priradenie orgánu → návrh podnetu → schválenie adminom,"• Je alebo bolo fyzicky týrané – napr. bité, kopané, úmyselne zraňované alebo vystavené inému násilnému zaobchádzaniu
• Nemá dostatok vody alebo vhodnej potravy alebo je podvyživené
• Je zranené alebo choré a nedostáva potrebnú starostlivosť
• Je držané v špinavom, príliš malom, preplnenom alebo nebezpečnom priestore
• Je držané v tme, bez dostatočného vetrania alebo pri nevhodnej teplote
• Nemá primeranú ochranu pred nepriaznivým počasím
• Je opustené alebo ponechané bez potrebnej starostlivosti
","• Nútenie do práce napriek zraneniu alebo chorobe
• Dlhodobé držanie bez pohybu
• Bez primeraného prístrešku alebo vody
• Podozrenie na nelegálny alebo neevidovaný chov","Nestačí uviesť iba, že je zviera týrané. Opíšte konkrétne, čo sa so zvieraťom deje alebo dialo, v akých podmienkach je držané a aké následky na ňom pozorujete. Uveďte, kedy ste situáciu videli, odkedy alebo ako často sa opakuje a či ide o vaše osobné pozorovanie. Ak viete, doplňte meno vlastníka, držiteľa alebo osoby, ktorá so zvieraťom zaobchádza. Ak ide o internetový inzerát, video alebo príspevok, vložte odkaz. Oddeľte, čo ste videli osobne, od toho, čo ste sa dozvedeli od iných osôb.

Čo sa stalo, kedy a ako často sa to deje, aké podmienky alebo zranenia ste videli a ako ste sa o situácii dozvedeli…",RVPS,"Hospodárske zviera – ochrana zvierat, podmienky a evidencia chovu.",
TYR-014,Týrané / zanedbávané,Hospodárske zvieratá,,Somár,Samostatná vetva W02 pred W03. Zobrazí kontakt 158 iba pri akútnom podozrení na trestný čin týrania; copy W02 sa dopracuje osobitne. Po výsledku telefonátu používateľ pokračuje vo flow.,W01 → W03a/W03b → W04 → W06a/W06b → W11 → W24 → interné priradenie orgánu → návrh podnetu → schválenie adminom,"• Je alebo bolo fyzicky týrané – napr. bité, kopané, úmyselne zraňované alebo vystavené inému násilnému zaobchádzaniu
• Nemá dostatok vody alebo vhodnej potravy alebo je podvyživené
• Je zranené alebo choré a nedostáva potrebnú starostlivosť
• Je držané v špinavom, príliš malom, preplnenom alebo nebezpečnom priestore
• Je držané v tme, bez dostatočného vetrania alebo pri nevhodnej teplote
• Nemá primeranú ochranu pred nepriaznivým počasím
• Je opustené alebo ponechané bez potrebnej starostlivosti
","• Nútenie do práce napriek zraneniu alebo chorobe
• Dlhodobé držanie bez pohybu
• Bez primeraného prístrešku alebo vody
• Podozrenie na nelegálny alebo neevidovaný chov","Nestačí uviesť iba, že je zviera týrané. Opíšte konkrétne, čo sa so zvieraťom deje alebo dialo, v akých podmienkach je držané a aké následky na ňom pozorujete. Uveďte, kedy ste situáciu videli, odkedy alebo ako často sa opakuje a či ide o vaše osobné pozorovanie. Ak viete, doplňte meno vlastníka, držiteľa alebo osoby, ktorá so zvieraťom zaobchádza. Ak ide o internetový inzerát, video alebo príspevok, vložte odkaz. Oddeľte, čo ste videli osobne, od toho, čo ste sa dozvedeli od iných osôb.

Čo sa stalo, kedy a ako často sa to deje, aké podmienky alebo zranenia ste videli a ako ste sa o situácii dozvedeli…",RVPS,"Hospodárske zviera – ochrana zvierat, podmienky a evidencia chovu.",
TYR-015,Týrané / zanedbávané,Hospodárske zvieratá,,Krava,Samostatná vetva W02 pred W03. Zobrazí kontakt 158 iba pri akútnom podozrení na trestný čin týrania; copy W02 sa dopracuje osobitne. Po výsledku telefonátu používateľ pokračuje vo flow.,W01 → W03a/W03b → W04 → W06a/W06b → W11 → W24 → interné priradenie orgánu → návrh podnetu → schválenie adminom,"• Je alebo bolo fyzicky týrané – napr. bité, kopané, úmyselne zraňované alebo vystavené inému násilnému zaobchádzaniu
• Nemá dostatok vody alebo vhodnej potravy alebo je podvyživené
• Je zranené alebo choré a nedostáva potrebnú starostlivosť
• Je držané v špinavom, príliš malom, preplnenom alebo nebezpečnom priestore
• Je držané v tme, bez dostatočného vetrania alebo pri nevhodnej teplote
• Nemá primeranú ochranu pred nepriaznivým počasím
• Je opustené alebo ponechané bez potrebnej starostlivosti
","• Nútenie do práce napriek zraneniu alebo chorobe
• Dlhodobé držanie bez pohybu
• Bez primeraného prístrešku alebo vody
• Podozrenie na nelegálny alebo neevidovaný chov
• Kruté zaobchádzanie pri manipulácii, preprave alebo usmrcovaní
• Podozrenie na nelegálny alebo neevidovaný chov","Nestačí uviesť iba, že je zviera týrané. Opíšte konkrétne, čo sa so zvieraťom deje alebo dialo, v akých podmienkach je držané a aké následky na ňom pozorujete. Uveďte, kedy ste situáciu videli, odkedy alebo ako často sa opakuje a či ide o vaše osobné pozorovanie. Ak viete, doplňte meno vlastníka, držiteľa alebo osoby, ktorá so zvieraťom zaobchádza. Ak ide o internetový inzerát, video alebo príspevok, vložte odkaz. Oddeľte, čo ste videli osobne, od toho, čo ste sa dozvedeli od iných osôb.

Čo sa stalo, kedy a ako často sa to deje, aké podmienky alebo zranenia ste videli a ako ste sa o situácii dozvedeli…",RVPS,"Hospodárske zviera – ochrana zvierat, podmienky a evidencia chovu.",
TYR-016,Týrané / zanedbávané,Hospodárske zvieratá,,Ovca,Samostatná vetva W02 pred W03. Zobrazí kontakt 158 iba pri akútnom podozrení na trestný čin týrania; copy W02 sa dopracuje osobitne. Po výsledku telefonátu používateľ pokračuje vo flow.,W01 → W03a/W03b → W04 → W06a/W06b → W11 → W24 → interné priradenie orgánu → návrh podnetu → schválenie adminom,"• Je alebo bolo fyzicky týrané – napr. bité, kopané, úmyselne zraňované alebo vystavené inému násilnému zaobchádzaniu
• Nemá dostatok vody alebo vhodnej potravy alebo je podvyživené
• Je zranené alebo choré a nedostáva potrebnú starostlivosť
• Je držané v špinavom, príliš malom, preplnenom alebo nebezpečnom priestore
• Je držané v tme, bez dostatočného vetrania alebo pri nevhodnej teplote
• Nemá primeranú ochranu pred nepriaznivým počasím
• Je opustené alebo ponechané bez potrebnej starostlivosti
","• Nútenie do práce napriek zraneniu alebo chorobe
• Dlhodobé držanie bez pohybu
• Bez primeraného prístrešku alebo vody
• Podozrenie na nelegálny alebo neevidovaný chov
• Kruté zaobchádzanie pri manipulácii, preprave alebo usmrcovaní
• Podozrenie na nelegálny alebo neevidovaný chov","Nestačí uviesť iba, že je zviera týrané. Opíšte konkrétne, čo sa so zvieraťom deje alebo dialo, v akých podmienkach je držané a aké následky na ňom pozorujete. Uveďte, kedy ste situáciu videli, odkedy alebo ako často sa opakuje a či ide o vaše osobné pozorovanie. Ak viete, doplňte meno vlastníka, držiteľa alebo osoby, ktorá so zvieraťom zaobchádza. Ak ide o internetový inzerát, video alebo príspevok, vložte odkaz. Oddeľte, čo ste videli osobne, od toho, čo ste sa dozvedeli od iných osôb.

Čo sa stalo, kedy a ako často sa to deje, aké podmienky alebo zranenia ste videli a ako ste sa o situácii dozvedeli…",RVPS,"Hospodárske zviera – ochrana zvierat, podmienky a evidencia chovu.",
TYR-017,Týrané / zanedbávané,Hospodárske zvieratá,,Koza,Samostatná vetva W02 pred W03. Zobrazí kontakt 158 iba pri akútnom podozrení na trestný čin týrania; copy W02 sa dopracuje osobitne. Po výsledku telefonátu používateľ pokračuje vo flow.,W01 → W03a/W03b → W04 → W06a/W06b → W11 → W24 → interné priradenie orgánu → návrh podnetu → schválenie adminom,"• Je alebo bolo fyzicky týrané – napr. bité, kopané, úmyselne zraňované alebo vystavené inému násilnému zaobchádzaniu
• Nemá dostatok vody alebo vhodnej potravy alebo je podvyživené
• Je zranené alebo choré a nedostáva potrebnú starostlivosť
• Je držané v špinavom, príliš malom, preplnenom alebo nebezpečnom priestore
• Je držané v tme, bez dostatočného vetrania alebo pri nevhodnej teplote
• Nemá primeranú ochranu pred nepriaznivým počasím
• Je opustené alebo ponechané bez potrebnej starostlivosti
","• Nútenie do práce napriek zraneniu alebo chorobe
• Dlhodobé držanie bez pohybu
• Bez primeraného prístrešku alebo vody
• Podozrenie na nelegálny alebo neevidovaný chov
• Kruté zaobchádzanie pri manipulácii, preprave alebo usmrcovaní
• Podozrenie na nelegálny alebo neevidovaný chov","Nestačí uviesť iba, že je zviera týrané. Opíšte konkrétne, čo sa so zvieraťom deje alebo dialo, v akých podmienkach je držané a aké následky na ňom pozorujete. Uveďte, kedy ste situáciu videli, odkedy alebo ako často sa opakuje a či ide o vaše osobné pozorovanie. Ak viete, doplňte meno vlastníka, držiteľa alebo osoby, ktorá so zvieraťom zaobchádza. Ak ide o internetový inzerát, video alebo príspevok, vložte odkaz. Oddeľte, čo ste videli osobne, od toho, čo ste sa dozvedeli od iných osôb.

Čo sa stalo, kedy a ako často sa to deje, aké podmienky alebo zranenia ste videli a ako ste sa o situácii dozvedeli…",RVPS,"Hospodárske zviera – ochrana zvierat, podmienky a evidencia chovu.",
TYR-018,Týrané / zanedbávané,Hospodárske zvieratá,,Prasa,Samostatná vetva W02 pred W03. Zobrazí kontakt 158 iba pri akútnom podozrení na trestný čin týrania; copy W02 sa dopracuje osobitne. Po výsledku telefonátu používateľ pokračuje vo flow.,W01 → W03a/W03b → W04 → W06a/W06b → W11 → W24 → interné priradenie orgánu → návrh podnetu → schválenie adminom,"• Je alebo bolo fyzicky týrané – napr. bité, kopané, úmyselne zraňované alebo vystavené inému násilnému zaobchádzaniu
• Nemá dostatok vody alebo vhodnej potravy alebo je podvyživené
• Je zranené alebo choré a nedostáva potrebnú starostlivosť
• Je držané v špinavom, príliš malom, preplnenom alebo nebezpečnom priestore
• Je držané v tme, bez dostatočného vetrania alebo pri nevhodnej teplote
• Nemá primeranú ochranu pred nepriaznivým počasím
• Je opustené alebo ponechané bez potrebnej starostlivosti
","• Nútenie do práce napriek zraneniu alebo chorobe
• Dlhodobé držanie bez pohybu
• Bez primeraného prístrešku alebo vody
• Podozrenie na nelegálny alebo neevidovaný chov
• Kruté zaobchádzanie pri manipulácii, preprave alebo usmrcovaní
• Podozrenie na nelegálny alebo neevidovaný chov","Nestačí uviesť iba, že je zviera týrané. Opíšte konkrétne, čo sa so zvieraťom deje alebo dialo, v akých podmienkach je držané a aké následky na ňom pozorujete. Uveďte, kedy ste situáciu videli, odkedy alebo ako často sa opakuje a či ide o vaše osobné pozorovanie. Ak viete, doplňte meno vlastníka, držiteľa alebo osoby, ktorá so zvieraťom zaobchádza. Ak ide o internetový inzerát, video alebo príspevok, vložte odkaz. Oddeľte, čo ste videli osobne, od toho, čo ste sa dozvedeli od iných osôb.

Čo sa stalo, kedy a ako často sa to deje, aké podmienky alebo zranenia ste videli a ako ste sa o situácii dozvedeli…",RVPS,"Hospodárske zviera – ochrana zvierat, podmienky a evidencia chovu.",
TYR-019,Týrané / zanedbávané,Hospodárske zvieratá,,Sliepka,Samostatná vetva W02 pred W03. Zobrazí kontakt 158 iba pri akútnom podozrení na trestný čin týrania; copy W02 sa dopracuje osobitne. Po výsledku telefonátu používateľ pokračuje vo flow.,W01 → W03a/W03b → W04 → W06a/W06b → W11 → W24 → interné priradenie orgánu → návrh podnetu → schválenie adminom,"• Je alebo bolo fyzicky týrané – napr. bité, kopané, úmyselne zraňované alebo vystavené inému násilnému zaobchádzaniu
• Nemá dostatok vody alebo vhodnej potravy alebo je podvyživené
• Je zranené alebo choré a nedostáva potrebnú starostlivosť
• Je držané v špinavom, príliš malom, preplnenom alebo nebezpečnom priestore
• Je držané v tme, bez dostatočného vetrania alebo pri nevhodnej teplote
• Nemá primeranú ochranu pred nepriaznivým počasím
• Je opustené alebo ponechané bez potrebnej starostlivosti
","• Nútenie do práce napriek zraneniu alebo chorobe
• Dlhodobé držanie bez pohybu
• Bez primeraného prístrešku alebo vody
• Podozrenie na nelegálny alebo neevidovaný chov
• Kruté zaobchádzanie pri manipulácii, preprave alebo usmrcovaní
• Podozrenie na nelegálny alebo neevidovaný chov","Nestačí uviesť iba, že je zviera týrané. Opíšte konkrétne, čo sa so zvieraťom deje alebo dialo, v akých podmienkach je držané a aké následky na ňom pozorujete. Uveďte, kedy ste situáciu videli, odkedy alebo ako často sa opakuje a či ide o vaše osobné pozorovanie. Ak viete, doplňte meno vlastníka, držiteľa alebo osoby, ktorá so zvieraťom zaobchádza. Ak ide o internetový inzerát, video alebo príspevok, vložte odkaz. Oddeľte, čo ste videli osobne, od toho, čo ste sa dozvedeli od iných osôb.

Čo sa stalo, kedy a ako často sa to deje, aké podmienky alebo zranenia ste videli a ako ste sa o situácii dozvedeli…",RVPS,"Hospodárske zviera – ochrana zvierat, podmienky a evidencia chovu.",
TYR-020,Týrané / zanedbávané,Hospodárske zvieratá,,Kačica,Samostatná vetva W02 pred W03. Zobrazí kontakt 158 iba pri akútnom podozrení na trestný čin týrania; copy W02 sa dopracuje osobitne. Po výsledku telefonátu používateľ pokračuje vo flow.,W01 → W03a/W03b → W04 → W06a/W06b → W11 → W24 → interné priradenie orgánu → návrh podnetu → schválenie adminom,"• Je alebo bolo fyzicky týrané – napr. bité, kopané, úmyselne zraňované alebo vystavené inému násilnému zaobchádzaniu
• Nemá dostatok vody alebo vhodnej potravy alebo je podvyživené
• Je zranené alebo choré a nedostáva potrebnú starostlivosť
• Je držané v špinavom, príliš malom, preplnenom alebo nebezpečnom priestore
• Je držané v tme, bez dostatočného vetrania alebo pri nevhodnej teplote
• Nemá primeranú ochranu pred nepriaznivým počasím
• Je opustené alebo ponechané bez potrebnej starostlivosti
","• Dlhodobé držanie bez pohybu
• Bez primeraného prístrešku alebo vody
• Podozrenie na nelegálny alebo neevidovaný chov
• Kruté zaobchádzanie pri manipulácii, preprave alebo usmrcovaní
• Podozrenie na nelegálny alebo neevidovaný chov","Nestačí uviesť iba, že je zviera týrané. Opíšte konkrétne, čo sa so zvieraťom deje alebo dialo, v akých podmienkach je držané a aké následky na ňom pozorujete. Uveďte, kedy ste situáciu videli, odkedy alebo ako často sa opakuje a či ide o vaše osobné pozorovanie. Ak viete, doplňte meno vlastníka, držiteľa alebo osoby, ktorá so zvieraťom zaobchádza. Ak ide o internetový inzerát, video alebo príspevok, vložte odkaz. Oddeľte, čo ste videli osobne, od toho, čo ste sa dozvedeli od iných osôb.

Čo sa stalo, kedy a ako často sa to deje, aké podmienky alebo zranenia ste videli a ako ste sa o situácii dozvedeli…",RVPS,"Hospodárske zviera – ochrana zvierat, podmienky a evidencia chovu.",
TYR-021,Týrané / zanedbávané,Hospodárske zvieratá,,Hus,Samostatná vetva W02 pred W03. Zobrazí kontakt 158 iba pri akútnom podozrení na trestný čin týrania; copy W02 sa dopracuje osobitne. Po výsledku telefonátu používateľ pokračuje vo flow.,W01 → W03a/W03b → W04 → W06a/W06b → W11 → W24 → interné priradenie orgánu → návrh podnetu → schválenie adminom,"• Je alebo bolo fyzicky týrané – napr. bité, kopané, úmyselne zraňované alebo vystavené inému násilnému zaobchádzaniu
• Nemá dostatok vody alebo vhodnej potravy alebo je podvyživené
• Je zranené alebo choré a nedostáva potrebnú starostlivosť
• Je držané v špinavom, príliš malom, preplnenom alebo nebezpečnom priestore
• Je držané v tme, bez dostatočného vetrania alebo pri nevhodnej teplote
• Nemá primeranú ochranu pred nepriaznivým počasím
• Je opustené alebo ponechané bez potrebnej starostlivosti
","• Dlhodobé držanie bez pohybu
• Bez primeraného prístrešku alebo vody
• Podozrenie na nelegálny alebo neevidovaný chov
• Kruté zaobchádzanie pri manipulácii, preprave alebo usmrcovaní
• Podozrenie na nelegálny alebo neevidovaný chov","Nestačí uviesť iba, že je zviera týrané. Opíšte konkrétne, čo sa so zvieraťom deje alebo dialo, v akých podmienkach je držané a aké následky na ňom pozorujete. Uveďte, kedy ste situáciu videli, odkedy alebo ako často sa opakuje a či ide o vaše osobné pozorovanie. Ak viete, doplňte meno vlastníka, držiteľa alebo osoby, ktorá so zvieraťom zaobchádza. Ak ide o internetový inzerát, video alebo príspevok, vložte odkaz. Oddeľte, čo ste videli osobne, od toho, čo ste sa dozvedeli od iných osôb.

Čo sa stalo, kedy a ako často sa to deje, aké podmienky alebo zranenia ste videli a ako ste sa o situácii dozvedeli…",RVPS,"Hospodárske zviera – ochrana zvierat, podmienky a evidencia chovu.",
TYR-022,Týrané / zanedbávané,Hospodárske zvieratá,,Morka,Samostatná vetva W02 pred W03. Zobrazí kontakt 158 iba pri akútnom podozrení na trestný čin týrania; copy W02 sa dopracuje osobitne. Po výsledku telefonátu používateľ pokračuje vo flow.,W01 → W03a/W03b → W04 → W06a/W06b → W11 → W24 → interné priradenie orgánu → návrh podnetu → schválenie adminom,"• Je alebo bolo fyzicky týrané – napr. bité, kopané, úmyselne zraňované alebo vystavené inému násilnému zaobchádzaniu
• Nemá dostatok vody alebo vhodnej potravy alebo je podvyživené
• Je zranené alebo choré a nedostáva potrebnú starostlivosť
• Je držané v špinavom, príliš malom, preplnenom alebo nebezpečnom priestore
• Je držané v tme, bez dostatočného vetrania alebo pri nevhodnej teplote
• Nemá primeranú ochranu pred nepriaznivým počasím
• Je opustené alebo ponechané bez potrebnej starostlivosti
","• Dlhodobé držanie bez pohybu
• Bez primeraného prístrešku alebo vody
• Podozrenie na nelegálny alebo neevidovaný chov
• Kruté zaobchádzanie pri manipulácii, preprave alebo usmrcovaní
• Podozrenie na nelegálny alebo neevidovaný chov","Nestačí uviesť iba, že je zviera týrané. Opíšte konkrétne, čo sa so zvieraťom deje alebo dialo, v akých podmienkach je držané a aké následky na ňom pozorujete. Uveďte, kedy ste situáciu videli, odkedy alebo ako často sa opakuje a či ide o vaše osobné pozorovanie. Ak viete, doplňte meno vlastníka, držiteľa alebo osoby, ktorá so zvieraťom zaobchádza. Ak ide o internetový inzerát, video alebo príspevok, vložte odkaz. Oddeľte, čo ste videli osobne, od toho, čo ste sa dozvedeli od iných osôb.

Čo sa stalo, kedy a ako často sa to deje, aké podmienky alebo zranenia ste videli a ako ste sa o situácii dozvedeli…",RVPS,"Hospodárske zviera – ochrana zvierat, podmienky a evidencia chovu.",
TYR-023,Týrané / zanedbávané,Hospodárske zvieratá,,Králik,Samostatná vetva W02 pred W03. Zobrazí kontakt 158 iba pri akútnom podozrení na trestný čin týrania; copy W02 sa dopracuje osobitne. Po výsledku telefonátu používateľ pokračuje vo flow.,W01 → W03a/W03b → W04 → W06a/W06b → W11 → W24 → interné priradenie orgánu → návrh podnetu → schválenie adminom,"• Je alebo bolo fyzicky týrané – napr. bité, kopané, úmyselne zraňované alebo vystavené inému násilnému zaobchádzaniu
• Nemá dostatok vody alebo vhodnej potravy alebo je podvyživené
• Je zranené alebo choré a nedostáva potrebnú starostlivosť
• Je držané v špinavom, príliš malom, preplnenom alebo nebezpečnom priestore
• Je držané v tme, bez dostatočného vetrania alebo pri nevhodnej teplote
• Nemá primeranú ochranu pred nepriaznivým počasím
• Je opustené alebo ponechané bez potrebnej starostlivosti
","• Dlhodobé držanie bez pohybu
• Bez primeraného prístrešku alebo vody
• Podozrenie na nelegálny alebo neevidovaný chov
• Kruté zaobchádzanie pri manipulácii, preprave alebo usmrcovaní
• Podozrenie na nelegálny alebo neevidovaný chov","Nestačí uviesť iba, že je zviera týrané. Opíšte konkrétne, čo sa so zvieraťom deje alebo dialo, v akých podmienkach je držané a aké následky na ňom pozorujete. Uveďte, kedy ste situáciu videli, odkedy alebo ako často sa opakuje a či ide o vaše osobné pozorovanie. Ak viete, doplňte meno vlastníka, držiteľa alebo osoby, ktorá so zvieraťom zaobchádza. Ak ide o internetový inzerát, video alebo príspevok, vložte odkaz. Oddeľte, čo ste videli osobne, od toho, čo ste sa dozvedeli od iných osôb.

Čo sa stalo, kedy a ako často sa to deje, aké podmienky alebo zranenia ste videli a ako ste sa o situácii dozvedeli…",RVPS,"Hospodárske zviera – ochrana zvierat, podmienky a evidencia chovu.",
TYR-024,Týrané / zanedbávané,Hospodárske zvieratá,,Holub,Samostatná vetva W02 pred W03. Zobrazí kontakt 158 iba pri akútnom podozrení na trestný čin týrania; copy W02 sa dopracuje osobitne. Po výsledku telefonátu používateľ pokračuje vo flow.,W01 → W03a/W03b → W04 → W06a/W06b → W11 → W24 → interné priradenie orgánu → návrh podnetu → schválenie adminom,"• Je alebo bolo fyzicky týrané – napr. bité, kopané, úmyselne zraňované alebo vystavené inému násilnému zaobchádzaniu
• Nemá dostatok vody alebo vhodnej potravy alebo je podvyživené
• Je zranené alebo choré a nedostáva potrebnú starostlivosť
• Je držané v špinavom, príliš malom, preplnenom alebo nebezpečnom priestore
• Je držané v tme, bez dostatočného vetrania alebo pri nevhodnej teplote
• Nemá primeranú ochranu pred nepriaznivým počasím
• Je opustené alebo ponechané bez potrebnej starostlivosti
","• Preplnené klietky alebo priestory
• Mokrá podstielka, výkaly alebo nedostatočné vetranie
• Zlomeniny a otvorené rany bez ošetrenia
• Uhynuté zvieratá ponechané medzi živými
• Kruté chytanie, preprava alebo usmrcovanie
• Podozrenie na nelegálny alebo neevidovaný chov","Nestačí uviesť iba, že je zviera týrané. Opíšte konkrétne, čo sa so zvieraťom deje alebo dialo, v akých podmienkach je držané a aké následky na ňom pozorujete. Uveďte, kedy ste situáciu videli, odkedy alebo ako často sa opakuje a či ide o vaše osobné pozorovanie. Ak viete, doplňte meno vlastníka, držiteľa alebo osoby, ktorá so zvieraťom zaobchádza. Ak ide o internetový inzerát, video alebo príspevok, vložte odkaz. Oddeľte, čo ste videli osobne, od toho, čo ste sa dozvedeli od iných osôb.

Čo sa stalo, kedy a ako často sa to deje, aké podmienky alebo zranenia ste videli a ako ste sa o situácii dozvedeli…",RVPS,"Hospodárske zviera – ochrana zvierat, podmienky a evidencia chovu.",
TYR-025,Týrané / zanedbávané,Hospodárske zvieratá,,Včely,Samostatná vetva W02 pred W03. Zobrazí kontakt 158 iba pri akútnom podozrení na trestný čin týrania; copy W02 sa dopracuje osobitne. Po výsledku telefonátu používateľ pokračuje vo flow.,W01 → W03a/W03b → W04 → W06a/W06b → W11 → W24 → interné priradenie orgánu → návrh podnetu → schválenie adminom,"• Je alebo bolo fyzicky týrané – napr. bité, kopané, úmyselne zraňované alebo vystavené inému násilnému zaobchádzaniu
• Nemá dostatok vody alebo vhodnej potravy alebo je podvyživené
• Je zranené alebo choré a nedostáva potrebnú starostlivosť
• Je držané v špinavom, príliš malom, preplnenom alebo nebezpečnom priestore
• Je držané v tme, bez dostatočného vetrania alebo pri nevhodnej teplote
• Nemá primeranú ochranu pred nepriaznivým počasím
• Je opustené alebo ponechané bez potrebnej starostlivosti
","• Úle alebo chov sú úmyselne poškodzované alebo ničené
• Podozrenie na otravu alebo nevhodné použitie chemických látok","Nestačí uviesť iba, že je zviera týrané. Opíšte konkrétne, čo sa so zvieraťom deje alebo dialo, v akých podmienkach je držané a aké následky na ňom pozorujete. Uveďte, kedy ste situáciu videli, odkedy alebo ako často sa opakuje a či ide o vaše osobné pozorovanie. Ak viete, doplňte meno vlastníka, držiteľa alebo osoby, ktorá so zvieraťom zaobchádza. Ak ide o internetový inzerát, video alebo príspevok, vložte odkaz. Oddeľte, čo ste videli osobne, od toho, čo ste sa dozvedeli od iných osôb.

Čo sa stalo, kedy a ako často sa to deje, aké podmienky alebo zranenia ste videli a ako ste sa o situácii dozvedeli…",RVPS,Chov včiel – predbežné veterinárne posúdenie; ďalší postup určí admin.,
TYR-026,Týrané / zanedbávané,Vtáky,Dravce,Orol,Samostatná vetva W02 pred W03. Zobrazí kontakt 158 iba pri akútnom podozrení na trestný čin týrania; copy W02 sa dopracuje osobitne. Po výsledku telefonátu používateľ pokračuje vo flow.,W01 → W03a/W03b → W04 → W06a/W06b → W11 → W24 → interné priradenie orgánu → návrh podnetu → schválenie adminom,"• Je alebo bolo fyzicky týrané – napr. bité, kopané, úmyselne zraňované alebo vystavené inému násilnému zaobchádzaniu
• Nemá dostatok vody alebo vhodnej potravy alebo je podvyživené
• Je zranené alebo choré a nedostáva potrebnú starostlivosť
• Je držané v špinavom, príliš malom, preplnenom alebo nebezpečnom priestore
• Je držané v tme, bez dostatočného vetrania alebo pri nevhodnej teplote
• Nemá primeranú ochranu pred nepriaznivým počasím
• Je opustené alebo ponechané bez potrebnej starostlivosti
","• Podozrenie na odobratie z voľnej prírody alebo z hniezda
• Podozrenie na chýbajúce povolenie, doklad o pôvode alebo označenie
• Nevhodné podmienky chovu alebo neliečené zranenie
• Je ponúkané na internete alebo na predaj","Nestačí uviesť iba, že je zviera týrané. Opíšte konkrétne, čo sa so zvieraťom deje alebo dialo, v akých podmienkach je držané a aké následky na ňom pozorujete. Uveďte, kedy ste situáciu videli, odkedy alebo ako často sa opakuje a či ide o vaše osobné pozorovanie. Ak viete, doplňte meno vlastníka, držiteľa alebo osoby, ktorá so zvieraťom zaobchádza. Ak ide o internetový inzerát, video alebo príspevok, vložte odkaz. Oddeľte, čo ste videli osobne, od toho, čo ste sa dozvedeli od iných osôb.

Čo sa stalo, kedy a ako často sa to deje, aké podmienky alebo zranenia ste videli a ako ste sa o situácii dozvedeli…",RVPS + SIŽP,"Voľne žijúci vták/chránený živočích – welfare RVPS, ochrana druhu a držba SIŽP.",
TYR-027,Týrané / zanedbávané,Vtáky,Dravce,Sokol,Samostatná vetva W02 pred W03. Zobrazí kontakt 158 iba pri akútnom podozrení na trestný čin týrania; copy W02 sa dopracuje osobitne. Po výsledku telefonátu používateľ pokračuje vo flow.,W01 → W03a/W03b → W04 → W06a/W06b → W11 → W24 → interné priradenie orgánu → návrh podnetu → schválenie adminom,"• Je alebo bolo fyzicky týrané – napr. bité, kopané, úmyselne zraňované alebo vystavené inému násilnému zaobchádzaniu
• Nemá dostatok vody alebo vhodnej potravy alebo je podvyživené
• Je zranené alebo choré a nedostáva potrebnú starostlivosť
• Je držané v špinavom, príliš malom, preplnenom alebo nebezpečnom priestore
• Je držané v tme, bez dostatočného vetrania alebo pri nevhodnej teplote
• Nemá primeranú ochranu pred nepriaznivým počasím
• Je opustené alebo ponechané bez potrebnej starostlivosti
","• Podozrenie na odobratie z voľnej prírody alebo z hniezda
• Podozrenie na chýbajúce povolenie, doklad o pôvode alebo označenie
• Nevhodné podmienky chovu alebo neliečené zranenie
• Je ponúkané na internete alebo na predaj","Nestačí uviesť iba, že je zviera týrané. Opíšte konkrétne, čo sa so zvieraťom deje alebo dialo, v akých podmienkach je držané a aké následky na ňom pozorujete. Uveďte, kedy ste situáciu videli, odkedy alebo ako často sa opakuje a či ide o vaše osobné pozorovanie. Ak viete, doplňte meno vlastníka, držiteľa alebo osoby, ktorá so zvieraťom zaobchádza. Ak ide o internetový inzerát, video alebo príspevok, vložte odkaz. Oddeľte, čo ste videli osobne, od toho, čo ste sa dozvedeli od iných osôb.

Čo sa stalo, kedy a ako často sa to deje, aké podmienky alebo zranenia ste videli a ako ste sa o situácii dozvedeli…",RVPS + SIŽP,"Voľne žijúci vták/chránený živočích – welfare RVPS, ochrana druhu a držba SIŽP.",
TYR-028,Týrané / zanedbávané,Vtáky,Dravce,Jastrab,Samostatná vetva W02 pred W03. Zobrazí kontakt 158 iba pri akútnom podozrení na trestný čin týrania; copy W02 sa dopracuje osobitne. Po výsledku telefonátu používateľ pokračuje vo flow.,W01 → W03a/W03b → W04 → W06a/W06b → W11 → W24 → interné priradenie orgánu → návrh podnetu → schválenie adminom,"• Je alebo bolo fyzicky týrané – napr. bité, kopané, úmyselne zraňované alebo vystavené inému násilnému zaobchádzaniu
• Nemá dostatok vody alebo vhodnej potravy alebo je podvyživené
• Je zranené alebo choré a nedostáva potrebnú starostlivosť
• Je držané v špinavom, príliš malom, preplnenom alebo nebezpečnom priestore
• Je držané v tme, bez dostatočného vetrania alebo pri nevhodnej teplote
• Nemá primeranú ochranu pred nepriaznivým počasím
• Je opustené alebo ponechané bez potrebnej starostlivosti
","• Podozrenie na odobratie z voľnej prírody alebo z hniezda
• Podozrenie na chýbajúce povolenie, doklad o pôvode alebo označenie
• Nevhodné podmienky chovu alebo neliečené zranenie
• Je ponúkané na internete alebo na predaj","Nestačí uviesť iba, že je zviera týrané. Opíšte konkrétne, čo sa so zvieraťom deje alebo dialo, v akých podmienkach je držané a aké následky na ňom pozorujete. Uveďte, kedy ste situáciu videli, odkedy alebo ako často sa opakuje a či ide o vaše osobné pozorovanie. Ak viete, doplňte meno vlastníka, držiteľa alebo osoby, ktorá so zvieraťom zaobchádza. Ak ide o internetový inzerát, video alebo príspevok, vložte odkaz. Oddeľte, čo ste videli osobne, od toho, čo ste sa dozvedeli od iných osôb.

Čo sa stalo, kedy a ako často sa to deje, aké podmienky alebo zranenia ste videli a ako ste sa o situácii dozvedeli…",RVPS + SIŽP,"Voľne žijúci vták/chránený živočích – welfare RVPS, ochrana druhu a držba SIŽP.",
TYR-029,Týrané / zanedbávané,Vtáky,Dravce,Myšiak,Samostatná vetva W02 pred W03. Zobrazí kontakt 158 iba pri akútnom podozrení na trestný čin týrania; copy W02 sa dopracuje osobitne. Po výsledku telefonátu používateľ pokračuje vo flow.,W01 → W03a/W03b → W04 → W06a/W06b → W11 → W24 → interné priradenie orgánu → návrh podnetu → schválenie adminom,"• Je alebo bolo fyzicky týrané – napr. bité, kopané, úmyselne zraňované alebo vystavené inému násilnému zaobchádzaniu
• Nemá dostatok vody alebo vhodnej potravy alebo je podvyživené
• Je zranené alebo choré a nedostáva potrebnú starostlivosť
• Je držané v špinavom, príliš malom, preplnenom alebo nebezpečnom priestore
• Je držané v tme, bez dostatočného vetrania alebo pri nevhodnej teplote
• Nemá primeranú ochranu pred nepriaznivým počasím
• Je opustené alebo ponechané bez potrebnej starostlivosti
","• Podozrenie na odobratie z voľnej prírody alebo z hniezda
• Podozrenie na chýbajúce povolenie, doklad o pôvode alebo označenie
• Nevhodné podmienky chovu alebo neliečené zranenie
• Je ponúkané na internete alebo na predaj","Nestačí uviesť iba, že je zviera týrané. Opíšte konkrétne, čo sa so zvieraťom deje alebo dialo, v akých podmienkach je držané a aké následky na ňom pozorujete. Uveďte, kedy ste situáciu videli, odkedy alebo ako často sa opakuje a či ide o vaše osobné pozorovanie. Ak viete, doplňte meno vlastníka, držiteľa alebo osoby, ktorá so zvieraťom zaobchádza. Ak ide o internetový inzerát, video alebo príspevok, vložte odkaz. Oddeľte, čo ste videli osobne, od toho, čo ste sa dozvedeli od iných osôb.

Čo sa stalo, kedy a ako často sa to deje, aké podmienky alebo zranenia ste videli a ako ste sa o situácii dozvedeli…",RVPS + SIŽP,"Voľne žijúci vták/chránený živočích – welfare RVPS, ochrana druhu a držba SIŽP.",
TYR-030,Týrané / zanedbávané,Vtáky,Dravce,Haja,Samostatná vetva W02 pred W03. Zobrazí kontakt 158 iba pri akútnom podozrení na trestný čin týrania; copy W02 sa dopracuje osobitne. Po výsledku telefonátu používateľ pokračuje vo flow.,W01 → W03a/W03b → W04 → W06a/W06b → W11 → W24 → interné priradenie orgánu → návrh podnetu → schválenie adminom,"• Je alebo bolo fyzicky týrané – napr. bité, kopané, úmyselne zraňované alebo vystavené inému násilnému zaobchádzaniu
• Nemá dostatok vody alebo vhodnej potravy alebo je podvyživené
• Je zranené alebo choré a nedostáva potrebnú starostlivosť
• Je držané v špinavom, príliš malom, preplnenom alebo nebezpečnom priestore
• Je držané v tme, bez dostatočného vetrania alebo pri nevhodnej teplote
• Nemá primeranú ochranu pred nepriaznivým počasím
• Je opustené alebo ponechané bez potrebnej starostlivosti
","• Podozrenie na odobratie z voľnej prírody alebo z hniezda
• Podozrenie na chýbajúce povolenie, doklad o pôvode alebo označenie
• Nevhodné podmienky chovu alebo neliečené zranenie
• Je ponúkané na internete alebo na predaj","Nestačí uviesť iba, že je zviera týrané. Opíšte konkrétne, čo sa so zvieraťom deje alebo dialo, v akých podmienkach je držané a aké následky na ňom pozorujete. Uveďte, kedy ste situáciu videli, odkedy alebo ako často sa opakuje a či ide o vaše osobné pozorovanie. Ak viete, doplňte meno vlastníka, držiteľa alebo osoby, ktorá so zvieraťom zaobchádza. Ak ide o internetový inzerát, video alebo príspevok, vložte odkaz. Oddeľte, čo ste videli osobne, od toho, čo ste sa dozvedeli od iných osôb.

Čo sa stalo, kedy a ako často sa to deje, aké podmienky alebo zranenia ste videli a ako ste sa o situácii dozvedeli…",RVPS + SIŽP,"Voľne žijúci vták/chránený živočích – welfare RVPS, ochrana druhu a držba SIŽP.",
TYR-031,Týrané / zanedbávané,Vtáky,Dravce,Kaňa,Samostatná vetva W02 pred W03. Zobrazí kontakt 158 iba pri akútnom podozrení na trestný čin týrania; copy W02 sa dopracuje osobitne. Po výsledku telefonátu používateľ pokračuje vo flow.,W01 → W03a/W03b → W04 → W06a/W06b → W11 → W24 → interné priradenie orgánu → návrh podnetu → schválenie adminom,"• Je alebo bolo fyzicky týrané – napr. bité, kopané, úmyselne zraňované alebo vystavené inému násilnému zaobchádzaniu
• Nemá dostatok vody alebo vhodnej potravy alebo je podvyživené
• Je zranené alebo choré a nedostáva potrebnú starostlivosť
• Je držané v špinavom, príliš malom, preplnenom alebo nebezpečnom priestore
• Je držané v tme, bez dostatočného vetrania alebo pri nevhodnej teplote
• Nemá primeranú ochranu pred nepriaznivým počasím
• Je opustené alebo ponechané bez potrebnej starostlivosti
","• Podozrenie na odobratie z voľnej prírody alebo z hniezda
• Podozrenie na chýbajúce povolenie, doklad o pôvode alebo označenie
• Nevhodné podmienky chovu alebo neliečené zranenie
• Je ponúkané na internete alebo na predaj","Nestačí uviesť iba, že je zviera týrané. Opíšte konkrétne, čo sa so zvieraťom deje alebo dialo, v akých podmienkach je držané a aké následky na ňom pozorujete. Uveďte, kedy ste situáciu videli, odkedy alebo ako často sa opakuje a či ide o vaše osobné pozorovanie. Ak viete, doplňte meno vlastníka, držiteľa alebo osoby, ktorá so zvieraťom zaobchádza. Ak ide o internetový inzerát, video alebo príspevok, vložte odkaz. Oddeľte, čo ste videli osobne, od toho, čo ste sa dozvedeli od iných osôb.

Čo sa stalo, kedy a ako často sa to deje, aké podmienky alebo zranenia ste videli a ako ste sa o situácii dozvedeli…",RVPS + SIŽP,"Voľne žijúci vták/chránený živočích – welfare RVPS, ochrana druhu a držba SIŽP.",
TYR-032,Týrané / zanedbávané,Vtáky,Sovy,Sova,Samostatná vetva W02 pred W03. Zobrazí kontakt 158 iba pri akútnom podozrení na trestný čin týrania; copy W02 sa dopracuje osobitne. Po výsledku telefonátu používateľ pokračuje vo flow.,W01 → W03a/W03b → W04 → W06a/W06b → W11 → W24 → interné priradenie orgánu → návrh podnetu → schválenie adminom,"• Je alebo bolo fyzicky týrané – napr. bité, kopané, úmyselne zraňované alebo vystavené inému násilnému zaobchádzaniu
• Nemá dostatok vody alebo vhodnej potravy alebo je podvyživené
• Je zranené alebo choré a nedostáva potrebnú starostlivosť
• Je držané v špinavom, príliš malom, preplnenom alebo nebezpečnom priestore
• Je držané v tme, bez dostatočného vetrania alebo pri nevhodnej teplote
• Nemá primeranú ochranu pred nepriaznivým počasím
• Je opustené alebo ponechané bez potrebnej starostlivosti
","• Podozrenie na odobratie z voľnej prírody alebo z hniezda
• Podozrenie na chýbajúce povolenie, doklad o pôvode alebo označenie
• Nevhodné podmienky chovu alebo neliečené zranenie
• Je ponúkané na internete alebo na predaj","Nestačí uviesť iba, že je zviera týrané. Opíšte konkrétne, čo sa so zvieraťom deje alebo dialo, v akých podmienkach je držané a aké následky na ňom pozorujete. Uveďte, kedy ste situáciu videli, odkedy alebo ako často sa opakuje a či ide o vaše osobné pozorovanie. Ak viete, doplňte meno vlastníka, držiteľa alebo osoby, ktorá so zvieraťom zaobchádza. Ak ide o internetový inzerát, video alebo príspevok, vložte odkaz. Oddeľte, čo ste videli osobne, od toho, čo ste sa dozvedeli od iných osôb.

Čo sa stalo, kedy a ako často sa to deje, aké podmienky alebo zranenia ste videli a ako ste sa o situácii dozvedeli…",RVPS + SIŽP,"Voľne žijúci vták/chránený živočích – welfare RVPS, ochrana druhu a držba SIŽP.",
TYR-033,Týrané / zanedbávané,Vtáky,Sovy,Výr,Samostatná vetva W02 pred W03. Zobrazí kontakt 158 iba pri akútnom podozrení na trestný čin týrania; copy W02 sa dopracuje osobitne. Po výsledku telefonátu používateľ pokračuje vo flow.,W01 → W03a/W03b → W04 → W06a/W06b → W11 → W24 → interné priradenie orgánu → návrh podnetu → schválenie adminom,"• Je alebo bolo fyzicky týrané – napr. bité, kopané, úmyselne zraňované alebo vystavené inému násilnému zaobchádzaniu
• Nemá dostatok vody alebo vhodnej potravy alebo je podvyživené
• Je zranené alebo choré a nedostáva potrebnú starostlivosť
• Je držané v špinavom, príliš malom, preplnenom alebo nebezpečnom priestore
• Je držané v tme, bez dostatočného vetrania alebo pri nevhodnej teplote
• Nemá primeranú ochranu pred nepriaznivým počasím
• Je opustené alebo ponechané bez potrebnej starostlivosti
","• Podozrenie na odobratie z voľnej prírody alebo z hniezda
• Podozrenie na chýbajúce povolenie, doklad o pôvode alebo označenie
• Nevhodné podmienky chovu alebo neliečené zranenie
• Je ponúkané na internete alebo na predaj","Nestačí uviesť iba, že je zviera týrané. Opíšte konkrétne, čo sa so zvieraťom deje alebo dialo, v akých podmienkach je držané a aké následky na ňom pozorujete. Uveďte, kedy ste situáciu videli, odkedy alebo ako často sa opakuje a či ide o vaše osobné pozorovanie. Ak viete, doplňte meno vlastníka, držiteľa alebo osoby, ktorá so zvieraťom zaobchádza. Ak ide o internetový inzerát, video alebo príspevok, vložte odkaz. Oddeľte, čo ste videli osobne, od toho, čo ste sa dozvedeli od iných osôb.

Čo sa stalo, kedy a ako často sa to deje, aké podmienky alebo zranenia ste videli a ako ste sa o situácii dozvedeli…",RVPS + SIŽP,"Voľne žijúci vták/chránený živočích – welfare RVPS, ochrana druhu a držba SIŽP.",
TYR-034,Týrané / zanedbávané,Vtáky,Sovy,Kuvik,Samostatná vetva W02 pred W03. Zobrazí kontakt 158 iba pri akútnom podozrení na trestný čin týrania; copy W02 sa dopracuje osobitne. Po výsledku telefonátu používateľ pokračuje vo flow.,W01 → W03a/W03b → W04 → W06a/W06b → W11 → W24 → interné priradenie orgánu → návrh podnetu → schválenie adminom,"• Je alebo bolo fyzicky týrané – napr. bité, kopané, úmyselne zraňované alebo vystavené inému násilnému zaobchádzaniu
• Nemá dostatok vody alebo vhodnej potravy alebo je podvyživené
• Je zranené alebo choré a nedostáva potrebnú starostlivosť
• Je držané v špinavom, príliš malom, preplnenom alebo nebezpečnom priestore
• Je držané v tme, bez dostatočného vetrania alebo pri nevhodnej teplote
• Nemá primeranú ochranu pred nepriaznivým počasím
• Je opustené alebo ponechané bez potrebnej starostlivosti
","• Podozrenie na odobratie z voľnej prírody alebo z hniezda
• Podozrenie na chýbajúce povolenie, doklad o pôvode alebo označenie
• Nevhodné podmienky chovu alebo neliečené zranenie
• Je ponúkané na internete alebo na predaj","Nestačí uviesť iba, že je zviera týrané. Opíšte konkrétne, čo sa so zvieraťom deje alebo dialo, v akých podmienkach je držané a aké následky na ňom pozorujete. Uveďte, kedy ste situáciu videli, odkedy alebo ako často sa opakuje a či ide o vaše osobné pozorovanie. Ak viete, doplňte meno vlastníka, držiteľa alebo osoby, ktorá so zvieraťom zaobchádza. Ak ide o internetový inzerát, video alebo príspevok, vložte odkaz. Oddeľte, čo ste videli osobne, od toho, čo ste sa dozvedeli od iných osôb.

Čo sa stalo, kedy a ako často sa to deje, aké podmienky alebo zranenia ste videli a ako ste sa o situácii dozvedeli…",RVPS + SIŽP,"Voľne žijúci vták/chránený živočích – welfare RVPS, ochrana druhu a držba SIŽP.",
TYR-035,Týrané / zanedbávané,Vtáky,Sovy,Myšiarka,Samostatná vetva W02 pred W03. Zobrazí kontakt 158 iba pri akútnom podozrení na trestný čin týrania; copy W02 sa dopracuje osobitne. Po výsledku telefonátu používateľ pokračuje vo flow.,W01 → W03a/W03b → W04 → W06a/W06b → W11 → W24 → interné priradenie orgánu → návrh podnetu → schválenie adminom,"• Je alebo bolo fyzicky týrané – napr. bité, kopané, úmyselne zraňované alebo vystavené inému násilnému zaobchádzaniu
• Nemá dostatok vody alebo vhodnej potravy alebo je podvyživené
• Je zranené alebo choré a nedostáva potrebnú starostlivosť
• Je držané v špinavom, príliš malom, preplnenom alebo nebezpečnom priestore
• Je držané v tme, bez dostatočného vetrania alebo pri nevhodnej teplote
• Nemá primeranú ochranu pred nepriaznivým počasím
• Je opustené alebo ponechané bez potrebnej starostlivosti
","• Podozrenie na odobratie z voľnej prírody alebo z hniezda
• Podozrenie na chýbajúce povolenie, doklad o pôvode alebo označenie
• Nevhodné podmienky chovu alebo neliečené zranenie
• Je ponúkané na internete alebo na predaj","Nestačí uviesť iba, že je zviera týrané. Opíšte konkrétne, čo sa so zvieraťom deje alebo dialo, v akých podmienkach je držané a aké následky na ňom pozorujete. Uveďte, kedy ste situáciu videli, odkedy alebo ako často sa opakuje a či ide o vaše osobné pozorovanie. Ak viete, doplňte meno vlastníka, držiteľa alebo osoby, ktorá so zvieraťom zaobchádza. Ak ide o internetový inzerát, video alebo príspevok, vložte odkaz. Oddeľte, čo ste videli osobne, od toho, čo ste sa dozvedeli od iných osôb.

Čo sa stalo, kedy a ako často sa to deje, aké podmienky alebo zranenia ste videli a ako ste sa o situácii dozvedeli…",RVPS + SIŽP,"Voľne žijúci vták/chránený živočích – welfare RVPS, ochrana druhu a držba SIŽP.",
TYR-036,Týrané / zanedbávané,Vtáky,Sovy,Plamienka,Samostatná vetva W02 pred W03. Zobrazí kontakt 158 iba pri akútnom podozrení na trestný čin týrania; copy W02 sa dopracuje osobitne. Po výsledku telefonátu používateľ pokračuje vo flow.,W01 → W03a/W03b → W04 → W06a/W06b → W11 → W24 → interné priradenie orgánu → návrh podnetu → schválenie adminom,"• Je alebo bolo fyzicky týrané – napr. bité, kopané, úmyselne zraňované alebo vystavené inému násilnému zaobchádzaniu
• Nemá dostatok vody alebo vhodnej potravy alebo je podvyživené
• Je zranené alebo choré a nedostáva potrebnú starostlivosť
• Je držané v špinavom, príliš malom, preplnenom alebo nebezpečnom priestore
• Je držané v tme, bez dostatočného vetrania alebo pri nevhodnej teplote
• Nemá primeranú ochranu pred nepriaznivým počasím
• Je opustené alebo ponechané bez potrebnej starostlivosti
","• Podozrenie na odobratie z voľnej prírody alebo z hniezda
• Podozrenie na chýbajúce povolenie, doklad o pôvode alebo označenie
• Nevhodné podmienky chovu alebo neliečené zranenie
• Je ponúkané na internete alebo na predaj","Nestačí uviesť iba, že je zviera týrané. Opíšte konkrétne, čo sa so zvieraťom deje alebo dialo, v akých podmienkach je držané a aké následky na ňom pozorujete. Uveďte, kedy ste situáciu videli, odkedy alebo ako často sa opakuje a či ide o vaše osobné pozorovanie. Ak viete, doplňte meno vlastníka, držiteľa alebo osoby, ktorá so zvieraťom zaobchádza. Ak ide o internetový inzerát, video alebo príspevok, vložte odkaz. Oddeľte, čo ste videli osobne, od toho, čo ste sa dozvedeli od iných osôb.

Čo sa stalo, kedy a ako často sa to deje, aké podmienky alebo zranenia ste videli a ako ste sa o situácii dozvedeli…",RVPS + SIŽP,"Voľne žijúci vták/chránený živočích – welfare RVPS, ochrana druhu a držba SIŽP.",
TYR-037,Týrané / zanedbávané,Vtáky,Krkavcovité vtáky,Vrana,Samostatná vetva W02 pred W03. Zobrazí kontakt 158 iba pri akútnom podozrení na trestný čin týrania; copy W02 sa dopracuje osobitne. Po výsledku telefonátu používateľ pokračuje vo flow.,W01 → W03a/W03b → W04 → W06a/W06b → W11 → W24 → interné priradenie orgánu → návrh podnetu → schválenie adminom,"• Je alebo bolo fyzicky týrané – napr. bité, kopané, úmyselne zraňované alebo vystavené inému násilnému zaobchádzaniu
• Nemá dostatok vody alebo vhodnej potravy alebo je podvyživené
• Je zranené alebo choré a nedostáva potrebnú starostlivosť
• Je držané v špinavom, príliš malom, preplnenom alebo nebezpečnom priestore
• Je držané v tme, bez dostatočného vetrania alebo pri nevhodnej teplote
• Nemá primeranú ochranu pred nepriaznivým počasím
• Je opustené alebo ponechané bez potrebnej starostlivosti
","• Podozrenie na odobratie z voľnej prírody alebo z hniezda
• Podozrenie na chýbajúce povolenie, doklad o pôvode alebo označenie
• Nevhodné podmienky chovu alebo neliečené zranenie
• Je ponúkané na internete alebo na predaj","Nestačí uviesť iba, že je zviera týrané. Opíšte konkrétne, čo sa so zvieraťom deje alebo dialo, v akých podmienkach je držané a aké následky na ňom pozorujete. Uveďte, kedy ste situáciu videli, odkedy alebo ako často sa opakuje a či ide o vaše osobné pozorovanie. Ak viete, doplňte meno vlastníka, držiteľa alebo osoby, ktorá so zvieraťom zaobchádza. Ak ide o internetový inzerát, video alebo príspevok, vložte odkaz. Oddeľte, čo ste videli osobne, od toho, čo ste sa dozvedeli od iných osôb.

Čo sa stalo, kedy a ako často sa to deje, aké podmienky alebo zranenia ste videli a ako ste sa o situácii dozvedeli…",RVPS + SIŽP,"Voľne žijúci vták/chránený živočích – welfare RVPS, ochrana druhu a držba SIŽP.",
TYR-038,Týrané / zanedbávané,Vtáky,Krkavcovité vtáky,Havran,Samostatná vetva W02 pred W03. Zobrazí kontakt 158 iba pri akútnom podozrení na trestný čin týrania; copy W02 sa dopracuje osobitne. Po výsledku telefonátu používateľ pokračuje vo flow.,W01 → W03a/W03b → W04 → W06a/W06b → W11 → W24 → interné priradenie orgánu → návrh podnetu → schválenie adminom,"• Je alebo bolo fyzicky týrané – napr. bité, kopané, úmyselne zraňované alebo vystavené inému násilnému zaobchádzaniu
• Nemá dostatok vody alebo vhodnej potravy alebo je podvyživené
• Je zranené alebo choré a nedostáva potrebnú starostlivosť
• Je držané v špinavom, príliš malom, preplnenom alebo nebezpečnom priestore
• Je držané v tme, bez dostatočného vetrania alebo pri nevhodnej teplote
• Nemá primeranú ochranu pred nepriaznivým počasím
• Je opustené alebo ponechané bez potrebnej starostlivosti
","• Podozrenie na odobratie z voľnej prírody alebo z hniezda
• Podozrenie na chýbajúce povolenie, doklad o pôvode alebo označenie
• Nevhodné podmienky chovu alebo neliečené zranenie
• Je ponúkané na internete alebo na predaj","Nestačí uviesť iba, že je zviera týrané. Opíšte konkrétne, čo sa so zvieraťom deje alebo dialo, v akých podmienkach je držané a aké následky na ňom pozorujete. Uveďte, kedy ste situáciu videli, odkedy alebo ako často sa opakuje a či ide o vaše osobné pozorovanie. Ak viete, doplňte meno vlastníka, držiteľa alebo osoby, ktorá so zvieraťom zaobchádza. Ak ide o internetový inzerát, video alebo príspevok, vložte odkaz. Oddeľte, čo ste videli osobne, od toho, čo ste sa dozvedeli od iných osôb.

Čo sa stalo, kedy a ako často sa to deje, aké podmienky alebo zranenia ste videli a ako ste sa o situácii dozvedeli…",RVPS + SIŽP,"Voľne žijúci vták/chránený živočích – welfare RVPS, ochrana druhu a držba SIŽP.",
TYR-039,Týrané / zanedbávané,Vtáky,Krkavcovité vtáky,Krkavec,Samostatná vetva W02 pred W03. Zobrazí kontakt 158 iba pri akútnom podozrení na trestný čin týrania; copy W02 sa dopracuje osobitne. Po výsledku telefonátu používateľ pokračuje vo flow.,W01 → W03a/W03b → W04 → W06a/W06b → W11 → W24 → interné priradenie orgánu → návrh podnetu → schválenie adminom,"• Je alebo bolo fyzicky týrané – napr. bité, kopané, úmyselne zraňované alebo vystavené inému násilnému zaobchádzaniu
• Nemá dostatok vody alebo vhodnej potravy alebo je podvyživené
• Je zranené alebo choré a nedostáva potrebnú starostlivosť
• Je držané v špinavom, príliš malom, preplnenom alebo nebezpečnom priestore
• Je držané v tme, bez dostatočného vetrania alebo pri nevhodnej teplote
• Nemá primeranú ochranu pred nepriaznivým počasím
• Je opustené alebo ponechané bez potrebnej starostlivosti
","• Podozrenie na odobratie z voľnej prírody alebo z hniezda
• Podozrenie na chýbajúce povolenie, doklad o pôvode alebo označenie
• Nevhodné podmienky chovu alebo neliečené zranenie
• Je ponúkané na internete alebo na predaj","Nestačí uviesť iba, že je zviera týrané. Opíšte konkrétne, čo sa so zvieraťom deje alebo dialo, v akých podmienkach je držané a aké následky na ňom pozorujete. Uveďte, kedy ste situáciu videli, odkedy alebo ako často sa opakuje a či ide o vaše osobné pozorovanie. Ak viete, doplňte meno vlastníka, držiteľa alebo osoby, ktorá so zvieraťom zaobchádza. Ak ide o internetový inzerát, video alebo príspevok, vložte odkaz. Oddeľte, čo ste videli osobne, od toho, čo ste sa dozvedeli od iných osôb.

Čo sa stalo, kedy a ako často sa to deje, aké podmienky alebo zranenia ste videli a ako ste sa o situácii dozvedeli…",RVPS + SIŽP,"Voľne žijúci vták/chránený živočích – welfare RVPS, ochrana druhu a držba SIŽP.",
TYR-040,Týrané / zanedbávané,Vtáky,Krkavcovité vtáky,Straka,Samostatná vetva W02 pred W03. Zobrazí kontakt 158 iba pri akútnom podozrení na trestný čin týrania; copy W02 sa dopracuje osobitne. Po výsledku telefonátu používateľ pokračuje vo flow.,W01 → W03a/W03b → W04 → W06a/W06b → W11 → W24 → interné priradenie orgánu → návrh podnetu → schválenie adminom,"• Je alebo bolo fyzicky týrané – napr. bité, kopané, úmyselne zraňované alebo vystavené inému násilnému zaobchádzaniu
• Nemá dostatok vody alebo vhodnej potravy alebo je podvyživené
• Je zranené alebo choré a nedostáva potrebnú starostlivosť
• Je držané v špinavom, príliš malom, preplnenom alebo nebezpečnom priestore
• Je držané v tme, bez dostatočného vetrania alebo pri nevhodnej teplote
• Nemá primeranú ochranu pred nepriaznivým počasím
• Je opustené alebo ponechané bez potrebnej starostlivosti
","• Podozrenie na odobratie z voľnej prírody alebo z hniezda
• Podozrenie na chýbajúce povolenie, doklad o pôvode alebo označenie
• Nevhodné podmienky chovu alebo neliečené zranenie
• Je ponúkané na internete alebo na predaj","Nestačí uviesť iba, že je zviera týrané. Opíšte konkrétne, čo sa so zvieraťom deje alebo dialo, v akých podmienkach je držané a aké následky na ňom pozorujete. Uveďte, kedy ste situáciu videli, odkedy alebo ako často sa opakuje a či ide o vaše osobné pozorovanie. Ak viete, doplňte meno vlastníka, držiteľa alebo osoby, ktorá so zvieraťom zaobchádza. Ak ide o internetový inzerát, video alebo príspevok, vložte odkaz. Oddeľte, čo ste videli osobne, od toho, čo ste sa dozvedeli od iných osôb.

Čo sa stalo, kedy a ako často sa to deje, aké podmienky alebo zranenia ste videli a ako ste sa o situácii dozvedeli…",RVPS + SIŽP,"Voľne žijúci vták/chránený živočích – welfare RVPS, ochrana druhu a držba SIŽP.",
TYR-041,Týrané / zanedbávané,Vtáky,Krkavcovité vtáky,Sojka,Samostatná vetva W02 pred W03. Zobrazí kontakt 158 iba pri akútnom podozrení na trestný čin týrania; copy W02 sa dopracuje osobitne. Po výsledku telefonátu používateľ pokračuje vo flow.,W01 → W03a/W03b → W04 → W06a/W06b → W11 → W24 → interné priradenie orgánu → návrh podnetu → schválenie adminom,"• Je alebo bolo fyzicky týrané – napr. bité, kopané, úmyselne zraňované alebo vystavené inému násilnému zaobchádzaniu
• Nemá dostatok vody alebo vhodnej potravy alebo je podvyživené
• Je zranené alebo choré a nedostáva potrebnú starostlivosť
• Je držané v špinavom, príliš malom, preplnenom alebo nebezpečnom priestore
• Je držané v tme, bez dostatočného vetrania alebo pri nevhodnej teplote
• Nemá primeranú ochranu pred nepriaznivým počasím
• Je opustené alebo ponechané bez potrebnej starostlivosti
","• Podozrenie na odobratie z voľnej prírody alebo z hniezda
• Podozrenie na chýbajúce povolenie, doklad o pôvode alebo označenie
• Nevhodné podmienky chovu alebo neliečené zranenie
• Je ponúkané na internete alebo na predaj","Nestačí uviesť iba, že je zviera týrané. Opíšte konkrétne, čo sa so zvieraťom deje alebo dialo, v akých podmienkach je držané a aké následky na ňom pozorujete. Uveďte, kedy ste situáciu videli, odkedy alebo ako často sa opakuje a či ide o vaše osobné pozorovanie. Ak viete, doplňte meno vlastníka, držiteľa alebo osoby, ktorá so zvieraťom zaobchádza. Ak ide o internetový inzerát, video alebo príspevok, vložte odkaz. Oddeľte, čo ste videli osobne, od toho, čo ste sa dozvedeli od iných osôb.

Čo sa stalo, kedy a ako často sa to deje, aké podmienky alebo zranenia ste videli a ako ste sa o situácii dozvedeli…",RVPS + SIŽP,"Voľne žijúci vták/chránený živočích – welfare RVPS, ochrana druhu a držba SIŽP.",
TYR-042,Týrané / zanedbávané,Vtáky,Krkavcovité vtáky,Kavka,Samostatná vetva W02 pred W03. Zobrazí kontakt 158 iba pri akútnom podozrení na trestný čin týrania; copy W02 sa dopracuje osobitne. Po výsledku telefonátu používateľ pokračuje vo flow.,W01 → W03a/W03b → W04 → W06a/W06b → W11 → W24 → interné priradenie orgánu → návrh podnetu → schválenie adminom,"• Je alebo bolo fyzicky týrané – napr. bité, kopané, úmyselne zraňované alebo vystavené inému násilnému zaobchádzaniu
• Nemá dostatok vody alebo vhodnej potravy alebo je podvyživené
• Je zranené alebo choré a nedostáva potrebnú starostlivosť
• Je držané v špinavom, príliš malom, preplnenom alebo nebezpečnom priestore
• Je držané v tme, bez dostatočného vetrania alebo pri nevhodnej teplote
• Nemá primeranú ochranu pred nepriaznivým počasím
• Je opustené alebo ponechané bez potrebnej starostlivosti
","• Podozrenie na odobratie z voľnej prírody alebo z hniezda
• Podozrenie na chýbajúce povolenie, doklad o pôvode alebo označenie
• Nevhodné podmienky chovu alebo neliečené zranenie
• Je ponúkané na internete alebo na predaj","Nestačí uviesť iba, že je zviera týrané. Opíšte konkrétne, čo sa so zvieraťom deje alebo dialo, v akých podmienkach je držané a aké následky na ňom pozorujete. Uveďte, kedy ste situáciu videli, odkedy alebo ako často sa opakuje a či ide o vaše osobné pozorovanie. Ak viete, doplňte meno vlastníka, držiteľa alebo osoby, ktorá so zvieraťom zaobchádza. Ak ide o internetový inzerát, video alebo príspevok, vložte odkaz. Oddeľte, čo ste videli osobne, od toho, čo ste sa dozvedeli od iných osôb.

Čo sa stalo, kedy a ako často sa to deje, aké podmienky alebo zranenia ste videli a ako ste sa o situácii dozvedeli…",RVPS + SIŽP,"Voľne žijúci vták/chránený živočích – welfare RVPS, ochrana druhu a držba SIŽP.",
TYR-043,Týrané / zanedbávané,Vtáky,Vodné vtáky,Labuť,Samostatná vetva W02 pred W03. Zobrazí kontakt 158 iba pri akútnom podozrení na trestný čin týrania; copy W02 sa dopracuje osobitne. Po výsledku telefonátu používateľ pokračuje vo flow.,W01 → W03a/W03b → W04 → W06a/W06b → W11 → W24 → interné priradenie orgánu → návrh podnetu → schválenie adminom,"• Je alebo bolo fyzicky týrané – napr. bité, kopané, úmyselne zraňované alebo vystavené inému násilnému zaobchádzaniu
• Nemá dostatok vody alebo vhodnej potravy alebo je podvyživené
• Je zranené alebo choré a nedostáva potrebnú starostlivosť
• Je držané v špinavom, príliš malom, preplnenom alebo nebezpečnom priestore
• Je držané v tme, bez dostatočného vetrania alebo pri nevhodnej teplote
• Nemá primeranú ochranu pred nepriaznivým počasím
• Je opustené alebo ponechané bez potrebnej starostlivosti
","• Podozrenie na odobratie z voľnej prírody alebo z hniezda
• Podozrenie na chýbajúce povolenie, doklad o pôvode alebo označenie
• Nevhodné podmienky chovu alebo neliečené zranenie
• Je ponúkané na internete alebo na predaj","Nestačí uviesť iba, že je zviera týrané. Opíšte konkrétne, čo sa so zvieraťom deje alebo dialo, v akých podmienkach je držané a aké následky na ňom pozorujete. Uveďte, kedy ste situáciu videli, odkedy alebo ako často sa opakuje a či ide o vaše osobné pozorovanie. Ak viete, doplňte meno vlastníka, držiteľa alebo osoby, ktorá so zvieraťom zaobchádza. Ak ide o internetový inzerát, video alebo príspevok, vložte odkaz. Oddeľte, čo ste videli osobne, od toho, čo ste sa dozvedeli od iných osôb.

Čo sa stalo, kedy a ako často sa to deje, aké podmienky alebo zranenia ste videli a ako ste sa o situácii dozvedeli…",RVPS + SIŽP,"Voľne žijúci vták/chránený živočích – welfare RVPS, ochrana druhu a držba SIŽP.",
TYR-044,Týrané / zanedbávané,Vtáky,Vodné vtáky,Kačica,Samostatná vetva W02 pred W03. Zobrazí kontakt 158 iba pri akútnom podozrení na trestný čin týrania; copy W02 sa dopracuje osobitne. Po výsledku telefonátu používateľ pokračuje vo flow.,W01 → W03a/W03b → W04 → W06a/W06b → W11 → W24 → interné priradenie orgánu → návrh podnetu → schválenie adminom,"• Je alebo bolo fyzicky týrané – napr. bité, kopané, úmyselne zraňované alebo vystavené inému násilnému zaobchádzaniu
• Nemá dostatok vody alebo vhodnej potravy alebo je podvyživené
• Je zranené alebo choré a nedostáva potrebnú starostlivosť
• Je držané v špinavom, príliš malom, preplnenom alebo nebezpečnom priestore
• Je držané v tme, bez dostatočného vetrania alebo pri nevhodnej teplote
• Nemá primeranú ochranu pred nepriaznivým počasím
• Je opustené alebo ponechané bez potrebnej starostlivosti
","• Podozrenie na odobratie z voľnej prírody alebo z hniezda
• Podozrenie na chýbajúce povolenie, doklad o pôvode alebo označenie
• Nevhodné podmienky chovu alebo neliečené zranenie
• Je ponúkané na internete alebo na predaj","Nestačí uviesť iba, že je zviera týrané. Opíšte konkrétne, čo sa so zvieraťom deje alebo dialo, v akých podmienkach je držané a aké následky na ňom pozorujete. Uveďte, kedy ste situáciu videli, odkedy alebo ako často sa opakuje a či ide o vaše osobné pozorovanie. Ak viete, doplňte meno vlastníka, držiteľa alebo osoby, ktorá so zvieraťom zaobchádza. Ak ide o internetový inzerát, video alebo príspevok, vložte odkaz. Oddeľte, čo ste videli osobne, od toho, čo ste sa dozvedeli od iných osôb.

Čo sa stalo, kedy a ako často sa to deje, aké podmienky alebo zranenia ste videli a ako ste sa o situácii dozvedeli…",RVPS + SIŽP,"Voľne žijúci vták/chránený živočích – welfare RVPS, ochrana druhu a držba SIŽP.",
TYR-045,Týrané / zanedbávané,Vtáky,Vodné vtáky,Hus,Samostatná vetva W02 pred W03. Zobrazí kontakt 158 iba pri akútnom podozrení na trestný čin týrania; copy W02 sa dopracuje osobitne. Po výsledku telefonátu používateľ pokračuje vo flow.,W01 → W03a/W03b → W04 → W06a/W06b → W11 → W24 → interné priradenie orgánu → návrh podnetu → schválenie adminom,"• Je alebo bolo fyzicky týrané – napr. bité, kopané, úmyselne zraňované alebo vystavené inému násilnému zaobchádzaniu
• Nemá dostatok vody alebo vhodnej potravy alebo je podvyživené
• Je zranené alebo choré a nedostáva potrebnú starostlivosť
• Je držané v špinavom, príliš malom, preplnenom alebo nebezpečnom priestore
• Je držané v tme, bez dostatočného vetrania alebo pri nevhodnej teplote
• Nemá primeranú ochranu pred nepriaznivým počasím
• Je opustené alebo ponechané bez potrebnej starostlivosti
","• Podozrenie na odobratie z voľnej prírody alebo z hniezda
• Podozrenie na chýbajúce povolenie, doklad o pôvode alebo označenie
• Nevhodné podmienky chovu alebo neliečené zranenie
• Je ponúkané na internete alebo na predaj","Nestačí uviesť iba, že je zviera týrané. Opíšte konkrétne, čo sa so zvieraťom deje alebo dialo, v akých podmienkach je držané a aké následky na ňom pozorujete. Uveďte, kedy ste situáciu videli, odkedy alebo ako často sa opakuje a či ide o vaše osobné pozorovanie. Ak viete, doplňte meno vlastníka, držiteľa alebo osoby, ktorá so zvieraťom zaobchádza. Ak ide o internetový inzerát, video alebo príspevok, vložte odkaz. Oddeľte, čo ste videli osobne, od toho, čo ste sa dozvedeli od iných osôb.

Čo sa stalo, kedy a ako často sa to deje, aké podmienky alebo zranenia ste videli a ako ste sa o situácii dozvedeli…",RVPS + SIŽP,"Voľne žijúci vták/chránený živočích – welfare RVPS, ochrana druhu a držba SIŽP.",
TYR-046,Týrané / zanedbávané,Vtáky,Vodné vtáky,Volavka,Samostatná vetva W02 pred W03. Zobrazí kontakt 158 iba pri akútnom podozrení na trestný čin týrania; copy W02 sa dopracuje osobitne. Po výsledku telefonátu používateľ pokračuje vo flow.,W01 → W03a/W03b → W04 → W06a/W06b → W11 → W24 → interné priradenie orgánu → návrh podnetu → schválenie adminom,"• Je alebo bolo fyzicky týrané – napr. bité, kopané, úmyselne zraňované alebo vystavené inému násilnému zaobchádzaniu
• Nemá dostatok vody alebo vhodnej potravy alebo je podvyživené
• Je zranené alebo choré a nedostáva potrebnú starostlivosť
• Je držané v špinavom, príliš malom, preplnenom alebo nebezpečnom priestore
• Je držané v tme, bez dostatočného vetrania alebo pri nevhodnej teplote
• Nemá primeranú ochranu pred nepriaznivým počasím
• Je opustené alebo ponechané bez potrebnej starostlivosti
","• Podozrenie na odobratie z voľnej prírody alebo z hniezda
• Podozrenie na chýbajúce povolenie, doklad o pôvode alebo označenie
• Nevhodné podmienky chovu alebo neliečené zranenie
• Je ponúkané na internete alebo na predaj","Nestačí uviesť iba, že je zviera týrané. Opíšte konkrétne, čo sa so zvieraťom deje alebo dialo, v akých podmienkach je držané a aké následky na ňom pozorujete. Uveďte, kedy ste situáciu videli, odkedy alebo ako často sa opakuje a či ide o vaše osobné pozorovanie. Ak viete, doplňte meno vlastníka, držiteľa alebo osoby, ktorá so zvieraťom zaobchádza. Ak ide o internetový inzerát, video alebo príspevok, vložte odkaz. Oddeľte, čo ste videli osobne, od toho, čo ste sa dozvedeli od iných osôb.

Čo sa stalo, kedy a ako často sa to deje, aké podmienky alebo zranenia ste videli a ako ste sa o situácii dozvedeli…",RVPS + SIŽP,"Voľne žijúci vták/chránený živočích – welfare RVPS, ochrana druhu a držba SIŽP.",
TYR-047,Týrané / zanedbávané,Vtáky,Vodné vtáky,Kormorán,Samostatná vetva W02 pred W03. Zobrazí kontakt 158 iba pri akútnom podozrení na trestný čin týrania; copy W02 sa dopracuje osobitne. Po výsledku telefonátu používateľ pokračuje vo flow.,W01 → W03a/W03b → W04 → W06a/W06b → W11 → W24 → interné priradenie orgánu → návrh podnetu → schválenie adminom,"• Je alebo bolo fyzicky týrané – napr. bité, kopané, úmyselne zraňované alebo vystavené inému násilnému zaobchádzaniu
• Nemá dostatok vody alebo vhodnej potravy alebo je podvyživené
• Je zranené alebo choré a nedostáva potrebnú starostlivosť
• Je držané v špinavom, príliš malom, preplnenom alebo nebezpečnom priestore
• Je držané v tme, bez dostatočného vetrania alebo pri nevhodnej teplote
• Nemá primeranú ochranu pred nepriaznivým počasím
• Je opustené alebo ponechané bez potrebnej starostlivosti
","• Podozrenie na odobratie z voľnej prírody alebo z hniezda
• Podozrenie na chýbajúce povolenie, doklad o pôvode alebo označenie
• Nevhodné podmienky chovu alebo neliečené zranenie
• Je ponúkané na internete alebo na predaj","Nestačí uviesť iba, že je zviera týrané. Opíšte konkrétne, čo sa so zvieraťom deje alebo dialo, v akých podmienkach je držané a aké následky na ňom pozorujete. Uveďte, kedy ste situáciu videli, odkedy alebo ako často sa opakuje a či ide o vaše osobné pozorovanie. Ak viete, doplňte meno vlastníka, držiteľa alebo osoby, ktorá so zvieraťom zaobchádza. Ak ide o internetový inzerát, video alebo príspevok, vložte odkaz. Oddeľte, čo ste videli osobne, od toho, čo ste sa dozvedeli od iných osôb.

Čo sa stalo, kedy a ako často sa to deje, aké podmienky alebo zranenia ste videli a ako ste sa o situácii dozvedeli…",RVPS + SIŽP,"Voľne žijúci vták/chránený živočích – welfare RVPS, ochrana druhu a držba SIŽP.",
TYR-048,Týrané / zanedbávané,Vtáky,Vodné vtáky,Čajka,Samostatná vetva W02 pred W03. Zobrazí kontakt 158 iba pri akútnom podozrení na trestný čin týrania; copy W02 sa dopracuje osobitne. Po výsledku telefonátu používateľ pokračuje vo flow.,W01 → W03a/W03b → W04 → W06a/W06b → W11 → W24 → interné priradenie orgánu → návrh podnetu → schválenie adminom,"• Je alebo bolo fyzicky týrané – napr. bité, kopané, úmyselne zraňované alebo vystavené inému násilnému zaobchádzaniu
• Nemá dostatok vody alebo vhodnej potravy alebo je podvyživené
• Je zranené alebo choré a nedostáva potrebnú starostlivosť
• Je držané v špinavom, príliš malom, preplnenom alebo nebezpečnom priestore
• Je držané v tme, bez dostatočného vetrania alebo pri nevhodnej teplote
• Nemá primeranú ochranu pred nepriaznivým počasím
• Je opustené alebo ponechané bez potrebnej starostlivosti
","• Podozrenie na odobratie z voľnej prírody alebo z hniezda
• Podozrenie na chýbajúce povolenie, doklad o pôvode alebo označenie
• Nevhodné podmienky chovu alebo neliečené zranenie
• Je ponúkané na internete alebo na predaj","Nestačí uviesť iba, že je zviera týrané. Opíšte konkrétne, čo sa so zvieraťom deje alebo dialo, v akých podmienkach je držané a aké následky na ňom pozorujete. Uveďte, kedy ste situáciu videli, odkedy alebo ako často sa opakuje a či ide o vaše osobné pozorovanie. Ak viete, doplňte meno vlastníka, držiteľa alebo osoby, ktorá so zvieraťom zaobchádza. Ak ide o internetový inzerát, video alebo príspevok, vložte odkaz. Oddeľte, čo ste videli osobne, od toho, čo ste sa dozvedeli od iných osôb.

Čo sa stalo, kedy a ako často sa to deje, aké podmienky alebo zranenia ste videli a ako ste sa o situácii dozvedeli…",RVPS + SIŽP,"Voľne žijúci vták/chránený živočích – welfare RVPS, ochrana druhu a držba SIŽP.",
TYR-049,Týrané / zanedbávané,Vtáky,Vodné vtáky,Potápka,Samostatná vetva W02 pred W03. Zobrazí kontakt 158 iba pri akútnom podozrení na trestný čin týrania; copy W02 sa dopracuje osobitne. Po výsledku telefonátu používateľ pokračuje vo flow.,W01 → W03a/W03b → W04 → W06a/W06b → W11 → W24 → interné priradenie orgánu → návrh podnetu → schválenie adminom,"• Je alebo bolo fyzicky týrané – napr. bité, kopané, úmyselne zraňované alebo vystavené inému násilnému zaobchádzaniu
• Nemá dostatok vody alebo vhodnej potravy alebo je podvyživené
• Je zranené alebo choré a nedostáva potrebnú starostlivosť
• Je držané v špinavom, príliš malom, preplnenom alebo nebezpečnom priestore
• Je držané v tme, bez dostatočného vetrania alebo pri nevhodnej teplote
• Nemá primeranú ochranu pred nepriaznivým počasím
• Je opustené alebo ponechané bez potrebnej starostlivosti
","• Podozrenie na odobratie z voľnej prírody alebo z hniezda
• Podozrenie na chýbajúce povolenie, doklad o pôvode alebo označenie
• Nevhodné podmienky chovu alebo neliečené zranenie
• Je ponúkané na internete alebo na predaj","Nestačí uviesť iba, že je zviera týrané. Opíšte konkrétne, čo sa so zvieraťom deje alebo dialo, v akých podmienkach je držané a aké následky na ňom pozorujete. Uveďte, kedy ste situáciu videli, odkedy alebo ako často sa opakuje a či ide o vaše osobné pozorovanie. Ak viete, doplňte meno vlastníka, držiteľa alebo osoby, ktorá so zvieraťom zaobchádza. Ak ide o internetový inzerát, video alebo príspevok, vložte odkaz. Oddeľte, čo ste videli osobne, od toho, čo ste sa dozvedeli od iných osôb.

Čo sa stalo, kedy a ako často sa to deje, aké podmienky alebo zranenia ste videli a ako ste sa o situácii dozvedeli…",RVPS + SIŽP,"Voľne žijúci vták/chránený živočích – welfare RVPS, ochrana druhu a držba SIŽP.",
TYR-050,Týrané / zanedbávané,Vtáky,Bociany a brodivé vtáky,Bocian biely,Samostatná vetva W02 pred W03. Zobrazí kontakt 158 iba pri akútnom podozrení na trestný čin týrania; copy W02 sa dopracuje osobitne. Po výsledku telefonátu používateľ pokračuje vo flow.,W01 → W03a/W03b → W04 → W06a/W06b → W11 → W24 → interné priradenie orgánu → návrh podnetu → schválenie adminom,"• Je alebo bolo fyzicky týrané – napr. bité, kopané, úmyselne zraňované alebo vystavené inému násilnému zaobchádzaniu
• Nemá dostatok vody alebo vhodnej potravy alebo je podvyživené
• Je zranené alebo choré a nedostáva potrebnú starostlivosť
• Je držané v špinavom, príliš malom, preplnenom alebo nebezpečnom priestore
• Je držané v tme, bez dostatočného vetrania alebo pri nevhodnej teplote
• Nemá primeranú ochranu pred nepriaznivým počasím
• Je opustené alebo ponechané bez potrebnej starostlivosti
","• Podozrenie na odobratie z voľnej prírody alebo z hniezda
• Podozrenie na chýbajúce povolenie, doklad o pôvode alebo označenie
• Nevhodné podmienky chovu alebo neliečené zranenie
• Je ponúkané na internete alebo na predaj","Nestačí uviesť iba, že je zviera týrané. Opíšte konkrétne, čo sa so zvieraťom deje alebo dialo, v akých podmienkach je držané a aké následky na ňom pozorujete. Uveďte, kedy ste situáciu videli, odkedy alebo ako často sa opakuje a či ide o vaše osobné pozorovanie. Ak viete, doplňte meno vlastníka, držiteľa alebo osoby, ktorá so zvieraťom zaobchádza. Ak ide o internetový inzerát, video alebo príspevok, vložte odkaz. Oddeľte, čo ste videli osobne, od toho, čo ste sa dozvedeli od iných osôb.

Čo sa stalo, kedy a ako často sa to deje, aké podmienky alebo zranenia ste videli a ako ste sa o situácii dozvedeli…",RVPS + SIŽP,"Voľne žijúci vták/chránený živočích – welfare RVPS, ochrana druhu a držba SIŽP.",
TYR-051,Týrané / zanedbávané,Vtáky,Bociany a brodivé vtáky,Bocian čierny,Samostatná vetva W02 pred W03. Zobrazí kontakt 158 iba pri akútnom podozrení na trestný čin týrania; copy W02 sa dopracuje osobitne. Po výsledku telefonátu používateľ pokračuje vo flow.,W01 → W03a/W03b → W04 → W06a/W06b → W11 → W24 → interné priradenie orgánu → návrh podnetu → schválenie adminom,"• Je alebo bolo fyzicky týrané – napr. bité, kopané, úmyselne zraňované alebo vystavené inému násilnému zaobchádzaniu
• Nemá dostatok vody alebo vhodnej potravy alebo je podvyživené
• Je zranené alebo choré a nedostáva potrebnú starostlivosť
• Je držané v špinavom, príliš malom, preplnenom alebo nebezpečnom priestore
• Je držané v tme, bez dostatočného vetrania alebo pri nevhodnej teplote
• Nemá primeranú ochranu pred nepriaznivým počasím
• Je opustené alebo ponechané bez potrebnej starostlivosti
","• Podozrenie na odobratie z voľnej prírody alebo z hniezda
• Podozrenie na chýbajúce povolenie, doklad o pôvode alebo označenie
• Nevhodné podmienky chovu alebo neliečené zranenie
• Je ponúkané na internete alebo na predaj","Nestačí uviesť iba, že je zviera týrané. Opíšte konkrétne, čo sa so zvieraťom deje alebo dialo, v akých podmienkach je držané a aké následky na ňom pozorujete. Uveďte, kedy ste situáciu videli, odkedy alebo ako často sa opakuje a či ide o vaše osobné pozorovanie. Ak viete, doplňte meno vlastníka, držiteľa alebo osoby, ktorá so zvieraťom zaobchádza. Ak ide o internetový inzerát, video alebo príspevok, vložte odkaz. Oddeľte, čo ste videli osobne, od toho, čo ste sa dozvedeli od iných osôb.

Čo sa stalo, kedy a ako často sa to deje, aké podmienky alebo zranenia ste videli a ako ste sa o situácii dozvedeli…",RVPS + SIŽP,"Voľne žijúci vták/chránený živočích – welfare RVPS, ochrana druhu a držba SIŽP.",
TYR-052,Týrané / zanedbávané,Vtáky,Bociany a brodivé vtáky,Volavka,Samostatná vetva W02 pred W03. Zobrazí kontakt 158 iba pri akútnom podozrení na trestný čin týrania; copy W02 sa dopracuje osobitne. Po výsledku telefonátu používateľ pokračuje vo flow.,W01 → W03a/W03b → W04 → W06a/W06b → W11 → W24 → interné priradenie orgánu → návrh podnetu → schválenie adminom,"• Je alebo bolo fyzicky týrané – napr. bité, kopané, úmyselne zraňované alebo vystavené inému násilnému zaobchádzaniu
• Nemá dostatok vody alebo vhodnej potravy alebo je podvyživené
• Je zranené alebo choré a nedostáva potrebnú starostlivosť
• Je držané v špinavom, príliš malom, preplnenom alebo nebezpečnom priestore
• Je držané v tme, bez dostatočného vetrania alebo pri nevhodnej teplote
• Nemá primeranú ochranu pred nepriaznivým počasím
• Je opustené alebo ponechané bez potrebnej starostlivosti
","• Podozrenie na odobratie z voľnej prírody alebo z hniezda
• Podozrenie na chýbajúce povolenie, doklad o pôvode alebo označenie
• Nevhodné podmienky chovu alebo neliečené zranenie
• Je ponúkané na internete alebo na predaj","Nestačí uviesť iba, že je zviera týrané. Opíšte konkrétne, čo sa so zvieraťom deje alebo dialo, v akých podmienkach je držané a aké následky na ňom pozorujete. Uveďte, kedy ste situáciu videli, odkedy alebo ako často sa opakuje a či ide o vaše osobné pozorovanie. Ak viete, doplňte meno vlastníka, držiteľa alebo osoby, ktorá so zvieraťom zaobchádza. Ak ide o internetový inzerát, video alebo príspevok, vložte odkaz. Oddeľte, čo ste videli osobne, od toho, čo ste sa dozvedeli od iných osôb.

Čo sa stalo, kedy a ako často sa to deje, aké podmienky alebo zranenia ste videli a ako ste sa o situácii dozvedeli…",RVPS + SIŽP,"Voľne žijúci vták/chránený živočích – welfare RVPS, ochrana druhu a držba SIŽP.",
TYR-053,Týrané / zanedbávané,Vtáky,Bociany a brodivé vtáky,Žeriav,Samostatná vetva W02 pred W03. Zobrazí kontakt 158 iba pri akútnom podozrení na trestný čin týrania; copy W02 sa dopracuje osobitne. Po výsledku telefonátu používateľ pokračuje vo flow.,W01 → W03a/W03b → W04 → W06a/W06b → W11 → W24 → interné priradenie orgánu → návrh podnetu → schválenie adminom,"• Je alebo bolo fyzicky týrané – napr. bité, kopané, úmyselne zraňované alebo vystavené inému násilnému zaobchádzaniu
• Nemá dostatok vody alebo vhodnej potravy alebo je podvyživené
• Je zranené alebo choré a nedostáva potrebnú starostlivosť
• Je držané v špinavom, príliš malom, preplnenom alebo nebezpečnom priestore
• Je držané v tme, bez dostatočného vetrania alebo pri nevhodnej teplote
• Nemá primeranú ochranu pred nepriaznivým počasím
• Je opustené alebo ponechané bez potrebnej starostlivosti
","• Podozrenie na odobratie z voľnej prírody alebo z hniezda
• Podozrenie na chýbajúce povolenie, doklad o pôvode alebo označenie
• Nevhodné podmienky chovu alebo neliečené zranenie
• Je ponúkané na internete alebo na predaj","Nestačí uviesť iba, že je zviera týrané. Opíšte konkrétne, čo sa so zvieraťom deje alebo dialo, v akých podmienkach je držané a aké následky na ňom pozorujete. Uveďte, kedy ste situáciu videli, odkedy alebo ako často sa opakuje a či ide o vaše osobné pozorovanie. Ak viete, doplňte meno vlastníka, držiteľa alebo osoby, ktorá so zvieraťom zaobchádza. Ak ide o internetový inzerát, video alebo príspevok, vložte odkaz. Oddeľte, čo ste videli osobne, od toho, čo ste sa dozvedeli od iných osôb.

Čo sa stalo, kedy a ako často sa to deje, aké podmienky alebo zranenia ste videli a ako ste sa o situácii dozvedeli…",RVPS + SIŽP,"Voľne žijúci vták/chránený živočích – welfare RVPS, ochrana druhu a držba SIŽP.",
TYR-054,Týrané / zanedbávané,Vtáky,Malé vtáky a spevavce,Sýkorka,Samostatná vetva W02 pred W03. Zobrazí kontakt 158 iba pri akútnom podozrení na trestný čin týrania; copy W02 sa dopracuje osobitne. Po výsledku telefonátu používateľ pokračuje vo flow.,W01 → W03a/W03b → W04 → W06a/W06b → W11 → W24 → interné priradenie orgánu → návrh podnetu → schválenie adminom,"• Je alebo bolo fyzicky týrané – napr. bité, kopané, úmyselne zraňované alebo vystavené inému násilnému zaobchádzaniu
• Nemá dostatok vody alebo vhodnej potravy alebo je podvyživené
• Je zranené alebo choré a nedostáva potrebnú starostlivosť
• Je držané v špinavom, príliš malom, preplnenom alebo nebezpečnom priestore
• Je držané v tme, bez dostatočného vetrania alebo pri nevhodnej teplote
• Nemá primeranú ochranu pred nepriaznivým počasím
• Je opustené alebo ponechané bez potrebnej starostlivosti
","• Podozrenie na odobratie z voľnej prírody alebo z hniezda
• Podozrenie na chýbajúce povolenie, doklad o pôvode alebo označenie
• Nevhodné podmienky chovu alebo neliečené zranenie
• Je ponúkané na internete alebo na predaj","Nestačí uviesť iba, že je zviera týrané. Opíšte konkrétne, čo sa so zvieraťom deje alebo dialo, v akých podmienkach je držané a aké následky na ňom pozorujete. Uveďte, kedy ste situáciu videli, odkedy alebo ako často sa opakuje a či ide o vaše osobné pozorovanie. Ak viete, doplňte meno vlastníka, držiteľa alebo osoby, ktorá so zvieraťom zaobchádza. Ak ide o internetový inzerát, video alebo príspevok, vložte odkaz. Oddeľte, čo ste videli osobne, od toho, čo ste sa dozvedeli od iných osôb.

Čo sa stalo, kedy a ako často sa to deje, aké podmienky alebo zranenia ste videli a ako ste sa o situácii dozvedeli…",RVPS + SIŽP,"Voľne žijúci vták/chránený živočích – welfare RVPS, ochrana druhu a držba SIŽP.",
TYR-055,Týrané / zanedbávané,Vtáky,Malé vtáky a spevavce,Vrabec,Samostatná vetva W02 pred W03. Zobrazí kontakt 158 iba pri akútnom podozrení na trestný čin týrania; copy W02 sa dopracuje osobitne. Po výsledku telefonátu používateľ pokračuje vo flow.,W01 → W03a/W03b → W04 → W06a/W06b → W11 → W24 → interné priradenie orgánu → návrh podnetu → schválenie adminom,"• Je alebo bolo fyzicky týrané – napr. bité, kopané, úmyselne zraňované alebo vystavené inému násilnému zaobchádzaniu
• Nemá dostatok vody alebo vhodnej potravy alebo je podvyživené
• Je zranené alebo choré a nedostáva potrebnú starostlivosť
• Je držané v špinavom, príliš malom, preplnenom alebo nebezpečnom priestore
• Je držané v tme, bez dostatočného vetrania alebo pri nevhodnej teplote
• Nemá primeranú ochranu pred nepriaznivým počasím
• Je opustené alebo ponechané bez potrebnej starostlivosti
","• Podozrenie na odobratie z voľnej prírody alebo z hniezda
• Podozrenie na chýbajúce povolenie, doklad o pôvode alebo označenie
• Nevhodné podmienky chovu alebo neliečené zranenie
• Je ponúkané na internete alebo na predaj","Nestačí uviesť iba, že je zviera týrané. Opíšte konkrétne, čo sa so zvieraťom deje alebo dialo, v akých podmienkach je držané a aké následky na ňom pozorujete. Uveďte, kedy ste situáciu videli, odkedy alebo ako často sa opakuje a či ide o vaše osobné pozorovanie. Ak viete, doplňte meno vlastníka, držiteľa alebo osoby, ktorá so zvieraťom zaobchádza. Ak ide o internetový inzerát, video alebo príspevok, vložte odkaz. Oddeľte, čo ste videli osobne, od toho, čo ste sa dozvedeli od iných osôb.

Čo sa stalo, kedy a ako často sa to deje, aké podmienky alebo zranenia ste videli a ako ste sa o situácii dozvedeli…",RVPS + SIŽP,"Voľne žijúci vták/chránený živočích – welfare RVPS, ochrana druhu a držba SIŽP.",
TYR-056,Týrané / zanedbávané,Vtáky,Malé vtáky a spevavce,Drozd,Samostatná vetva W02 pred W03. Zobrazí kontakt 158 iba pri akútnom podozrení na trestný čin týrania; copy W02 sa dopracuje osobitne. Po výsledku telefonátu používateľ pokračuje vo flow.,W01 → W03a/W03b → W04 → W06a/W06b → W11 → W24 → interné priradenie orgánu → návrh podnetu → schválenie adminom,"• Je alebo bolo fyzicky týrané – napr. bité, kopané, úmyselne zraňované alebo vystavené inému násilnému zaobchádzaniu
• Nemá dostatok vody alebo vhodnej potravy alebo je podvyživené
• Je zranené alebo choré a nedostáva potrebnú starostlivosť
• Je držané v špinavom, príliš malom, preplnenom alebo nebezpečnom priestore
• Je držané v tme, bez dostatočného vetrania alebo pri nevhodnej teplote
• Nemá primeranú ochranu pred nepriaznivým počasím
• Je opustené alebo ponechané bez potrebnej starostlivosti
","• Podozrenie na odobratie z voľnej prírody alebo z hniezda
• Podozrenie na chýbajúce povolenie, doklad o pôvode alebo označenie
• Nevhodné podmienky chovu alebo neliečené zranenie
• Je ponúkané na internete alebo na predaj","Nestačí uviesť iba, že je zviera týrané. Opíšte konkrétne, čo sa so zvieraťom deje alebo dialo, v akých podmienkach je držané a aké následky na ňom pozorujete. Uveďte, kedy ste situáciu videli, odkedy alebo ako často sa opakuje a či ide o vaše osobné pozorovanie. Ak viete, doplňte meno vlastníka, držiteľa alebo osoby, ktorá so zvieraťom zaobchádza. Ak ide o internetový inzerát, video alebo príspevok, vložte odkaz. Oddeľte, čo ste videli osobne, od toho, čo ste sa dozvedeli od iných osôb.

Čo sa stalo, kedy a ako často sa to deje, aké podmienky alebo zranenia ste videli a ako ste sa o situácii dozvedeli…",RVPS + SIŽP,"Voľne žijúci vták/chránený živočích – welfare RVPS, ochrana druhu a držba SIŽP.",
TYR-057,Týrané / zanedbávané,Vtáky,Malé vtáky a spevavce,Lastovička,Samostatná vetva W02 pred W03. Zobrazí kontakt 158 iba pri akútnom podozrení na trestný čin týrania; copy W02 sa dopracuje osobitne. Po výsledku telefonátu používateľ pokračuje vo flow.,W01 → W03a/W03b → W04 → W06a/W06b → W11 → W24 → interné priradenie orgánu → návrh podnetu → schválenie adminom,"• Je alebo bolo fyzicky týrané – napr. bité, kopané, úmyselne zraňované alebo vystavené inému násilnému zaobchádzaniu
• Nemá dostatok vody alebo vhodnej potravy alebo je podvyživené
• Je zranené alebo choré a nedostáva potrebnú starostlivosť
• Je držané v špinavom, príliš malom, preplnenom alebo nebezpečnom priestore
• Je držané v tme, bez dostatočného vetrania alebo pri nevhodnej teplote
• Nemá primeranú ochranu pred nepriaznivým počasím
• Je opustené alebo ponechané bez potrebnej starostlivosti
","• Podozrenie na odobratie z voľnej prírody alebo z hniezda
• Podozrenie na chýbajúce povolenie, doklad o pôvode alebo označenie
• Nevhodné podmienky chovu alebo neliečené zranenie
• Je ponúkané na internete alebo na predaj","Nestačí uviesť iba, že je zviera týrané. Opíšte konkrétne, čo sa so zvieraťom deje alebo dialo, v akých podmienkach je držané a aké následky na ňom pozorujete. Uveďte, kedy ste situáciu videli, odkedy alebo ako často sa opakuje a či ide o vaše osobné pozorovanie. Ak viete, doplňte meno vlastníka, držiteľa alebo osoby, ktorá so zvieraťom zaobchádza. Ak ide o internetový inzerát, video alebo príspevok, vložte odkaz. Oddeľte, čo ste videli osobne, od toho, čo ste sa dozvedeli od iných osôb.

Čo sa stalo, kedy a ako často sa to deje, aké podmienky alebo zranenia ste videli a ako ste sa o situácii dozvedeli…",RVPS + SIŽP,"Voľne žijúci vták/chránený živočích – welfare RVPS, ochrana druhu a držba SIŽP.",
TYR-058,Týrané / zanedbávané,Vtáky,Malé vtáky a spevavce,Belorítka,Samostatná vetva W02 pred W03. Zobrazí kontakt 158 iba pri akútnom podozrení na trestný čin týrania; copy W02 sa dopracuje osobitne. Po výsledku telefonátu používateľ pokračuje vo flow.,W01 → W03a/W03b → W04 → W06a/W06b → W11 → W24 → interné priradenie orgánu → návrh podnetu → schválenie adminom,"• Je alebo bolo fyzicky týrané – napr. bité, kopané, úmyselne zraňované alebo vystavené inému násilnému zaobchádzaniu
• Nemá dostatok vody alebo vhodnej potravy alebo je podvyživené
• Je zranené alebo choré a nedostáva potrebnú starostlivosť
• Je držané v špinavom, príliš malom, preplnenom alebo nebezpečnom priestore
• Je držané v tme, bez dostatočného vetrania alebo pri nevhodnej teplote
• Nemá primeranú ochranu pred nepriaznivým počasím
• Je opustené alebo ponechané bez potrebnej starostlivosti
","• Podozrenie na odobratie z voľnej prírody alebo z hniezda
• Podozrenie na chýbajúce povolenie, doklad o pôvode alebo označenie
• Nevhodné podmienky chovu alebo neliečené zranenie
• Je ponúkané na internete alebo na predaj","Nestačí uviesť iba, že je zviera týrané. Opíšte konkrétne, čo sa so zvieraťom deje alebo dialo, v akých podmienkach je držané a aké následky na ňom pozorujete. Uveďte, kedy ste situáciu videli, odkedy alebo ako často sa opakuje a či ide o vaše osobné pozorovanie. Ak viete, doplňte meno vlastníka, držiteľa alebo osoby, ktorá so zvieraťom zaobchádza. Ak ide o internetový inzerát, video alebo príspevok, vložte odkaz. Oddeľte, čo ste videli osobne, od toho, čo ste sa dozvedeli od iných osôb.

Čo sa stalo, kedy a ako často sa to deje, aké podmienky alebo zranenia ste videli a ako ste sa o situácii dozvedeli…",RVPS + SIŽP,"Voľne žijúci vták/chránený živočích – welfare RVPS, ochrana druhu a držba SIŽP.",
TYR-059,Týrané / zanedbávané,Vtáky,Malé vtáky a spevavce,Dážďovník,Samostatná vetva W02 pred W03. Zobrazí kontakt 158 iba pri akútnom podozrení na trestný čin týrania; copy W02 sa dopracuje osobitne. Po výsledku telefonátu používateľ pokračuje vo flow.,W01 → W03a/W03b → W04 → W06a/W06b → W11 → W24 → interné priradenie orgánu → návrh podnetu → schválenie adminom,"• Je alebo bolo fyzicky týrané – napr. bité, kopané, úmyselne zraňované alebo vystavené inému násilnému zaobchádzaniu
• Nemá dostatok vody alebo vhodnej potravy alebo je podvyživené
• Je zranené alebo choré a nedostáva potrebnú starostlivosť
• Je držané v špinavom, príliš malom, preplnenom alebo nebezpečnom priestore
• Je držané v tme, bez dostatočného vetrania alebo pri nevhodnej teplote
• Nemá primeranú ochranu pred nepriaznivým počasím
• Je opustené alebo ponechané bez potrebnej starostlivosti
","• Podozrenie na odobratie z voľnej prírody alebo z hniezda
• Podozrenie na chýbajúce povolenie, doklad o pôvode alebo označenie
• Nevhodné podmienky chovu alebo neliečené zranenie
• Je ponúkané na internete alebo na predaj","Nestačí uviesť iba, že je zviera týrané. Opíšte konkrétne, čo sa so zvieraťom deje alebo dialo, v akých podmienkach je držané a aké následky na ňom pozorujete. Uveďte, kedy ste situáciu videli, odkedy alebo ako často sa opakuje a či ide o vaše osobné pozorovanie. Ak viete, doplňte meno vlastníka, držiteľa alebo osoby, ktorá so zvieraťom zaobchádza. Ak ide o internetový inzerát, video alebo príspevok, vložte odkaz. Oddeľte, čo ste videli osobne, od toho, čo ste sa dozvedeli od iných osôb.

Čo sa stalo, kedy a ako často sa to deje, aké podmienky alebo zranenia ste videli a ako ste sa o situácii dozvedeli…",RVPS + SIŽP,"Voľne žijúci vták/chránený živočích – welfare RVPS, ochrana druhu a držba SIŽP.",
TYR-060,Týrané / zanedbávané,Vtáky,Malé vtáky a spevavce,Škorec,Samostatná vetva W02 pred W03. Zobrazí kontakt 158 iba pri akútnom podozrení na trestný čin týrania; copy W02 sa dopracuje osobitne. Po výsledku telefonátu používateľ pokračuje vo flow.,W01 → W03a/W03b → W04 → W06a/W06b → W11 → W24 → interné priradenie orgánu → návrh podnetu → schválenie adminom,"• Je alebo bolo fyzicky týrané – napr. bité, kopané, úmyselne zraňované alebo vystavené inému násilnému zaobchádzaniu
• Nemá dostatok vody alebo vhodnej potravy alebo je podvyživené
• Je zranené alebo choré a nedostáva potrebnú starostlivosť
• Je držané v špinavom, príliš malom, preplnenom alebo nebezpečnom priestore
• Je držané v tme, bez dostatočného vetrania alebo pri nevhodnej teplote
• Nemá primeranú ochranu pred nepriaznivým počasím
• Je opustené alebo ponechané bez potrebnej starostlivosti
","• Podozrenie na odobratie z voľnej prírody alebo z hniezda
• Podozrenie na chýbajúce povolenie, doklad o pôvode alebo označenie
• Nevhodné podmienky chovu alebo neliečené zranenie
• Je ponúkané na internete alebo na predaj","Nestačí uviesť iba, že je zviera týrané. Opíšte konkrétne, čo sa so zvieraťom deje alebo dialo, v akých podmienkach je držané a aké následky na ňom pozorujete. Uveďte, kedy ste situáciu videli, odkedy alebo ako často sa opakuje a či ide o vaše osobné pozorovanie. Ak viete, doplňte meno vlastníka, držiteľa alebo osoby, ktorá so zvieraťom zaobchádza. Ak ide o internetový inzerát, video alebo príspevok, vložte odkaz. Oddeľte, čo ste videli osobne, od toho, čo ste sa dozvedeli od iných osôb.

Čo sa stalo, kedy a ako často sa to deje, aké podmienky alebo zranenia ste videli a ako ste sa o situácii dozvedeli…",RVPS + SIŽP,"Voľne žijúci vták/chránený živočích – welfare RVPS, ochrana druhu a držba SIŽP.",
TYR-061,Týrané / zanedbávané,Vtáky,Malé vtáky a spevavce,Pinka,Samostatná vetva W02 pred W03. Zobrazí kontakt 158 iba pri akútnom podozrení na trestný čin týrania; copy W02 sa dopracuje osobitne. Po výsledku telefonátu používateľ pokračuje vo flow.,W01 → W03a/W03b → W04 → W06a/W06b → W11 → W24 → interné priradenie orgánu → návrh podnetu → schválenie adminom,"• Je alebo bolo fyzicky týrané – napr. bité, kopané, úmyselne zraňované alebo vystavené inému násilnému zaobchádzaniu
• Nemá dostatok vody alebo vhodnej potravy alebo je podvyživené
• Je zranené alebo choré a nedostáva potrebnú starostlivosť
• Je držané v špinavom, príliš malom, preplnenom alebo nebezpečnom priestore
• Je držané v tme, bez dostatočného vetrania alebo pri nevhodnej teplote
• Nemá primeranú ochranu pred nepriaznivým počasím
• Je opustené alebo ponechané bez potrebnej starostlivosti
","• Podozrenie na odobratie z voľnej prírody alebo z hniezda
• Podozrenie na chýbajúce povolenie, doklad o pôvode alebo označenie
• Nevhodné podmienky chovu alebo neliečené zranenie
• Je ponúkané na internete alebo na predaj","Nestačí uviesť iba, že je zviera týrané. Opíšte konkrétne, čo sa so zvieraťom deje alebo dialo, v akých podmienkach je držané a aké následky na ňom pozorujete. Uveďte, kedy ste situáciu videli, odkedy alebo ako často sa opakuje a či ide o vaše osobné pozorovanie. Ak viete, doplňte meno vlastníka, držiteľa alebo osoby, ktorá so zvieraťom zaobchádza. Ak ide o internetový inzerát, video alebo príspevok, vložte odkaz. Oddeľte, čo ste videli osobne, od toho, čo ste sa dozvedeli od iných osôb.

Čo sa stalo, kedy a ako často sa to deje, aké podmienky alebo zranenia ste videli a ako ste sa o situácii dozvedeli…",RVPS + SIŽP,"Voľne žijúci vták/chránený živočích – welfare RVPS, ochrana druhu a držba SIŽP.",
TYR-062,Týrané / zanedbávané,Vtáky,Malé vtáky a spevavce,Červienka,Samostatná vetva W02 pred W03. Zobrazí kontakt 158 iba pri akútnom podozrení na trestný čin týrania; copy W02 sa dopracuje osobitne. Po výsledku telefonátu používateľ pokračuje vo flow.,W01 → W03a/W03b → W04 → W06a/W06b → W11 → W24 → interné priradenie orgánu → návrh podnetu → schválenie adminom,"• Je alebo bolo fyzicky týrané – napr. bité, kopané, úmyselne zraňované alebo vystavené inému násilnému zaobchádzaniu
• Nemá dostatok vody alebo vhodnej potravy alebo je podvyživené
• Je zranené alebo choré a nedostáva potrebnú starostlivosť
• Je držané v špinavom, príliš malom, preplnenom alebo nebezpečnom priestore
• Je držané v tme, bez dostatočného vetrania alebo pri nevhodnej teplote
• Nemá primeranú ochranu pred nepriaznivým počasím
• Je opustené alebo ponechané bez potrebnej starostlivosti
","• Podozrenie na odobratie z voľnej prírody alebo z hniezda
• Podozrenie na chýbajúce povolenie, doklad o pôvode alebo označenie
• Nevhodné podmienky chovu alebo neliečené zranenie
• Je ponúkané na internete alebo na predaj","Nestačí uviesť iba, že je zviera týrané. Opíšte konkrétne, čo sa so zvieraťom deje alebo dialo, v akých podmienkach je držané a aké následky na ňom pozorujete. Uveďte, kedy ste situáciu videli, odkedy alebo ako často sa opakuje a či ide o vaše osobné pozorovanie. Ak viete, doplňte meno vlastníka, držiteľa alebo osoby, ktorá so zvieraťom zaobchádza. Ak ide o internetový inzerát, video alebo príspevok, vložte odkaz. Oddeľte, čo ste videli osobne, od toho, čo ste sa dozvedeli od iných osôb.

Čo sa stalo, kedy a ako často sa to deje, aké podmienky alebo zranenia ste videli a ako ste sa o situácii dozvedeli…",RVPS + SIŽP,"Voľne žijúci vták/chránený živočích – welfare RVPS, ochrana druhu a držba SIŽP.",
TYR-063,Týrané / zanedbávané,Vtáky,Holuby,Holub,Samostatná vetva W02 pred W03. Zobrazí kontakt 158 iba pri akútnom podozrení na trestný čin týrania; copy W02 sa dopracuje osobitne. Po výsledku telefonátu používateľ pokračuje vo flow.,W01 → W03a/W03b → W04 → W06a/W06b → W11 → W24 → interné priradenie orgánu → návrh podnetu → schválenie adminom,"• Je alebo bolo fyzicky týrané – napr. bité, kopané, úmyselne zraňované alebo vystavené inému násilnému zaobchádzaniu
• Nemá dostatok vody alebo vhodnej potravy alebo je podvyživené
• Je zranené alebo choré a nedostáva potrebnú starostlivosť
• Je držané v špinavom, príliš malom, preplnenom alebo nebezpečnom priestore
• Je držané v tme, bez dostatočného vetrania alebo pri nevhodnej teplote
• Nemá primeranú ochranu pred nepriaznivým počasím
• Je opustené alebo ponechané bez potrebnej starostlivosti
","• Podozrenie na odobratie z voľnej prírody alebo z hniezda
• Podozrenie na chýbajúce povolenie, doklad o pôvode alebo označenie
• Nevhodné podmienky chovu alebo neliečené zranenie
• Je ponúkané na internete alebo na predaj","Nestačí uviesť iba, že je zviera týrané. Opíšte konkrétne, čo sa so zvieraťom deje alebo dialo, v akých podmienkach je držané a aké následky na ňom pozorujete. Uveďte, kedy ste situáciu videli, odkedy alebo ako často sa opakuje a či ide o vaše osobné pozorovanie. Ak viete, doplňte meno vlastníka, držiteľa alebo osoby, ktorá so zvieraťom zaobchádza. Ak ide o internetový inzerát, video alebo príspevok, vložte odkaz. Oddeľte, čo ste videli osobne, od toho, čo ste sa dozvedeli od iných osôb.

Čo sa stalo, kedy a ako často sa to deje, aké podmienky alebo zranenia ste videli a ako ste sa o situácii dozvedeli…",RVPS + SIŽP,"Voľne žijúci vták/chránený živočích – welfare RVPS, ochrana druhu a držba SIŽP.",
TYR-064,Týrané / zanedbávané,Vtáky,Holuby,Hrdlička,Samostatná vetva W02 pred W03. Zobrazí kontakt 158 iba pri akútnom podozrení na trestný čin týrania; copy W02 sa dopracuje osobitne. Po výsledku telefonátu používateľ pokračuje vo flow.,W01 → W03a/W03b → W04 → W06a/W06b → W11 → W24 → interné priradenie orgánu → návrh podnetu → schválenie adminom,"• Je alebo bolo fyzicky týrané – napr. bité, kopané, úmyselne zraňované alebo vystavené inému násilnému zaobchádzaniu
• Nemá dostatok vody alebo vhodnej potravy alebo je podvyživené
• Je zranené alebo choré a nedostáva potrebnú starostlivosť
• Je držané v špinavom, príliš malom, preplnenom alebo nebezpečnom priestore
• Je držané v tme, bez dostatočného vetrania alebo pri nevhodnej teplote
• Nemá primeranú ochranu pred nepriaznivým počasím
• Je opustené alebo ponechané bez potrebnej starostlivosti
","• Podozrenie na odobratie z voľnej prírody alebo z hniezda
• Podozrenie na chýbajúce povolenie, doklad o pôvode alebo označenie
• Nevhodné podmienky chovu alebo neliečené zranenie
• Je ponúkané na internete alebo na predaj","Nestačí uviesť iba, že je zviera týrané. Opíšte konkrétne, čo sa so zvieraťom deje alebo dialo, v akých podmienkach je držané a aké následky na ňom pozorujete. Uveďte, kedy ste situáciu videli, odkedy alebo ako často sa opakuje a či ide o vaše osobné pozorovanie. Ak viete, doplňte meno vlastníka, držiteľa alebo osoby, ktorá so zvieraťom zaobchádza. Ak ide o internetový inzerát, video alebo príspevok, vložte odkaz. Oddeľte, čo ste videli osobne, od toho, čo ste sa dozvedeli od iných osôb.

Čo sa stalo, kedy a ako často sa to deje, aké podmienky alebo zranenia ste videli a ako ste sa o situácii dozvedeli…",RVPS + SIŽP,"Voľne žijúci vták/chránený živočích – welfare RVPS, ochrana druhu a držba SIŽP.",
TYR-065,Týrané / zanedbávané,Ryby a vodné živočíchy,,Ryba,Samostatná vetva W02 pred W03. Zobrazí kontakt 158 iba pri akútnom podozrení na trestný čin týrania; copy W02 sa dopracuje osobitne. Po výsledku telefonátu používateľ pokračuje vo flow.,W01 → W03a/W03b → W04 → W06a/W06b → W11 → W24 → interné priradenie orgánu → návrh podnetu → schválenie adminom,"• Je alebo bolo fyzicky týrané – napr. bité, kopané, úmyselne zraňované alebo vystavené inému násilnému zaobchádzaniu
• Nemá dostatok vody alebo vhodnej potravy alebo je podvyživené
• Je zranené alebo choré a nedostáva potrebnú starostlivosť
• Je držané v špinavom, príliš malom, preplnenom alebo nebezpečnom priestore
• Je držané v tme, bez dostatočného vetrania alebo pri nevhodnej teplote
• Nemá primeranú ochranu pred nepriaznivým počasím
• Je opustené alebo ponechané bez potrebnej starostlivosti
","• Hromadné ochorenie, poranenia alebo úhyn bez riešenia
• Krutá manipulácia alebo preprava
• Kruté usmrcovanie","Nestačí uviesť iba, že je zviera týrané. Opíšte konkrétne, čo sa so zvieraťom deje alebo dialo, v akých podmienkach je držané a aké následky na ňom pozorujete. Uveďte, kedy ste situáciu videli, odkedy alebo ako často sa opakuje a či ide o vaše osobné pozorovanie. Ak viete, doplňte meno vlastníka, držiteľa alebo osoby, ktorá so zvieraťom zaobchádza. Ak ide o internetový inzerát, video alebo príspevok, vložte odkaz. Oddeľte, čo ste videli osobne, od toho, čo ste sa dozvedeli od iných osôb.

Čo sa stalo, kedy a ako často sa to deje, aké podmienky alebo zranenia ste videli a ako ste sa o situácii dozvedeli…",RVPS,Ryba v chove – ochrana zvierat a podmienky chovu.,
TYR-066,Týrané / zanedbávané,Ryby a vodné živočíchy,,Rak,Samostatná vetva W02 pred W03. Zobrazí kontakt 158 iba pri akútnom podozrení na trestný čin týrania; copy W02 sa dopracuje osobitne. Po výsledku telefonátu používateľ pokračuje vo flow.,W01 → W03a/W03b → W04 → W06a/W06b → W11 → W24 → interné priradenie orgánu → návrh podnetu → schválenie adminom,"• Je alebo bolo fyzicky týrané – napr. bité, kopané, úmyselne zraňované alebo vystavené inému násilnému zaobchádzaniu
• Nemá dostatok vody alebo vhodnej potravy alebo je podvyživené
• Je zranené alebo choré a nedostáva potrebnú starostlivosť
• Je držané v špinavom, príliš malom, preplnenom alebo nebezpečnom priestore
• Je držané v tme, bez dostatočného vetrania alebo pri nevhodnej teplote
• Nemá primeranú ochranu pred nepriaznivým počasím
• Je opustené alebo ponechané bez potrebnej starostlivosti
","• Hromadné ochorenie, poranenia alebo úhyn bez riešenia
• Krutá manipulácia alebo preprava
• Kruté usmrcovanie","Nestačí uviesť iba, že je zviera týrané. Opíšte konkrétne, čo sa so zvieraťom deje alebo dialo, v akých podmienkach je držané a aké následky na ňom pozorujete. Uveďte, kedy ste situáciu videli, odkedy alebo ako často sa opakuje a či ide o vaše osobné pozorovanie. Ak viete, doplňte meno vlastníka, držiteľa alebo osoby, ktorá so zvieraťom zaobchádza. Ak ide o internetový inzerát, video alebo príspevok, vložte odkaz. Oddeľte, čo ste videli osobne, od toho, čo ste sa dozvedeli od iných osôb.

Čo sa stalo, kedy a ako často sa to deje, aké podmienky alebo zranenia ste videli a ako ste sa o situácii dozvedeli…",RVPS + SIŽP – manuálne posúdenie,Vodný bezstavovec – admin posúdi veterinárnu a druhovú ochranu podľa konkrétneho druhu.,
TYR-067,Týrané / zanedbávané,Ryby a vodné živočíchy,,Lastúrnik,Samostatná vetva W02 pred W03. Zobrazí kontakt 158 iba pri akútnom podozrení na trestný čin týrania; copy W02 sa dopracuje osobitne. Po výsledku telefonátu používateľ pokračuje vo flow.,W01 → W03a/W03b → W04 → W06a/W06b → W11 → W24 → interné priradenie orgánu → návrh podnetu → schválenie adminom,"• Je alebo bolo fyzicky týrané – napr. bité, kopané, úmyselne zraňované alebo vystavené inému násilnému zaobchádzaniu
• Nemá dostatok vody alebo vhodnej potravy alebo je podvyživené
• Je zranené alebo choré a nedostáva potrebnú starostlivosť
• Je držané v špinavom, príliš malom, preplnenom alebo nebezpečnom priestore
• Je držané v tme, bez dostatočného vetrania alebo pri nevhodnej teplote
• Nemá primeranú ochranu pred nepriaznivým počasím
• Je opustené alebo ponechané bez potrebnej starostlivosti
","• Hromadné ochorenie, poranenia alebo úhyn bez riešenia
• Krutá manipulácia alebo preprava
• Kruté usmrcovanie","Nestačí uviesť iba, že je zviera týrané. Opíšte konkrétne, čo sa so zvieraťom deje alebo dialo, v akých podmienkach je držané a aké následky na ňom pozorujete. Uveďte, kedy ste situáciu videli, odkedy alebo ako často sa opakuje a či ide o vaše osobné pozorovanie. Ak viete, doplňte meno vlastníka, držiteľa alebo osoby, ktorá so zvieraťom zaobchádza. Ak ide o internetový inzerát, video alebo príspevok, vložte odkaz. Oddeľte, čo ste videli osobne, od toho, čo ste sa dozvedeli od iných osôb.

Čo sa stalo, kedy a ako často sa to deje, aké podmienky alebo zranenia ste videli a ako ste sa o situácii dozvedeli…",RVPS + SIŽP – manuálne posúdenie,Vodný bezstavovec – admin posúdi veterinárnu a druhovú ochranu podľa konkrétneho druhu.,
TYR-068,Týrané / zanedbávané,Ryby a vodné živočíchy,,Vodná korytnačka,Samostatná vetva W02 pred W03. Zobrazí kontakt 158 iba pri akútnom podozrení na trestný čin týrania; copy W02 sa dopracuje osobitne. Po výsledku telefonátu používateľ pokračuje vo flow.,W01 → W03a/W03b → W04 → W06a/W06b → W11 → W24 → interné priradenie orgánu → návrh podnetu → schválenie adminom,"• Je alebo bolo fyzicky týrané – napr. bité, kopané, úmyselne zraňované alebo vystavené inému násilnému zaobchádzaniu
• Nemá dostatok vody alebo vhodnej potravy alebo je podvyživené
• Je zranené alebo choré a nedostáva potrebnú starostlivosť
• Je držané v špinavom, príliš malom, preplnenom alebo nebezpečnom priestore
• Je držané v tme, bez dostatočného vetrania alebo pri nevhodnej teplote
• Nemá primeranú ochranu pred nepriaznivým počasím
• Je opustené alebo ponechané bez potrebnej starostlivosti
","• Podozrenie na odobratie z voľnej prírody
• Podozrenie na chýbajúce povolenie, doklad o pôvode alebo označenie
• Nevhodné podmienky chovu alebo neliečené zranenie
• Je ponúkané na internete alebo na predaj","Nestačí uviesť iba, že je zviera týrané. Opíšte konkrétne, čo sa so zvieraťom deje alebo dialo, v akých podmienkach je držané a aké následky na ňom pozorujete. Uveďte, kedy ste situáciu videli, odkedy alebo ako často sa opakuje a či ide o vaše osobné pozorovanie. Ak viete, doplňte meno vlastníka, držiteľa alebo osoby, ktorá so zvieraťom zaobchádza. Ak ide o internetový inzerát, video alebo príspevok, vložte odkaz. Oddeľte, čo ste videli osobne, od toho, čo ste sa dozvedeli od iných osôb.

Čo sa stalo, kedy a ako často sa to deje, aké podmienky alebo zranenia ste videli a ako ste sa o situácii dozvedeli…",RVPS + SIŽP,"Plaz/exotický alebo chránený druh – welfare RVPS, držba a pôvod SIŽP.",
TYR-069,Týrané / zanedbávané,Ryby a vodné živočíchy,,Vydra,Samostatná vetva W02 pred W03. Zobrazí kontakt 158 iba pri akútnom podozrení na trestný čin týrania; copy W02 sa dopracuje osobitne. Po výsledku telefonátu používateľ pokračuje vo flow.,W01 → W03a/W03b → W04 → W06a/W06b → W11 → W24 → interné priradenie orgánu → návrh podnetu → schválenie adminom,"• Je alebo bolo fyzicky týrané – napr. bité, kopané, úmyselne zraňované alebo vystavené inému násilnému zaobchádzaniu
• Nemá dostatok vody alebo vhodnej potravy alebo je podvyživené
• Je zranené alebo choré a nedostáva potrebnú starostlivosť
• Je držané v špinavom, príliš malom, preplnenom alebo nebezpečnom priestore
• Je držané v tme, bez dostatočného vetrania alebo pri nevhodnej teplote
• Nemá primeranú ochranu pred nepriaznivým počasím
• Je opustené alebo ponechané bez potrebnej starostlivosti
","• Podozrenie na odobratie z voľnej prírody
• Podozrenie na chýbajúce povolenie, doklad o pôvode alebo označenie
• Nevhodné podmienky chovu alebo neliečené zranenie
• Je ponúkané na internete alebo na predaj","Nestačí uviesť iba, že je zviera týrané. Opíšte konkrétne, čo sa so zvieraťom deje alebo dialo, v akých podmienkach je držané a aké následky na ňom pozorujete. Uveďte, kedy ste situáciu videli, odkedy alebo ako často sa opakuje a či ide o vaše osobné pozorovanie. Ak viete, doplňte meno vlastníka, držiteľa alebo osoby, ktorá so zvieraťom zaobchádza. Ak ide o internetový inzerát, video alebo príspevok, vložte odkaz. Oddeľte, čo ste videli osobne, od toho, čo ste sa dozvedeli od iných osôb.

Čo sa stalo, kedy a ako často sa to deje, aké podmienky alebo zranenia ste videli a ako ste sa o situácii dozvedeli…",RVPS + SIŽP,"Chránený vodný cicavec – welfare RVPS, ochrana druhu SIŽP.",
TYR-070,Týrané / zanedbávané,Ryby a vodné živočíchy,,Bobor,Samostatná vetva W02 pred W03. Zobrazí kontakt 158 iba pri akútnom podozrení na trestný čin týrania; copy W02 sa dopracuje osobitne. Po výsledku telefonátu používateľ pokračuje vo flow.,W01 → W03a/W03b → W04 → W06a/W06b → W11 → W24 → interné priradenie orgánu → návrh podnetu → schválenie adminom,"• Je alebo bolo fyzicky týrané – napr. bité, kopané, úmyselne zraňované alebo vystavené inému násilnému zaobchádzaniu
• Nemá dostatok vody alebo vhodnej potravy alebo je podvyživené
• Je zranené alebo choré a nedostáva potrebnú starostlivosť
• Je držané v špinavom, príliš malom, preplnenom alebo nebezpečnom priestore
• Je držané v tme, bez dostatočného vetrania alebo pri nevhodnej teplote
• Nemá primeranú ochranu pred nepriaznivým počasím
• Je opustené alebo ponechané bez potrebnej starostlivosti
","• Podozrenie na odobratie z voľnej prírody
• Podozrenie na chýbajúce povolenie, doklad o pôvode alebo označenie
• Nevhodné podmienky chovu alebo neliečené zranenie
• Je ponúkané na internete alebo na predaj","Nestačí uviesť iba, že je zviera týrané. Opíšte konkrétne, čo sa so zvieraťom deje alebo dialo, v akých podmienkach je držané a aké následky na ňom pozorujete. Uveďte, kedy ste situáciu videli, odkedy alebo ako často sa opakuje a či ide o vaše osobné pozorovanie. Ak viete, doplňte meno vlastníka, držiteľa alebo osoby, ktorá so zvieraťom zaobchádza. Ak ide o internetový inzerát, video alebo príspevok, vložte odkaz. Oddeľte, čo ste videli osobne, od toho, čo ste sa dozvedeli od iných osôb.

Čo sa stalo, kedy a ako často sa to deje, aké podmienky alebo zranenia ste videli a ako ste sa o situácii dozvedeli…",RVPS + SIŽP,"Chránený vodný cicavec – welfare RVPS, ochrana druhu SIŽP.",
TYR-071,Týrané / zanedbávané,Plazy,,Had,Samostatná vetva W02 pred W03. Zobrazí kontakt 158 iba pri akútnom podozrení na trestný čin týrania; copy W02 sa dopracuje osobitne. Po výsledku telefonátu používateľ pokračuje vo flow.,W01 → W03a/W03b → W04 → W06a/W06b → W11 → W24 → interné priradenie orgánu → návrh podnetu → schválenie adminom,"• Je alebo bolo fyzicky týrané – napr. bité, kopané, úmyselne zraňované alebo vystavené inému násilnému zaobchádzaniu
• Nemá dostatok vody alebo vhodnej potravy alebo je podvyživené
• Je zranené alebo choré a nedostáva potrebnú starostlivosť
• Je držané v špinavom, príliš malom, preplnenom alebo nebezpečnom priestore
• Je držané v tme, bez dostatočného vetrania alebo pri nevhodnej teplote
• Nemá primeranú ochranu pred nepriaznivým počasím
• Je opustené alebo ponechané bez potrebnej starostlivosti
","• Podozrenie na odobratie z voľnej prírody
• Podozrenie na chýbajúce povolenie, doklad o pôvode alebo označenie
• Nevhodné podmienky chovu alebo neliečené zranenie
• Je ponúkané na internete alebo na predaj","Nestačí uviesť iba, že je zviera týrané. Opíšte konkrétne, čo sa so zvieraťom deje alebo dialo, v akých podmienkach je držané a aké následky na ňom pozorujete. Uveďte, kedy ste situáciu videli, odkedy alebo ako často sa opakuje a či ide o vaše osobné pozorovanie. Ak viete, doplňte meno vlastníka, držiteľa alebo osoby, ktorá so zvieraťom zaobchádza. Ak ide o internetový inzerát, video alebo príspevok, vložte odkaz. Oddeľte, čo ste videli osobne, od toho, čo ste sa dozvedeli od iných osôb.

Čo sa stalo, kedy a ako často sa to deje, aké podmienky alebo zranenia ste videli a ako ste sa o situácii dozvedeli…",RVPS + SIŽP,"Voľne žijúci plaz/chránený živočích – welfare RVPS, ochrana druhu a držba SIŽP.",
TYR-072,Týrané / zanedbávané,Plazy,,Užovka,Samostatná vetva W02 pred W03. Zobrazí kontakt 158 iba pri akútnom podozrení na trestný čin týrania; copy W02 sa dopracuje osobitne. Po výsledku telefonátu používateľ pokračuje vo flow.,W01 → W03a/W03b → W04 → W06a/W06b → W11 → W24 → interné priradenie orgánu → návrh podnetu → schválenie adminom,"• Je alebo bolo fyzicky týrané – napr. bité, kopané, úmyselne zraňované alebo vystavené inému násilnému zaobchádzaniu
• Nemá dostatok vody alebo vhodnej potravy alebo je podvyživené
• Je zranené alebo choré a nedostáva potrebnú starostlivosť
• Je držané v špinavom, príliš malom, preplnenom alebo nebezpečnom priestore
• Je držané v tme, bez dostatočného vetrania alebo pri nevhodnej teplote
• Nemá primeranú ochranu pred nepriaznivým počasím
• Je opustené alebo ponechané bez potrebnej starostlivosti
","• Podozrenie na odobratie z voľnej prírody
• Podozrenie na chýbajúce povolenie, doklad o pôvode alebo označenie
• Nevhodné podmienky chovu alebo neliečené zranenie
• Je ponúkané na internete alebo na predaj","Nestačí uviesť iba, že je zviera týrané. Opíšte konkrétne, čo sa so zvieraťom deje alebo dialo, v akých podmienkach je držané a aké následky na ňom pozorujete. Uveďte, kedy ste situáciu videli, odkedy alebo ako často sa opakuje a či ide o vaše osobné pozorovanie. Ak viete, doplňte meno vlastníka, držiteľa alebo osoby, ktorá so zvieraťom zaobchádza. Ak ide o internetový inzerát, video alebo príspevok, vložte odkaz. Oddeľte, čo ste videli osobne, od toho, čo ste sa dozvedeli od iných osôb.

Čo sa stalo, kedy a ako často sa to deje, aké podmienky alebo zranenia ste videli a ako ste sa o situácii dozvedeli…",RVPS + SIŽP,"Voľne žijúci plaz/chránený živočích – welfare RVPS, ochrana druhu a držba SIŽP.",
TYR-073,Týrané / zanedbávané,Plazy,,Vretenica,Samostatná vetva W02 pred W03. Zobrazí kontakt 158 iba pri akútnom podozrení na trestný čin týrania; copy W02 sa dopracuje osobitne. Po výsledku telefonátu používateľ pokračuje vo flow.,W01 → W03a/W03b → W04 → W06a/W06b → W11 → W24 → interné priradenie orgánu → návrh podnetu → schválenie adminom,"• Je alebo bolo fyzicky týrané – napr. bité, kopané, úmyselne zraňované alebo vystavené inému násilnému zaobchádzaniu
• Nemá dostatok vody alebo vhodnej potravy alebo je podvyživené
• Je zranené alebo choré a nedostáva potrebnú starostlivosť
• Je držané v špinavom, príliš malom, preplnenom alebo nebezpečnom priestore
• Je držané v tme, bez dostatočného vetrania alebo pri nevhodnej teplote
• Nemá primeranú ochranu pred nepriaznivým počasím
• Je opustené alebo ponechané bez potrebnej starostlivosti
","• Podozrenie na odobratie z voľnej prírody
• Podozrenie na chýbajúce povolenie, doklad o pôvode alebo označenie
• Nevhodné podmienky chovu alebo neliečené zranenie
• Je ponúkané na internete alebo na predaj","Nestačí uviesť iba, že je zviera týrané. Opíšte konkrétne, čo sa so zvieraťom deje alebo dialo, v akých podmienkach je držané a aké následky na ňom pozorujete. Uveďte, kedy ste situáciu videli, odkedy alebo ako často sa opakuje a či ide o vaše osobné pozorovanie. Ak viete, doplňte meno vlastníka, držiteľa alebo osoby, ktorá so zvieraťom zaobchádza. Ak ide o internetový inzerát, video alebo príspevok, vložte odkaz. Oddeľte, čo ste videli osobne, od toho, čo ste sa dozvedeli od iných osôb.

Čo sa stalo, kedy a ako často sa to deje, aké podmienky alebo zranenia ste videli a ako ste sa o situácii dozvedeli…",RVPS + SIŽP,"Voľne žijúci plaz/chránený živočích – welfare RVPS, ochrana druhu a držba SIŽP.",
TYR-074,Týrané / zanedbávané,Plazy,,Jašterica,Samostatná vetva W02 pred W03. Zobrazí kontakt 158 iba pri akútnom podozrení na trestný čin týrania; copy W02 sa dopracuje osobitne. Po výsledku telefonátu používateľ pokračuje vo flow.,W01 → W03a/W03b → W04 → W06a/W06b → W11 → W24 → interné priradenie orgánu → návrh podnetu → schválenie adminom,"• Je alebo bolo fyzicky týrané – napr. bité, kopané, úmyselne zraňované alebo vystavené inému násilnému zaobchádzaniu
• Nemá dostatok vody alebo vhodnej potravy alebo je podvyživené
• Je zranené alebo choré a nedostáva potrebnú starostlivosť
• Je držané v špinavom, príliš malom, preplnenom alebo nebezpečnom priestore
• Je držané v tme, bez dostatočného vetrania alebo pri nevhodnej teplote
• Nemá primeranú ochranu pred nepriaznivým počasím
• Je opustené alebo ponechané bez potrebnej starostlivosti
","• Podozrenie na odobratie z voľnej prírody
• Podozrenie na chýbajúce povolenie, doklad o pôvode alebo označenie
• Nevhodné podmienky chovu alebo neliečené zranenie
• Je ponúkané na internete alebo na predaj","Nestačí uviesť iba, že je zviera týrané. Opíšte konkrétne, čo sa so zvieraťom deje alebo dialo, v akých podmienkach je držané a aké následky na ňom pozorujete. Uveďte, kedy ste situáciu videli, odkedy alebo ako často sa opakuje a či ide o vaše osobné pozorovanie. Ak viete, doplňte meno vlastníka, držiteľa alebo osoby, ktorá so zvieraťom zaobchádza. Ak ide o internetový inzerát, video alebo príspevok, vložte odkaz. Oddeľte, čo ste videli osobne, od toho, čo ste sa dozvedeli od iných osôb.

Čo sa stalo, kedy a ako často sa to deje, aké podmienky alebo zranenia ste videli a ako ste sa o situácii dozvedeli…",RVPS + SIŽP,"Voľne žijúci plaz/chránený živočích – welfare RVPS, ochrana druhu a držba SIŽP.",
TYR-075,Týrané / zanedbávané,Plazy,,Slepúch,Samostatná vetva W02 pred W03. Zobrazí kontakt 158 iba pri akútnom podozrení na trestný čin týrania; copy W02 sa dopracuje osobitne. Po výsledku telefonátu používateľ pokračuje vo flow.,W01 → W03a/W03b → W04 → W06a/W06b → W11 → W24 → interné priradenie orgánu → návrh podnetu → schválenie adminom,"• Je alebo bolo fyzicky týrané – napr. bité, kopané, úmyselne zraňované alebo vystavené inému násilnému zaobchádzaniu
• Nemá dostatok vody alebo vhodnej potravy alebo je podvyživené
• Je zranené alebo choré a nedostáva potrebnú starostlivosť
• Je držané v špinavom, príliš malom, preplnenom alebo nebezpečnom priestore
• Je držané v tme, bez dostatočného vetrania alebo pri nevhodnej teplote
• Nemá primeranú ochranu pred nepriaznivým počasím
• Je opustené alebo ponechané bez potrebnej starostlivosti
","• Podozrenie na odobratie z voľnej prírody
• Podozrenie na chýbajúce povolenie, doklad o pôvode alebo označenie
• Nevhodné podmienky chovu alebo neliečené zranenie
• Je ponúkané na internete alebo na predaj","Nestačí uviesť iba, že je zviera týrané. Opíšte konkrétne, čo sa so zvieraťom deje alebo dialo, v akých podmienkach je držané a aké následky na ňom pozorujete. Uveďte, kedy ste situáciu videli, odkedy alebo ako často sa opakuje a či ide o vaše osobné pozorovanie. Ak viete, doplňte meno vlastníka, držiteľa alebo osoby, ktorá so zvieraťom zaobchádza. Ak ide o internetový inzerát, video alebo príspevok, vložte odkaz. Oddeľte, čo ste videli osobne, od toho, čo ste sa dozvedeli od iných osôb.

Čo sa stalo, kedy a ako často sa to deje, aké podmienky alebo zranenia ste videli a ako ste sa o situácii dozvedeli…",RVPS + SIŽP,"Voľne žijúci plaz/chránený živočích – welfare RVPS, ochrana druhu a držba SIŽP.",
TYR-076,Týrané / zanedbávané,Plazy,,Korytnačka,Samostatná vetva W02 pred W03. Zobrazí kontakt 158 iba pri akútnom podozrení na trestný čin týrania; copy W02 sa dopracuje osobitne. Po výsledku telefonátu používateľ pokračuje vo flow.,W01 → W03a/W03b → W04 → W06a/W06b → W11 → W24 → interné priradenie orgánu → návrh podnetu → schválenie adminom,"• Je alebo bolo fyzicky týrané – napr. bité, kopané, úmyselne zraňované alebo vystavené inému násilnému zaobchádzaniu
• Nemá dostatok vody alebo vhodnej potravy alebo je podvyživené
• Je zranené alebo choré a nedostáva potrebnú starostlivosť
• Je držané v špinavom, príliš malom, preplnenom alebo nebezpečnom priestore
• Je držané v tme, bez dostatočného vetrania alebo pri nevhodnej teplote
• Nemá primeranú ochranu pred nepriaznivým počasím
• Je opustené alebo ponechané bez potrebnej starostlivosti
","• Podozrenie na odobratie z voľnej prírody
• Podozrenie na chýbajúce povolenie, doklad o pôvode alebo označenie
• Nevhodné podmienky chovu alebo neliečené zranenie
• Je ponúkané na internete alebo na predaj","Nestačí uviesť iba, že je zviera týrané. Opíšte konkrétne, čo sa so zvieraťom deje alebo dialo, v akých podmienkach je držané a aké následky na ňom pozorujete. Uveďte, kedy ste situáciu videli, odkedy alebo ako často sa opakuje a či ide o vaše osobné pozorovanie. Ak viete, doplňte meno vlastníka, držiteľa alebo osoby, ktorá so zvieraťom zaobchádza. Ak ide o internetový inzerát, video alebo príspevok, vložte odkaz. Oddeľte, čo ste videli osobne, od toho, čo ste sa dozvedeli od iných osôb.

Čo sa stalo, kedy a ako často sa to deje, aké podmienky alebo zranenia ste videli a ako ste sa o situácii dozvedeli…",RVPS + SIŽP,"Voľne žijúci plaz/chránený živočích – welfare RVPS, ochrana druhu a držba SIŽP.",
TYR-077,Týrané / zanedbávané,Obojživelníky,,Žaba,Samostatná vetva W02 pred W03. Zobrazí kontakt 158 iba pri akútnom podozrení na trestný čin týrania; copy W02 sa dopracuje osobitne. Po výsledku telefonátu používateľ pokračuje vo flow.,W01 → W03a/W03b → W04 → W06a/W06b → W11 → W24 → interné priradenie orgánu → návrh podnetu → schválenie adminom,"• Je alebo bolo fyzicky týrané – napr. bité, kopané, úmyselne zraňované alebo vystavené inému násilnému zaobchádzaniu
• Nemá dostatok vody alebo vhodnej potravy alebo je podvyživené
• Je zranené alebo choré a nedostáva potrebnú starostlivosť
• Je držané v špinavom, príliš malom, preplnenom alebo nebezpečnom priestore
• Je držané v tme, bez dostatočného vetrania alebo pri nevhodnej teplote
• Nemá primeranú ochranu pred nepriaznivým počasím
• Je opustené alebo ponechané bez potrebnej starostlivosti
","• Podozrenie na odobratie z voľnej prírody
• Podozrenie na chýbajúce povolenie, doklad o pôvode alebo označenie
• Nevhodné podmienky chovu alebo neliečené zranenie
• Je ponúkané na internete alebo na predaj","Nestačí uviesť iba, že je zviera týrané. Opíšte konkrétne, čo sa so zvieraťom deje alebo dialo, v akých podmienkach je držané a aké následky na ňom pozorujete. Uveďte, kedy ste situáciu videli, odkedy alebo ako často sa opakuje a či ide o vaše osobné pozorovanie. Ak viete, doplňte meno vlastníka, držiteľa alebo osoby, ktorá so zvieraťom zaobchádza. Ak ide o internetový inzerát, video alebo príspevok, vložte odkaz. Oddeľte, čo ste videli osobne, od toho, čo ste sa dozvedeli od iných osôb.

Čo sa stalo, kedy a ako často sa to deje, aké podmienky alebo zranenia ste videli a ako ste sa o situácii dozvedeli…",RVPS + SIŽP,"Voľne žijúci obojživelník/chránený živočích – welfare RVPS, ochrana druhu a držba SIŽP.",
TYR-078,Týrané / zanedbávané,Obojživelníky,,Ropucha,Samostatná vetva W02 pred W03. Zobrazí kontakt 158 iba pri akútnom podozrení na trestný čin týrania; copy W02 sa dopracuje osobitne. Po výsledku telefonátu používateľ pokračuje vo flow.,W01 → W03a/W03b → W04 → W06a/W06b → W11 → W24 → interné priradenie orgánu → návrh podnetu → schválenie adminom,"• Je alebo bolo fyzicky týrané – napr. bité, kopané, úmyselne zraňované alebo vystavené inému násilnému zaobchádzaniu
• Nemá dostatok vody alebo vhodnej potravy alebo je podvyživené
• Je zranené alebo choré a nedostáva potrebnú starostlivosť
• Je držané v špinavom, príliš malom, preplnenom alebo nebezpečnom priestore
• Je držané v tme, bez dostatočného vetrania alebo pri nevhodnej teplote
• Nemá primeranú ochranu pred nepriaznivým počasím
• Je opustené alebo ponechané bez potrebnej starostlivosti
","• Podozrenie na odobratie z voľnej prírody
• Podozrenie na chýbajúce povolenie, doklad o pôvode alebo označenie
• Nevhodné podmienky chovu alebo neliečené zranenie
• Je ponúkané na internete alebo na predaj","Nestačí uviesť iba, že je zviera týrané. Opíšte konkrétne, čo sa so zvieraťom deje alebo dialo, v akých podmienkach je držané a aké následky na ňom pozorujete. Uveďte, kedy ste situáciu videli, odkedy alebo ako často sa opakuje a či ide o vaše osobné pozorovanie. Ak viete, doplňte meno vlastníka, držiteľa alebo osoby, ktorá so zvieraťom zaobchádza. Ak ide o internetový inzerát, video alebo príspevok, vložte odkaz. Oddeľte, čo ste videli osobne, od toho, čo ste sa dozvedeli od iných osôb.

Čo sa stalo, kedy a ako často sa to deje, aké podmienky alebo zranenia ste videli a ako ste sa o situácii dozvedeli…",RVPS + SIŽP,"Voľne žijúci obojživelník/chránený živočích – welfare RVPS, ochrana druhu a držba SIŽP.",
TYR-079,Týrané / zanedbávané,Obojživelníky,,Skokan,Samostatná vetva W02 pred W03. Zobrazí kontakt 158 iba pri akútnom podozrení na trestný čin týrania; copy W02 sa dopracuje osobitne. Po výsledku telefonátu používateľ pokračuje vo flow.,W01 → W03a/W03b → W04 → W06a/W06b → W11 → W24 → interné priradenie orgánu → návrh podnetu → schválenie adminom,"• Je alebo bolo fyzicky týrané – napr. bité, kopané, úmyselne zraňované alebo vystavené inému násilnému zaobchádzaniu
• Nemá dostatok vody alebo vhodnej potravy alebo je podvyživené
• Je zranené alebo choré a nedostáva potrebnú starostlivosť
• Je držané v špinavom, príliš malom, preplnenom alebo nebezpečnom priestore
• Je držané v tme, bez dostatočného vetrania alebo pri nevhodnej teplote
• Nemá primeranú ochranu pred nepriaznivým počasím
• Je opustené alebo ponechané bez potrebnej starostlivosti
","• Podozrenie na odobratie z voľnej prírody
• Podozrenie na chýbajúce povolenie, doklad o pôvode alebo označenie
• Nevhodné podmienky chovu alebo neliečené zranenie
• Je ponúkané na internete alebo na predaj","Nestačí uviesť iba, že je zviera týrané. Opíšte konkrétne, čo sa so zvieraťom deje alebo dialo, v akých podmienkach je držané a aké následky na ňom pozorujete. Uveďte, kedy ste situáciu videli, odkedy alebo ako často sa opakuje a či ide o vaše osobné pozorovanie. Ak viete, doplňte meno vlastníka, držiteľa alebo osoby, ktorá so zvieraťom zaobchádza. Ak ide o internetový inzerát, video alebo príspevok, vložte odkaz. Oddeľte, čo ste videli osobne, od toho, čo ste sa dozvedeli od iných osôb.

Čo sa stalo, kedy a ako často sa to deje, aké podmienky alebo zranenia ste videli a ako ste sa o situácii dozvedeli…",RVPS + SIŽP,"Voľne žijúci obojživelník/chránený živočích – welfare RVPS, ochrana druhu a držba SIŽP.",
TYR-080,Týrané / zanedbávané,Obojživelníky,,Rosnička,Samostatná vetva W02 pred W03. Zobrazí kontakt 158 iba pri akútnom podozrení na trestný čin týrania; copy W02 sa dopracuje osobitne. Po výsledku telefonátu používateľ pokračuje vo flow.,W01 → W03a/W03b → W04 → W06a/W06b → W11 → W24 → interné priradenie orgánu → návrh podnetu → schválenie adminom,"• Je alebo bolo fyzicky týrané – napr. bité, kopané, úmyselne zraňované alebo vystavené inému násilnému zaobchádzaniu
• Nemá dostatok vody alebo vhodnej potravy alebo je podvyživené
• Je zranené alebo choré a nedostáva potrebnú starostlivosť
• Je držané v špinavom, príliš malom, preplnenom alebo nebezpečnom priestore
• Je držané v tme, bez dostatočného vetrania alebo pri nevhodnej teplote
• Nemá primeranú ochranu pred nepriaznivým počasím
• Je opustené alebo ponechané bez potrebnej starostlivosti
","• Podozrenie na odobratie z voľnej prírody
• Podozrenie na chýbajúce povolenie, doklad o pôvode alebo označenie
• Nevhodné podmienky chovu alebo neliečené zranenie
• Je ponúkané na internete alebo na predaj","Nestačí uviesť iba, že je zviera týrané. Opíšte konkrétne, čo sa so zvieraťom deje alebo dialo, v akých podmienkach je držané a aké následky na ňom pozorujete. Uveďte, kedy ste situáciu videli, odkedy alebo ako často sa opakuje a či ide o vaše osobné pozorovanie. Ak viete, doplňte meno vlastníka, držiteľa alebo osoby, ktorá so zvieraťom zaobchádza. Ak ide o internetový inzerát, video alebo príspevok, vložte odkaz. Oddeľte, čo ste videli osobne, od toho, čo ste sa dozvedeli od iných osôb.

Čo sa stalo, kedy a ako často sa to deje, aké podmienky alebo zranenia ste videli a ako ste sa o situácii dozvedeli…",RVPS + SIŽP,"Voľne žijúci obojživelník/chránený živočích – welfare RVPS, ochrana druhu a držba SIŽP.",
TYR-081,Týrané / zanedbávané,Obojživelníky,,Mlok,Samostatná vetva W02 pred W03. Zobrazí kontakt 158 iba pri akútnom podozrení na trestný čin týrania; copy W02 sa dopracuje osobitne. Po výsledku telefonátu používateľ pokračuje vo flow.,W01 → W03a/W03b → W04 → W06a/W06b → W11 → W24 → interné priradenie orgánu → návrh podnetu → schválenie adminom,"• Je alebo bolo fyzicky týrané – napr. bité, kopané, úmyselne zraňované alebo vystavené inému násilnému zaobchádzaniu
• Nemá dostatok vody alebo vhodnej potravy alebo je podvyživené
• Je zranené alebo choré a nedostáva potrebnú starostlivosť
• Je držané v špinavom, príliš malom, preplnenom alebo nebezpečnom priestore
• Je držané v tme, bez dostatočného vetrania alebo pri nevhodnej teplote
• Nemá primeranú ochranu pred nepriaznivým počasím
• Je opustené alebo ponechané bez potrebnej starostlivosti
","• Podozrenie na odobratie z voľnej prírody
• Podozrenie na chýbajúce povolenie, doklad o pôvode alebo označenie
• Nevhodné podmienky chovu alebo neliečené zranenie
• Je ponúkané na internete alebo na predaj","Nestačí uviesť iba, že je zviera týrané. Opíšte konkrétne, čo sa so zvieraťom deje alebo dialo, v akých podmienkach je držané a aké následky na ňom pozorujete. Uveďte, kedy ste situáciu videli, odkedy alebo ako často sa opakuje a či ide o vaše osobné pozorovanie. Ak viete, doplňte meno vlastníka, držiteľa alebo osoby, ktorá so zvieraťom zaobchádza. Ak ide o internetový inzerát, video alebo príspevok, vložte odkaz. Oddeľte, čo ste videli osobne, od toho, čo ste sa dozvedeli od iných osôb.

Čo sa stalo, kedy a ako často sa to deje, aké podmienky alebo zranenia ste videli a ako ste sa o situácii dozvedeli…",RVPS + SIŽP,"Voľne žijúci obojživelník/chránený živočích – welfare RVPS, ochrana druhu a držba SIŽP.",
TYR-082,Týrané / zanedbávané,Obojživelníky,,Salamandra,Samostatná vetva W02 pred W03. Zobrazí kontakt 158 iba pri akútnom podozrení na trestný čin týrania; copy W02 sa dopracuje osobitne. Po výsledku telefonátu používateľ pokračuje vo flow.,W01 → W03a/W03b → W04 → W06a/W06b → W11 → W24 → interné priradenie orgánu → návrh podnetu → schválenie adminom,"• Je alebo bolo fyzicky týrané – napr. bité, kopané, úmyselne zraňované alebo vystavené inému násilnému zaobchádzaniu
• Nemá dostatok vody alebo vhodnej potravy alebo je podvyživené
• Je zranené alebo choré a nedostáva potrebnú starostlivosť
• Je držané v špinavom, príliš malom, preplnenom alebo nebezpečnom priestore
• Je držané v tme, bez dostatočného vetrania alebo pri nevhodnej teplote
• Nemá primeranú ochranu pred nepriaznivým počasím
• Je opustené alebo ponechané bez potrebnej starostlivosti
","• Podozrenie na odobratie z voľnej prírody
• Podozrenie na chýbajúce povolenie, doklad o pôvode alebo označenie
• Nevhodné podmienky chovu alebo neliečené zranenie
• Je ponúkané na internete alebo na predaj","Nestačí uviesť iba, že je zviera týrané. Opíšte konkrétne, čo sa so zvieraťom deje alebo dialo, v akých podmienkach je držané a aké následky na ňom pozorujete. Uveďte, kedy ste situáciu videli, odkedy alebo ako často sa opakuje a či ide o vaše osobné pozorovanie. Ak viete, doplňte meno vlastníka, držiteľa alebo osoby, ktorá so zvieraťom zaobchádza. Ak ide o internetový inzerát, video alebo príspevok, vložte odkaz. Oddeľte, čo ste videli osobne, od toho, čo ste sa dozvedeli od iných osôb.

Čo sa stalo, kedy a ako často sa to deje, aké podmienky alebo zranenia ste videli a ako ste sa o situácii dozvedeli…",RVPS + SIŽP,"Voľne žijúci obojživelník/chránený živočích – welfare RVPS, ochrana druhu a držba SIŽP.",
TYR-083,Týrané / zanedbávané,"Exotické, uniknuté alebo nepôvodné zvieratá",,Korytnačka,Samostatná vetva W02 pred W03. Zobrazí kontakt 158 iba pri akútnom podozrení na trestný čin týrania; copy W02 sa dopracuje osobitne. Po výsledku telefonátu používateľ pokračuje vo flow.,W01 → W03a/W03b → W04 → W06a/W06b → W11 → W24 → interné priradenie orgánu → návrh podnetu → schválenie adminom,"• Je alebo bolo fyzicky týrané – napr. bité, kopané, úmyselne zraňované alebo vystavené inému násilnému zaobchádzaniu
• Nemá dostatok vody alebo vhodnej potravy alebo je podvyživené
• Je zranené alebo choré a nedostáva potrebnú starostlivosť
• Je držané v špinavom, príliš malom, preplnenom alebo nebezpečnom priestore
• Je držané v tme, bez dostatočného vetrania alebo pri nevhodnej teplote
• Nemá primeranú ochranu pred nepriaznivým počasím
• Je opustené alebo ponechané bez potrebnej starostlivosti
","• Podozrenie na odobratie z voľnej prírody
• Podozrenie na chýbajúce povolenie, doklad o pôvode alebo označenie
• Nevhodné podmienky chovu alebo neliečené zranenie
• Je ponúkané na internete alebo na predaj","Nestačí uviesť iba, že je zviera týrané. Opíšte konkrétne, čo sa so zvieraťom deje alebo dialo, v akých podmienkach je držané a aké následky na ňom pozorujete. Uveďte, kedy ste situáciu videli, odkedy alebo ako často sa opakuje a či ide o vaše osobné pozorovanie. Ak viete, doplňte meno vlastníka, držiteľa alebo osoby, ktorá so zvieraťom zaobchádza. Ak ide o internetový inzerát, video alebo príspevok, vložte odkaz. Oddeľte, čo ste videli osobne, od toho, čo ste sa dozvedeli od iných osôb.

Čo sa stalo, kedy a ako často sa to deje, aké podmienky alebo zranenia ste videli a ako ste sa o situácii dozvedeli…",RVPS + SIŽP,"Exotický/nepôvodný druh – welfare RVPS; držba, pôvod, obchod alebo invázny status SIŽP.",
TYR-084,Týrané / zanedbávané,"Exotické, uniknuté alebo nepôvodné zvieratá",,Nutria,Samostatná vetva W02 pred W03. Zobrazí kontakt 158 iba pri akútnom podozrení na trestný čin týrania; copy W02 sa dopracuje osobitne. Po výsledku telefonátu používateľ pokračuje vo flow.,W01 → W03a/W03b → W04 → W06a/W06b → W11 → W24 → interné priradenie orgánu → návrh podnetu → schválenie adminom,"• Je alebo bolo fyzicky týrané – napr. bité, kopané, úmyselne zraňované alebo vystavené inému násilnému zaobchádzaniu
• Nemá dostatok vody alebo vhodnej potravy alebo je podvyživené
• Je zranené alebo choré a nedostáva potrebnú starostlivosť
• Je držané v špinavom, príliš malom, preplnenom alebo nebezpečnom priestore
• Je držané v tme, bez dostatočného vetrania alebo pri nevhodnej teplote
• Nemá primeranú ochranu pred nepriaznivým počasím
• Je opustené alebo ponechané bez potrebnej starostlivosti
","• Podozrenie na odobratie z voľnej prírody
• Podozrenie na chýbajúce povolenie, doklad o pôvode alebo označenie
• Nevhodné podmienky chovu alebo neliečené zranenie
• Je ponúkané na internete alebo na predaj","Nestačí uviesť iba, že je zviera týrané. Opíšte konkrétne, čo sa so zvieraťom deje alebo dialo, v akých podmienkach je držané a aké následky na ňom pozorujete. Uveďte, kedy ste situáciu videli, odkedy alebo ako často sa opakuje a či ide o vaše osobné pozorovanie. Ak viete, doplňte meno vlastníka, držiteľa alebo osoby, ktorá so zvieraťom zaobchádza. Ak ide o internetový inzerát, video alebo príspevok, vložte odkaz. Oddeľte, čo ste videli osobne, od toho, čo ste sa dozvedeli od iných osôb.

Čo sa stalo, kedy a ako často sa to deje, aké podmienky alebo zranenia ste videli a ako ste sa o situácii dozvedeli…",RVPS + SIŽP,"Exotický/nepôvodný druh – welfare RVPS; držba, pôvod, obchod alebo invázny status SIŽP.",
TYR-085,Týrané / zanedbávané,"Exotické, uniknuté alebo nepôvodné zvieratá",,Medvedík čistotný,Samostatná vetva W02 pred W03. Zobrazí kontakt 158 iba pri akútnom podozrení na trestný čin týrania; copy W02 sa dopracuje osobitne. Po výsledku telefonátu používateľ pokračuje vo flow.,W01 → W03a/W03b → W04 → W06a/W06b → W11 → W24 → interné priradenie orgánu → návrh podnetu → schválenie adminom,"• Je alebo bolo fyzicky týrané – napr. bité, kopané, úmyselne zraňované alebo vystavené inému násilnému zaobchádzaniu
• Nemá dostatok vody alebo vhodnej potravy alebo je podvyživené
• Je zranené alebo choré a nedostáva potrebnú starostlivosť
• Je držané v špinavom, príliš malom, preplnenom alebo nebezpečnom priestore
• Je držané v tme, bez dostatočného vetrania alebo pri nevhodnej teplote
• Nemá primeranú ochranu pred nepriaznivým počasím
• Je opustené alebo ponechané bez potrebnej starostlivosti
","• Podozrenie na odobratie z voľnej prírody
• Podozrenie na chýbajúce povolenie, doklad o pôvode alebo označenie
• Nevhodné podmienky chovu alebo neliečené zranenie
• Je ponúkané na internete alebo na predaj","Nestačí uviesť iba, že je zviera týrané. Opíšte konkrétne, čo sa so zvieraťom deje alebo dialo, v akých podmienkach je držané a aké následky na ňom pozorujete. Uveďte, kedy ste situáciu videli, odkedy alebo ako často sa opakuje a či ide o vaše osobné pozorovanie. Ak viete, doplňte meno vlastníka, držiteľa alebo osoby, ktorá so zvieraťom zaobchádza. Ak ide o internetový inzerát, video alebo príspevok, vložte odkaz. Oddeľte, čo ste videli osobne, od toho, čo ste sa dozvedeli od iných osôb.

Čo sa stalo, kedy a ako často sa to deje, aké podmienky alebo zranenia ste videli a ako ste sa o situácii dozvedeli…",RVPS + SIŽP,"Exotický/nepôvodný druh – welfare RVPS; držba, pôvod, obchod alebo invázny status SIŽP.",
TYR-086,Týrané / zanedbávané,"Exotické, uniknuté alebo nepôvodné zvieratá",,Norka,Samostatná vetva W02 pred W03. Zobrazí kontakt 158 iba pri akútnom podozrení na trestný čin týrania; copy W02 sa dopracuje osobitne. Po výsledku telefonátu používateľ pokračuje vo flow.,W01 → W03a/W03b → W04 → W06a/W06b → W11 → W24 → interné priradenie orgánu → návrh podnetu → schválenie adminom,"• Je alebo bolo fyzicky týrané – napr. bité, kopané, úmyselne zraňované alebo vystavené inému násilnému zaobchádzaniu
• Nemá dostatok vody alebo vhodnej potravy alebo je podvyživené
• Je zranené alebo choré a nedostáva potrebnú starostlivosť
• Je držané v špinavom, príliš malom, preplnenom alebo nebezpečnom priestore
• Je držané v tme, bez dostatočného vetrania alebo pri nevhodnej teplote
• Nemá primeranú ochranu pred nepriaznivým počasím
• Je opustené alebo ponechané bez potrebnej starostlivosti
","• Podozrenie na odobratie z voľnej prírody
• Podozrenie na chýbajúce povolenie, doklad o pôvode alebo označenie
• Nevhodné podmienky chovu alebo neliečené zranenie
• Je ponúkané na internete alebo na predaj","Nestačí uviesť iba, že je zviera týrané. Opíšte konkrétne, čo sa so zvieraťom deje alebo dialo, v akých podmienkach je držané a aké následky na ňom pozorujete. Uveďte, kedy ste situáciu videli, odkedy alebo ako často sa opakuje a či ide o vaše osobné pozorovanie. Ak viete, doplňte meno vlastníka, držiteľa alebo osoby, ktorá so zvieraťom zaobchádza. Ak ide o internetový inzerát, video alebo príspevok, vložte odkaz. Oddeľte, čo ste videli osobne, od toho, čo ste sa dozvedeli od iných osôb.

Čo sa stalo, kedy a ako často sa to deje, aké podmienky alebo zranenia ste videli a ako ste sa o situácii dozvedeli…",RVPS + SIŽP,"Exotický/nepôvodný druh – welfare RVPS; držba, pôvod, obchod alebo invázny status SIŽP.",
TYR-087,Týrané / zanedbávané,"Exotické, uniknuté alebo nepôvodné zvieratá",,Papagáj,Samostatná vetva W02 pred W03. Zobrazí kontakt 158 iba pri akútnom podozrení na trestný čin týrania; copy W02 sa dopracuje osobitne. Po výsledku telefonátu používateľ pokračuje vo flow.,W01 → W03a/W03b → W04 → W06a/W06b → W11 → W24 → interné priradenie orgánu → návrh podnetu → schválenie adminom,"• Je alebo bolo fyzicky týrané – napr. bité, kopané, úmyselne zraňované alebo vystavené inému násilnému zaobchádzaniu
• Nemá dostatok vody alebo vhodnej potravy alebo je podvyživené
• Je zranené alebo choré a nedostáva potrebnú starostlivosť
• Je držané v špinavom, príliš malom, preplnenom alebo nebezpečnom priestore
• Je držané v tme, bez dostatočného vetrania alebo pri nevhodnej teplote
• Nemá primeranú ochranu pred nepriaznivým počasím
• Je opustené alebo ponechané bez potrebnej starostlivosti
","• Podozrenie na odobratie z voľnej prírody
• Podozrenie na chýbajúce povolenie, doklad o pôvode alebo označenie
• Nevhodné podmienky chovu alebo neliečené zranenie
• Je ponúkané na internete alebo na predaj","Nestačí uviesť iba, že je zviera týrané. Opíšte konkrétne, čo sa so zvieraťom deje alebo dialo, v akých podmienkach je držané a aké následky na ňom pozorujete. Uveďte, kedy ste situáciu videli, odkedy alebo ako často sa opakuje a či ide o vaše osobné pozorovanie. Ak viete, doplňte meno vlastníka, držiteľa alebo osoby, ktorá so zvieraťom zaobchádza. Ak ide o internetový inzerát, video alebo príspevok, vložte odkaz. Oddeľte, čo ste videli osobne, od toho, čo ste sa dozvedeli od iných osôb.

Čo sa stalo, kedy a ako často sa to deje, aké podmienky alebo zranenia ste videli a ako ste sa o situácii dozvedeli…",RVPS + SIŽP,"Exotický/nepôvodný druh – welfare RVPS; držba, pôvod, obchod alebo invázny status SIŽP.",
TYR-088,Týrané / zanedbávané,"Exotické, uniknuté alebo nepôvodné zvieratá",,Exotický had,Samostatná vetva W02 pred W03. Zobrazí kontakt 158 iba pri akútnom podozrení na trestný čin týrania; copy W02 sa dopracuje osobitne. Po výsledku telefonátu používateľ pokračuje vo flow.,W01 → W03a/W03b → W04 → W06a/W06b → W11 → W24 → interné priradenie orgánu → návrh podnetu → schválenie adminom,"• Je alebo bolo fyzicky týrané – napr. bité, kopané, úmyselne zraňované alebo vystavené inému násilnému zaobchádzaniu
• Nemá dostatok vody alebo vhodnej potravy alebo je podvyživené
• Je zranené alebo choré a nedostáva potrebnú starostlivosť
• Je držané v špinavom, príliš malom, preplnenom alebo nebezpečnom priestore
• Je držané v tme, bez dostatočného vetrania alebo pri nevhodnej teplote
• Nemá primeranú ochranu pred nepriaznivým počasím
• Je opustené alebo ponechané bez potrebnej starostlivosti
","• Podozrenie na odobratie z voľnej prírody
• Podozrenie na chýbajúce povolenie, doklad o pôvode alebo označenie
• Nevhodné podmienky chovu alebo neliečené zranenie
• Je ponúkané na internete alebo na predaj","Nestačí uviesť iba, že je zviera týrané. Opíšte konkrétne, čo sa so zvieraťom deje alebo dialo, v akých podmienkach je držané a aké následky na ňom pozorujete. Uveďte, kedy ste situáciu videli, odkedy alebo ako často sa opakuje a či ide o vaše osobné pozorovanie. Ak viete, doplňte meno vlastníka, držiteľa alebo osoby, ktorá so zvieraťom zaobchádza. Ak ide o internetový inzerát, video alebo príspevok, vložte odkaz. Oddeľte, čo ste videli osobne, od toho, čo ste sa dozvedeli od iných osôb.

Čo sa stalo, kedy a ako často sa to deje, aké podmienky alebo zranenia ste videli a ako ste sa o situácii dozvedeli…",RVPS + SIŽP,"Exotický/nepôvodný druh – welfare RVPS; držba, pôvod, obchod alebo invázny status SIŽP.",
TYR-089,Týrané / zanedbávané,"Exotické, uniknuté alebo nepôvodné zvieratá",,Exotická jašterica,Samostatná vetva W02 pred W03. Zobrazí kontakt 158 iba pri akútnom podozrení na trestný čin týrania; copy W02 sa dopracuje osobitne. Po výsledku telefonátu používateľ pokračuje vo flow.,W01 → W03a/W03b → W04 → W06a/W06b → W11 → W24 → interné priradenie orgánu → návrh podnetu → schválenie adminom,"• Je alebo bolo fyzicky týrané – napr. bité, kopané, úmyselne zraňované alebo vystavené inému násilnému zaobchádzaniu
• Nemá dostatok vody alebo vhodnej potravy alebo je podvyživené
• Je zranené alebo choré a nedostáva potrebnú starostlivosť
• Je držané v špinavom, príliš malom, preplnenom alebo nebezpečnom priestore
• Je držané v tme, bez dostatočného vetrania alebo pri nevhodnej teplote
• Nemá primeranú ochranu pred nepriaznivým počasím
• Je opustené alebo ponechané bez potrebnej starostlivosti
","• Podozrenie na odobratie z voľnej prírody
• Podozrenie na chýbajúce povolenie, doklad o pôvode alebo označenie
• Nevhodné podmienky chovu alebo neliečené zranenie
• Je ponúkané na internete alebo na predaj","Nestačí uviesť iba, že je zviera týrané. Opíšte konkrétne, čo sa so zvieraťom deje alebo dialo, v akých podmienkach je držané a aké následky na ňom pozorujete. Uveďte, kedy ste situáciu videli, odkedy alebo ako často sa opakuje a či ide o vaše osobné pozorovanie. Ak viete, doplňte meno vlastníka, držiteľa alebo osoby, ktorá so zvieraťom zaobchádza. Ak ide o internetový inzerát, video alebo príspevok, vložte odkaz. Oddeľte, čo ste videli osobne, od toho, čo ste sa dozvedeli od iných osôb.

Čo sa stalo, kedy a ako často sa to deje, aké podmienky alebo zranenia ste videli a ako ste sa o situácii dozvedeli…",RVPS + SIŽP,"Exotický/nepôvodný druh – welfare RVPS; držba, pôvod, obchod alebo invázny status SIŽP.",
TYR-090,Týrané / zanedbávané,"Exotické, uniknuté alebo nepôvodné zvieratá",,Klokan,Samostatná vetva W02 pred W03. Zobrazí kontakt 158 iba pri akútnom podozrení na trestný čin týrania; copy W02 sa dopracuje osobitne. Po výsledku telefonátu používateľ pokračuje vo flow.,W01 → W03a/W03b → W04 → W06a/W06b → W11 → W24 → interné priradenie orgánu → návrh podnetu → schválenie adminom,"• Je alebo bolo fyzicky týrané – napr. bité, kopané, úmyselne zraňované alebo vystavené inému násilnému zaobchádzaniu
• Nemá dostatok vody alebo vhodnej potravy alebo je podvyživené
• Je zranené alebo choré a nedostáva potrebnú starostlivosť
• Je držané v špinavom, príliš malom, preplnenom alebo nebezpečnom priestore
• Je držané v tme, bez dostatočného vetrania alebo pri nevhodnej teplote
• Nemá primeranú ochranu pred nepriaznivým počasím
• Je opustené alebo ponechané bez potrebnej starostlivosti
","• Podozrenie na odobratie z voľnej prírody
• Podozrenie na chýbajúce povolenie, doklad o pôvode alebo označenie
• Nevhodné podmienky chovu alebo neliečené zranenie
• Je ponúkané na internete alebo na predaj","Nestačí uviesť iba, že je zviera týrané. Opíšte konkrétne, čo sa so zvieraťom deje alebo dialo, v akých podmienkach je držané a aké následky na ňom pozorujete. Uveďte, kedy ste situáciu videli, odkedy alebo ako často sa opakuje a či ide o vaše osobné pozorovanie. Ak viete, doplňte meno vlastníka, držiteľa alebo osoby, ktorá so zvieraťom zaobchádza. Ak ide o internetový inzerát, video alebo príspevok, vložte odkaz. Oddeľte, čo ste videli osobne, od toho, čo ste sa dozvedeli od iných osôb.

Čo sa stalo, kedy a ako často sa to deje, aké podmienky alebo zranenia ste videli a ako ste sa o situácii dozvedeli…",RVPS + SIŽP,"Exotický/nepôvodný druh – welfare RVPS; držba, pôvod, obchod alebo invázny status SIŽP.",
TYR-091,Týrané / zanedbávané,"Exotické, uniknuté alebo nepôvodné zvieratá",,Tiger,Samostatná vetva W02 pred W03. Zobrazí kontakt 158 iba pri akútnom podozrení na trestný čin týrania; copy W02 sa dopracuje osobitne. Po výsledku telefonátu používateľ pokračuje vo flow.,W01 → W03a/W03b → W04 → W06a/W06b → W11 → W24 → interné priradenie orgánu → návrh podnetu → schválenie adminom,"• Je alebo bolo fyzicky týrané – napr. bité, kopané, úmyselne zraňované alebo vystavené inému násilnému zaobchádzaniu
• Nemá dostatok vody alebo vhodnej potravy alebo je podvyživené
• Je zranené alebo choré a nedostáva potrebnú starostlivosť
• Je držané v špinavom, príliš malom, preplnenom alebo nebezpečnom priestore
• Je držané v tme, bez dostatočného vetrania alebo pri nevhodnej teplote
• Nemá primeranú ochranu pred nepriaznivým počasím
• Je opustené alebo ponechané bez potrebnej starostlivosti
","• Podozrenie na odobratie z voľnej prírody
• Podozrenie na chýbajúce povolenie, doklad o pôvode alebo označenie
• Nevhodné podmienky chovu alebo neliečené zranenie
• Je ponúkané na internete alebo na predaj","Nestačí uviesť iba, že je zviera týrané. Opíšte konkrétne, čo sa so zvieraťom deje alebo dialo, v akých podmienkach je držané a aké následky na ňom pozorujete. Uveďte, kedy ste situáciu videli, odkedy alebo ako často sa opakuje a či ide o vaše osobné pozorovanie. Ak viete, doplňte meno vlastníka, držiteľa alebo osoby, ktorá so zvieraťom zaobchádza. Ak ide o internetový inzerát, video alebo príspevok, vložte odkaz. Oddeľte, čo ste videli osobne, od toho, čo ste sa dozvedeli od iných osôb.

Čo sa stalo, kedy a ako často sa to deje, aké podmienky alebo zranenia ste videli a ako ste sa o situácii dozvedeli…",RVPS + SIŽP,"Exotický/nepôvodný druh – welfare RVPS; držba, pôvod, obchod alebo invázny status SIŽP.",
TYR-092,Týrané / zanedbávané,Voľne žijúce cicavce,Lesná a poľná zver,Srnka,Samostatná vetva W02 pred W03. Zobrazí kontakt 158 iba pri akútnom podozrení na trestný čin týrania; copy W02 sa dopracuje osobitne. Po výsledku telefonátu používateľ pokračuje vo flow.,W01 → W03a/W03b → W04 → W06a/W06b → W11 → W24 → interné priradenie orgánu → návrh podnetu → schválenie adminom,"• Je alebo bolo fyzicky týrané – napr. bité, kopané, úmyselne zraňované alebo vystavené inému násilnému zaobchádzaniu
• Nemá dostatok vody alebo vhodnej potravy alebo je podvyživené
• Je zranené alebo choré a nedostáva potrebnú starostlivosť
• Je držané v špinavom, príliš malom, preplnenom alebo nebezpečnom priestore
• Je držané v tme, bez dostatočného vetrania alebo pri nevhodnej teplote
• Nemá primeranú ochranu pred nepriaznivým počasím
• Je opustené alebo ponechané bez potrebnej starostlivosti
","• Nevhodná ohrada alebo klietka
• Bez vody, potravy alebo úkrytu
• Neliečené zranenie alebo ochorenie
• Podozrenie na nelegálny pôvod alebo držbu","Nestačí uviesť iba, že je zviera týrané. Opíšte konkrétne, čo sa so zvieraťom deje alebo dialo, v akých podmienkach je držané a aké následky na ňom pozorujete. Uveďte, kedy ste situáciu videli, odkedy alebo ako často sa opakuje a či ide o vaše osobné pozorovanie. Ak viete, doplňte meno vlastníka, držiteľa alebo osoby, ktorá so zvieraťom zaobchádza. Ak ide o internetový inzerát, video alebo príspevok, vložte odkaz. Oddeľte, čo ste videli osobne, od toho, čo ste sa dozvedeli od iných osôb.

Čo sa stalo, kedy a ako často sa to deje, aké podmienky alebo zranenia ste videli a ako ste sa o situácii dozvedeli…",RVPS + okresný úrad – pozemkový a lesný odbor,Poľovná zver – welfare RVPS; držba a poľovnícka agenda okresný úrad.,
TYR-093,Týrané / zanedbávané,Voľne žijúce cicavce,Lesná a poľná zver,Jeleň,Samostatná vetva W02 pred W03. Zobrazí kontakt 158 iba pri akútnom podozrení na trestný čin týrania; copy W02 sa dopracuje osobitne. Po výsledku telefonátu používateľ pokračuje vo flow.,W01 → W03a/W03b → W04 → W06a/W06b → W11 → W24 → interné priradenie orgánu → návrh podnetu → schválenie adminom,"• Je alebo bolo fyzicky týrané – napr. bité, kopané, úmyselne zraňované alebo vystavené inému násilnému zaobchádzaniu
• Nemá dostatok vody alebo vhodnej potravy alebo je podvyživené
• Je zranené alebo choré a nedostáva potrebnú starostlivosť
• Je držané v špinavom, príliš malom, preplnenom alebo nebezpečnom priestore
• Je držané v tme, bez dostatočného vetrania alebo pri nevhodnej teplote
• Nemá primeranú ochranu pred nepriaznivým počasím
• Je opustené alebo ponechané bez potrebnej starostlivosti
","• Nevhodná ohrada alebo klietka
• Bez vody, potravy alebo úkrytu
• Neliečené zranenie alebo ochorenie
• Podozrenie na nelegálny pôvod alebo držbu","Nestačí uviesť iba, že je zviera týrané. Opíšte konkrétne, čo sa so zvieraťom deje alebo dialo, v akých podmienkach je držané a aké následky na ňom pozorujete. Uveďte, kedy ste situáciu videli, odkedy alebo ako často sa opakuje a či ide o vaše osobné pozorovanie. Ak viete, doplňte meno vlastníka, držiteľa alebo osoby, ktorá so zvieraťom zaobchádza. Ak ide o internetový inzerát, video alebo príspevok, vložte odkaz. Oddeľte, čo ste videli osobne, od toho, čo ste sa dozvedeli od iných osôb.

Čo sa stalo, kedy a ako často sa to deje, aké podmienky alebo zranenia ste videli a ako ste sa o situácii dozvedeli…",RVPS + okresný úrad – pozemkový a lesný odbor,Poľovná zver – welfare RVPS; držba a poľovnícka agenda okresný úrad.,
TYR-094,Týrané / zanedbávané,Voľne žijúce cicavce,Lesná a poľná zver,Daniel,Samostatná vetva W02 pred W03. Zobrazí kontakt 158 iba pri akútnom podozrení na trestný čin týrania; copy W02 sa dopracuje osobitne. Po výsledku telefonátu používateľ pokračuje vo flow.,W01 → W03a/W03b → W04 → W06a/W06b → W11 → W24 → interné priradenie orgánu → návrh podnetu → schválenie adminom,"• Je alebo bolo fyzicky týrané – napr. bité, kopané, úmyselne zraňované alebo vystavené inému násilnému zaobchádzaniu
• Nemá dostatok vody alebo vhodnej potravy alebo je podvyživené
• Je zranené alebo choré a nedostáva potrebnú starostlivosť
• Je držané v špinavom, príliš malom, preplnenom alebo nebezpečnom priestore
• Je držané v tme, bez dostatočného vetrania alebo pri nevhodnej teplote
• Nemá primeranú ochranu pred nepriaznivým počasím
• Je opustené alebo ponechané bez potrebnej starostlivosti
","• Nevhodná ohrada alebo klietka
• Bez vody, potravy alebo úkrytu
• Neliečené zranenie alebo ochorenie
• Podozrenie na nelegálny pôvod alebo držbu","Nestačí uviesť iba, že je zviera týrané. Opíšte konkrétne, čo sa so zvieraťom deje alebo dialo, v akých podmienkach je držané a aké následky na ňom pozorujete. Uveďte, kedy ste situáciu videli, odkedy alebo ako často sa opakuje a či ide o vaše osobné pozorovanie. Ak viete, doplňte meno vlastníka, držiteľa alebo osoby, ktorá so zvieraťom zaobchádza. Ak ide o internetový inzerát, video alebo príspevok, vložte odkaz. Oddeľte, čo ste videli osobne, od toho, čo ste sa dozvedeli od iných osôb.

Čo sa stalo, kedy a ako často sa to deje, aké podmienky alebo zranenia ste videli a ako ste sa o situácii dozvedeli…",RVPS + okresný úrad – pozemkový a lesný odbor,Poľovná zver – welfare RVPS; držba a poľovnícka agenda okresný úrad.,
TYR-095,Týrané / zanedbávané,Voľne žijúce cicavce,Lesná a poľná zver,Muflón,Samostatná vetva W02 pred W03. Zobrazí kontakt 158 iba pri akútnom podozrení na trestný čin týrania; copy W02 sa dopracuje osobitne. Po výsledku telefonátu používateľ pokračuje vo flow.,W01 → W03a/W03b → W04 → W06a/W06b → W11 → W24 → interné priradenie orgánu → návrh podnetu → schválenie adminom,"• Je alebo bolo fyzicky týrané – napr. bité, kopané, úmyselne zraňované alebo vystavené inému násilnému zaobchádzaniu
• Nemá dostatok vody alebo vhodnej potravy alebo je podvyživené
• Je zranené alebo choré a nedostáva potrebnú starostlivosť
• Je držané v špinavom, príliš malom, preplnenom alebo nebezpečnom priestore
• Je držané v tme, bez dostatočného vetrania alebo pri nevhodnej teplote
• Nemá primeranú ochranu pred nepriaznivým počasím
• Je opustené alebo ponechané bez potrebnej starostlivosti
","• Nevhodná ohrada alebo klietka
• Bez vody, potravy alebo úkrytu
• Neliečené zranenie alebo ochorenie
• Podozrenie na nelegálny pôvod alebo držbu","Nestačí uviesť iba, že je zviera týrané. Opíšte konkrétne, čo sa so zvieraťom deje alebo dialo, v akých podmienkach je držané a aké následky na ňom pozorujete. Uveďte, kedy ste situáciu videli, odkedy alebo ako často sa opakuje a či ide o vaše osobné pozorovanie. Ak viete, doplňte meno vlastníka, držiteľa alebo osoby, ktorá so zvieraťom zaobchádza. Ak ide o internetový inzerát, video alebo príspevok, vložte odkaz. Oddeľte, čo ste videli osobne, od toho, čo ste sa dozvedeli od iných osôb.

Čo sa stalo, kedy a ako často sa to deje, aké podmienky alebo zranenia ste videli a ako ste sa o situácii dozvedeli…",RVPS + okresný úrad – pozemkový a lesný odbor,Poľovná zver – welfare RVPS; držba a poľovnícka agenda okresný úrad.,
TYR-096,Týrané / zanedbávané,Voľne žijúce cicavce,Lesná a poľná zver,Diviak,Samostatná vetva W02 pred W03. Zobrazí kontakt 158 iba pri akútnom podozrení na trestný čin týrania; copy W02 sa dopracuje osobitne. Po výsledku telefonátu používateľ pokračuje vo flow.,W01 → W03a/W03b → W04 → W06a/W06b → W11 → W24 → interné priradenie orgánu → návrh podnetu → schválenie adminom,"• Je alebo bolo fyzicky týrané – napr. bité, kopané, úmyselne zraňované alebo vystavené inému násilnému zaobchádzaniu
• Nemá dostatok vody alebo vhodnej potravy alebo je podvyživené
• Je zranené alebo choré a nedostáva potrebnú starostlivosť
• Je držané v špinavom, príliš malom, preplnenom alebo nebezpečnom priestore
• Je držané v tme, bez dostatočného vetrania alebo pri nevhodnej teplote
• Nemá primeranú ochranu pred nepriaznivým počasím
• Je opustené alebo ponechané bez potrebnej starostlivosti
","• Nevhodná ohrada alebo klietka
• Bez vody, potravy alebo úkrytu
• Neliečené zranenie alebo ochorenie
• Podozrenie na nelegálny pôvod alebo držbu","Nestačí uviesť iba, že je zviera týrané. Opíšte konkrétne, čo sa so zvieraťom deje alebo dialo, v akých podmienkach je držané a aké následky na ňom pozorujete. Uveďte, kedy ste situáciu videli, odkedy alebo ako často sa opakuje a či ide o vaše osobné pozorovanie. Ak viete, doplňte meno vlastníka, držiteľa alebo osoby, ktorá so zvieraťom zaobchádza. Ak ide o internetový inzerát, video alebo príspevok, vložte odkaz. Oddeľte, čo ste videli osobne, od toho, čo ste sa dozvedeli od iných osôb.

Čo sa stalo, kedy a ako často sa to deje, aké podmienky alebo zranenia ste videli a ako ste sa o situácii dozvedeli…",RVPS + okresný úrad – pozemkový a lesný odbor,Poľovná zver – welfare RVPS; držba a poľovnícka agenda okresný úrad.,
TYR-097,Týrané / zanedbávané,Voľne žijúce cicavce,Lesná a poľná zver,Zajac,Samostatná vetva W02 pred W03. Zobrazí kontakt 158 iba pri akútnom podozrení na trestný čin týrania; copy W02 sa dopracuje osobitne. Po výsledku telefonátu používateľ pokračuje vo flow.,W01 → W03a/W03b → W04 → W06a/W06b → W11 → W24 → interné priradenie orgánu → návrh podnetu → schválenie adminom,"• Je alebo bolo fyzicky týrané – napr. bité, kopané, úmyselne zraňované alebo vystavené inému násilnému zaobchádzaniu
• Nemá dostatok vody alebo vhodnej potravy alebo je podvyživené
• Je zranené alebo choré a nedostáva potrebnú starostlivosť
• Je držané v špinavom, príliš malom, preplnenom alebo nebezpečnom priestore
• Je držané v tme, bez dostatočného vetrania alebo pri nevhodnej teplote
• Nemá primeranú ochranu pred nepriaznivým počasím
• Je opustené alebo ponechané bez potrebnej starostlivosti
","• Nevhodná ohrada alebo klietka
• Bez vody, potravy alebo úkrytu
• Neliečené zranenie alebo ochorenie
• Podozrenie na nelegálny pôvod alebo držbu","Nestačí uviesť iba, že je zviera týrané. Opíšte konkrétne, čo sa so zvieraťom deje alebo dialo, v akých podmienkach je držané a aké následky na ňom pozorujete. Uveďte, kedy ste situáciu videli, odkedy alebo ako často sa opakuje a či ide o vaše osobné pozorovanie. Ak viete, doplňte meno vlastníka, držiteľa alebo osoby, ktorá so zvieraťom zaobchádza. Ak ide o internetový inzerát, video alebo príspevok, vložte odkaz. Oddeľte, čo ste videli osobne, od toho, čo ste sa dozvedeli od iných osôb.

Čo sa stalo, kedy a ako často sa to deje, aké podmienky alebo zranenia ste videli a ako ste sa o situácii dozvedeli…",RVPS + okresný úrad – pozemkový a lesný odbor,Poľovná zver – welfare RVPS; držba a poľovnícka agenda okresný úrad.,
TYR-098,Týrané / zanedbávané,Voľne žijúce cicavce,Lesná a poľná zver,Líška,Samostatná vetva W02 pred W03. Zobrazí kontakt 158 iba pri akútnom podozrení na trestný čin týrania; copy W02 sa dopracuje osobitne. Po výsledku telefonátu používateľ pokračuje vo flow.,W01 → W03a/W03b → W04 → W06a/W06b → W11 → W24 → interné priradenie orgánu → návrh podnetu → schválenie adminom,"• Je alebo bolo fyzicky týrané – napr. bité, kopané, úmyselne zraňované alebo vystavené inému násilnému zaobchádzaniu
• Nemá dostatok vody alebo vhodnej potravy alebo je podvyživené
• Je zranené alebo choré a nedostáva potrebnú starostlivosť
• Je držané v špinavom, príliš malom, preplnenom alebo nebezpečnom priestore
• Je držané v tme, bez dostatočného vetrania alebo pri nevhodnej teplote
• Nemá primeranú ochranu pred nepriaznivým počasím
• Je opustené alebo ponechané bez potrebnej starostlivosti
","• Nevhodná ohrada alebo klietka
• Bez vody, potravy alebo úkrytu
• Neliečené zranenie alebo ochorenie
• Podozrenie na nelegálny pôvod alebo držbu","Nestačí uviesť iba, že je zviera týrané. Opíšte konkrétne, čo sa so zvieraťom deje alebo dialo, v akých podmienkach je držané a aké následky na ňom pozorujete. Uveďte, kedy ste situáciu videli, odkedy alebo ako často sa opakuje a či ide o vaše osobné pozorovanie. Ak viete, doplňte meno vlastníka, držiteľa alebo osoby, ktorá so zvieraťom zaobchádza. Ak ide o internetový inzerát, video alebo príspevok, vložte odkaz. Oddeľte, čo ste videli osobne, od toho, čo ste sa dozvedeli od iných osôb.

Čo sa stalo, kedy a ako často sa to deje, aké podmienky alebo zranenia ste videli a ako ste sa o situácii dozvedeli…",RVPS + okresný úrad – pozemkový a lesný odbor,Poľovná zver – welfare RVPS; držba a poľovnícka agenda okresný úrad.,
TYR-099,Týrané / zanedbávané,Voľne žijúce cicavce,Lesná a poľná zver,Jazvec,Samostatná vetva W02 pred W03. Zobrazí kontakt 158 iba pri akútnom podozrení na trestný čin týrania; copy W02 sa dopracuje osobitne. Po výsledku telefonátu používateľ pokračuje vo flow.,W01 → W03a/W03b → W04 → W06a/W06b → W11 → W24 → interné priradenie orgánu → návrh podnetu → schválenie adminom,"• Je alebo bolo fyzicky týrané – napr. bité, kopané, úmyselne zraňované alebo vystavené inému násilnému zaobchádzaniu
• Nemá dostatok vody alebo vhodnej potravy alebo je podvyživené
• Je zranené alebo choré a nedostáva potrebnú starostlivosť
• Je držané v špinavom, príliš malom, preplnenom alebo nebezpečnom priestore
• Je držané v tme, bez dostatočného vetrania alebo pri nevhodnej teplote
• Nemá primeranú ochranu pred nepriaznivým počasím
• Je opustené alebo ponechané bez potrebnej starostlivosti
","• Nevhodná ohrada alebo klietka
• Bez vody, potravy alebo úkrytu
• Neliečené zranenie alebo ochorenie
• Podozrenie na nelegálny pôvod alebo držbu","Nestačí uviesť iba, že je zviera týrané. Opíšte konkrétne, čo sa so zvieraťom deje alebo dialo, v akých podmienkach je držané a aké následky na ňom pozorujete. Uveďte, kedy ste situáciu videli, odkedy alebo ako často sa opakuje a či ide o vaše osobné pozorovanie. Ak viete, doplňte meno vlastníka, držiteľa alebo osoby, ktorá so zvieraťom zaobchádza. Ak ide o internetový inzerát, video alebo príspevok, vložte odkaz. Oddeľte, čo ste videli osobne, od toho, čo ste sa dozvedeli od iných osôb.

Čo sa stalo, kedy a ako často sa to deje, aké podmienky alebo zranenia ste videli a ako ste sa o situácii dozvedeli…",RVPS + okresný úrad – pozemkový a lesný odbor,Poľovná zver – welfare RVPS; držba a poľovnícka agenda okresný úrad.,
TYR-100,Týrané / zanedbávané,Voľne žijúce cicavce,Lesná a poľná zver,Kuna,Samostatná vetva W02 pred W03. Zobrazí kontakt 158 iba pri akútnom podozrení na trestný čin týrania; copy W02 sa dopracuje osobitne. Po výsledku telefonátu používateľ pokračuje vo flow.,W01 → W03a/W03b → W04 → W06a/W06b → W11 → W24 → interné priradenie orgánu → návrh podnetu → schválenie adminom,"• Je alebo bolo fyzicky týrané – napr. bité, kopané, úmyselne zraňované alebo vystavené inému násilnému zaobchádzaniu
• Nemá dostatok vody alebo vhodnej potravy alebo je podvyživené
• Je zranené alebo choré a nedostáva potrebnú starostlivosť
• Je držané v špinavom, príliš malom, preplnenom alebo nebezpečnom priestore
• Je držané v tme, bez dostatočného vetrania alebo pri nevhodnej teplote
• Nemá primeranú ochranu pred nepriaznivým počasím
• Je opustené alebo ponechané bez potrebnej starostlivosti
","• Nevhodná ohrada alebo klietka
• Bez vody, potravy alebo úkrytu
• Neliečené zranenie alebo ochorenie
• Podozrenie na nelegálny pôvod alebo držbu","Nestačí uviesť iba, že je zviera týrané. Opíšte konkrétne, čo sa so zvieraťom deje alebo dialo, v akých podmienkach je držané a aké následky na ňom pozorujete. Uveďte, kedy ste situáciu videli, odkedy alebo ako často sa opakuje a či ide o vaše osobné pozorovanie. Ak viete, doplňte meno vlastníka, držiteľa alebo osoby, ktorá so zvieraťom zaobchádza. Ak ide o internetový inzerát, video alebo príspevok, vložte odkaz. Oddeľte, čo ste videli osobne, od toho, čo ste sa dozvedeli od iných osôb.

Čo sa stalo, kedy a ako často sa to deje, aké podmienky alebo zranenia ste videli a ako ste sa o situácii dozvedeli…",RVPS + okresný úrad – pozemkový a lesný odbor,Poľovná zver – welfare RVPS; držba a poľovnícka agenda okresný úrad.,
TYR-101,Týrané / zanedbávané,Voľne žijúce cicavce,Lesná a poľná zver,Lasica,Samostatná vetva W02 pred W03. Zobrazí kontakt 158 iba pri akútnom podozrení na trestný čin týrania; copy W02 sa dopracuje osobitne. Po výsledku telefonátu používateľ pokračuje vo flow.,W01 → W03a/W03b → W04 → W06a/W06b → W11 → W24 → interné priradenie orgánu → návrh podnetu → schválenie adminom,"• Je alebo bolo fyzicky týrané – napr. bité, kopané, úmyselne zraňované alebo vystavené inému násilnému zaobchádzaniu
• Nemá dostatok vody alebo vhodnej potravy alebo je podvyživené
• Je zranené alebo choré a nedostáva potrebnú starostlivosť
• Je držané v špinavom, príliš malom, preplnenom alebo nebezpečnom priestore
• Je držané v tme, bez dostatočného vetrania alebo pri nevhodnej teplote
• Nemá primeranú ochranu pred nepriaznivým počasím
• Je opustené alebo ponechané bez potrebnej starostlivosti
","• Nevhodná ohrada alebo klietka
• Bez vody, potravy alebo úkrytu
• Neliečené zranenie alebo ochorenie
• Podozrenie na nelegálny pôvod alebo držbu","Nestačí uviesť iba, že je zviera týrané. Opíšte konkrétne, čo sa so zvieraťom deje alebo dialo, v akých podmienkach je držané a aké následky na ňom pozorujete. Uveďte, kedy ste situáciu videli, odkedy alebo ako často sa opakuje a či ide o vaše osobné pozorovanie. Ak viete, doplňte meno vlastníka, držiteľa alebo osoby, ktorá so zvieraťom zaobchádza. Ak ide o internetový inzerát, video alebo príspevok, vložte odkaz. Oddeľte, čo ste videli osobne, od toho, čo ste sa dozvedeli od iných osôb.

Čo sa stalo, kedy a ako často sa to deje, aké podmienky alebo zranenia ste videli a ako ste sa o situácii dozvedeli…",RVPS + okresný úrad – pozemkový a lesný odbor,Poľovná zver – welfare RVPS; držba a poľovnícka agenda okresný úrad.,
TYR-102,Týrané / zanedbávané,Voľne žijúce cicavce,Lesná a poľná zver,Tchor,Samostatná vetva W02 pred W03. Zobrazí kontakt 158 iba pri akútnom podozrení na trestný čin týrania; copy W02 sa dopracuje osobitne. Po výsledku telefonátu používateľ pokračuje vo flow.,W01 → W03a/W03b → W04 → W06a/W06b → W11 → W24 → interné priradenie orgánu → návrh podnetu → schválenie adminom,"• Je alebo bolo fyzicky týrané – napr. bité, kopané, úmyselne zraňované alebo vystavené inému násilnému zaobchádzaniu
• Nemá dostatok vody alebo vhodnej potravy alebo je podvyživené
• Je zranené alebo choré a nedostáva potrebnú starostlivosť
• Je držané v špinavom, príliš malom, preplnenom alebo nebezpečnom priestore
• Je držané v tme, bez dostatočného vetrania alebo pri nevhodnej teplote
• Nemá primeranú ochranu pred nepriaznivým počasím
• Je opustené alebo ponechané bez potrebnej starostlivosti
","• Nevhodná ohrada alebo klietka
• Bez vody, potravy alebo úkrytu
• Neliečené zranenie alebo ochorenie
• Podozrenie na nelegálny pôvod alebo držbu","Nestačí uviesť iba, že je zviera týrané. Opíšte konkrétne, čo sa so zvieraťom deje alebo dialo, v akých podmienkach je držané a aké následky na ňom pozorujete. Uveďte, kedy ste situáciu videli, odkedy alebo ako často sa opakuje a či ide o vaše osobné pozorovanie. Ak viete, doplňte meno vlastníka, držiteľa alebo osoby, ktorá so zvieraťom zaobchádza. Ak ide o internetový inzerát, video alebo príspevok, vložte odkaz. Oddeľte, čo ste videli osobne, od toho, čo ste sa dozvedeli od iných osôb.

Čo sa stalo, kedy a ako často sa to deje, aké podmienky alebo zranenia ste videli a ako ste sa o situácii dozvedeli…",RVPS + okresný úrad – pozemkový a lesný odbor,Poľovná zver – welfare RVPS; držba a poľovnícka agenda okresný úrad.,
TYR-103,Týrané / zanedbávané,Voľne žijúce cicavce,Lesná a poľná zver,Líška v meste,Samostatná vetva W02 pred W03. Zobrazí kontakt 158 iba pri akútnom podozrení na trestný čin týrania; copy W02 sa dopracuje osobitne. Po výsledku telefonátu používateľ pokračuje vo flow.,W01 → W03a/W03b → W04 → W06a/W06b → W11 → W24 → interné priradenie orgánu → návrh podnetu → schválenie adminom,"• Je alebo bolo fyzicky týrané – napr. bité, kopané, úmyselne zraňované alebo vystavené inému násilnému zaobchádzaniu
• Nemá dostatok vody alebo vhodnej potravy alebo je podvyživené
• Je zranené alebo choré a nedostáva potrebnú starostlivosť
• Je držané v špinavom, príliš malom, preplnenom alebo nebezpečnom priestore
• Je držané v tme, bez dostatočného vetrania alebo pri nevhodnej teplote
• Nemá primeranú ochranu pred nepriaznivým počasím
• Je opustené alebo ponechané bez potrebnej starostlivosti
",,"Nestačí uviesť iba, že je zviera týrané. Opíšte konkrétne, čo sa so zvieraťom deje alebo dialo, v akých podmienkach je držané a aké následky na ňom pozorujete. Uveďte, kedy ste situáciu videli, odkedy alebo ako často sa opakuje a či ide o vaše osobné pozorovanie. Ak viete, doplňte meno vlastníka, držiteľa alebo osoby, ktorá so zvieraťom zaobchádza. Ak ide o internetový inzerát, video alebo príspevok, vložte odkaz. Oddeľte, čo ste videli osobne, od toho, čo ste sa dozvedeli od iných osôb.

Čo sa stalo, kedy a ako často sa to deje, aké podmienky alebo zranenia ste videli a ako ste sa o situácii dozvedeli…",RVPS + okresný úrad – pozemkový a lesný odbor,Poľovná zver – welfare RVPS; držba a poľovnícka agenda okresný úrad.,
TYR-104,Týrané / zanedbávané,Voľne žijúce cicavce,Lesná a poľná zver,Kuna v meste,Samostatná vetva W02 pred W03. Zobrazí kontakt 158 iba pri akútnom podozrení na trestný čin týrania; copy W02 sa dopracuje osobitne. Po výsledku telefonátu používateľ pokračuje vo flow.,W01 → W03a/W03b → W04 → W06a/W06b → W11 → W24 → interné priradenie orgánu → návrh podnetu → schválenie adminom,"• Je alebo bolo fyzicky týrané – napr. bité, kopané, úmyselne zraňované alebo vystavené inému násilnému zaobchádzaniu
• Nemá dostatok vody alebo vhodnej potravy alebo je podvyživené
• Je zranené alebo choré a nedostáva potrebnú starostlivosť
• Je držané v špinavom, príliš malom, preplnenom alebo nebezpečnom priestore
• Je držané v tme, bez dostatočného vetrania alebo pri nevhodnej teplote
• Nemá primeranú ochranu pred nepriaznivým počasím
• Je opustené alebo ponechané bez potrebnej starostlivosti
",,"Nestačí uviesť iba, že je zviera týrané. Opíšte konkrétne, čo sa so zvieraťom deje alebo dialo, v akých podmienkach je držané a aké následky na ňom pozorujete. Uveďte, kedy ste situáciu videli, odkedy alebo ako často sa opakuje a či ide o vaše osobné pozorovanie. Ak viete, doplňte meno vlastníka, držiteľa alebo osoby, ktorá so zvieraťom zaobchádza. Ak ide o internetový inzerát, video alebo príspevok, vložte odkaz. Oddeľte, čo ste videli osobne, od toho, čo ste sa dozvedeli od iných osôb.

Čo sa stalo, kedy a ako často sa to deje, aké podmienky alebo zranenia ste videli a ako ste sa o situácii dozvedeli…",RVPS + okresný úrad – pozemkový a lesný odbor,Poľovná zver – welfare RVPS; držba a poľovnícka agenda okresný úrad.,
TYR-105,Týrané / zanedbávané,Voľne žijúce cicavce,Malé voľne žijúce cicavce,Jež,Samostatná vetva W02 pred W03. Zobrazí kontakt 158 iba pri akútnom podozrení na trestný čin týrania; copy W02 sa dopracuje osobitne. Po výsledku telefonátu používateľ pokračuje vo flow.,W01 → W03a/W03b → W04 → W06a/W06b → W11 → W24 → interné priradenie orgánu → návrh podnetu → schválenie adminom,"• Je alebo bolo fyzicky týrané – napr. bité, kopané, úmyselne zraňované alebo vystavené inému násilnému zaobchádzaniu
• Nemá dostatok vody alebo vhodnej potravy alebo je podvyživené
• Je zranené alebo choré a nedostáva potrebnú starostlivosť
• Je držané v špinavom, príliš malom, preplnenom alebo nebezpečnom priestore
• Je držané v tme, bez dostatočného vetrania alebo pri nevhodnej teplote
• Nemá primeranú ochranu pred nepriaznivým počasím
• Je opustené alebo ponechané bez potrebnej starostlivosti
","• Bolo odobraté z voľnej prírody
• Podozrenie na chýbajúce povolenie, doklad o pôvode alebo označenie
• Nevhodné podmienky alebo neliečené zranenie
• Úmyselné trávenie, zastrelenie, odchyt alebo usmrtenie","Nestačí uviesť iba, že je zviera týrané. Opíšte konkrétne, čo sa so zvieraťom deje alebo dialo, v akých podmienkach je držané a aké následky na ňom pozorujete. Uveďte, kedy ste situáciu videli, odkedy alebo ako často sa opakuje a či ide o vaše osobné pozorovanie. Ak viete, doplňte meno vlastníka, držiteľa alebo osoby, ktorá so zvieraťom zaobchádza. Ak ide o internetový inzerát, video alebo príspevok, vložte odkaz. Oddeľte, čo ste videli osobne, od toho, čo ste sa dozvedeli od iných osôb.

Čo sa stalo, kedy a ako často sa to deje, aké podmienky alebo zranenia ste videli a ako ste sa o situácii dozvedeli…",RVPS + SIŽP,"Chránený voľne žijúci cicavec – welfare RVPS, ochrana druhu a držba SIŽP.",
TYR-106,Týrané / zanedbávané,Voľne žijúce cicavce,Malé voľne žijúce cicavce,Veverica,Samostatná vetva W02 pred W03. Zobrazí kontakt 158 iba pri akútnom podozrení na trestný čin týrania; copy W02 sa dopracuje osobitne. Po výsledku telefonátu používateľ pokračuje vo flow.,W01 → W03a/W03b → W04 → W06a/W06b → W11 → W24 → interné priradenie orgánu → návrh podnetu → schválenie adminom,"• Je alebo bolo fyzicky týrané – napr. bité, kopané, úmyselne zraňované alebo vystavené inému násilnému zaobchádzaniu
• Nemá dostatok vody alebo vhodnej potravy alebo je podvyživené
• Je zranené alebo choré a nedostáva potrebnú starostlivosť
• Je držané v špinavom, príliš malom, preplnenom alebo nebezpečnom priestore
• Je držané v tme, bez dostatočného vetrania alebo pri nevhodnej teplote
• Nemá primeranú ochranu pred nepriaznivým počasím
• Je opustené alebo ponechané bez potrebnej starostlivosti
","• Bolo odobraté z voľnej prírody
• Podozrenie na chýbajúce povolenie, doklad o pôvode alebo označenie
• Nevhodné podmienky alebo neliečené zranenie
• Úmyselné trávenie, zastrelenie, odchyt alebo usmrtenie","Nestačí uviesť iba, že je zviera týrané. Opíšte konkrétne, čo sa so zvieraťom deje alebo dialo, v akých podmienkach je držané a aké následky na ňom pozorujete. Uveďte, kedy ste situáciu videli, odkedy alebo ako často sa opakuje a či ide o vaše osobné pozorovanie. Ak viete, doplňte meno vlastníka, držiteľa alebo osoby, ktorá so zvieraťom zaobchádza. Ak ide o internetový inzerát, video alebo príspevok, vložte odkaz. Oddeľte, čo ste videli osobne, od toho, čo ste sa dozvedeli od iných osôb.

Čo sa stalo, kedy a ako často sa to deje, aké podmienky alebo zranenia ste videli a ako ste sa o situácii dozvedeli…",RVPS + SIŽP,"Chránený voľne žijúci cicavec – welfare RVPS, ochrana druhu a držba SIŽP.",
TYR-107,Týrané / zanedbávané,Voľne žijúce cicavce,Malé voľne žijúce cicavce,Netopier,Samostatná vetva W02 pred W03. Zobrazí kontakt 158 iba pri akútnom podozrení na trestný čin týrania; copy W02 sa dopracuje osobitne. Po výsledku telefonátu používateľ pokračuje vo flow.,W01 → W03a/W03b → W04 → W06a/W06b → W11 → W24 → interné priradenie orgánu → návrh podnetu → schválenie adminom,"• Je alebo bolo fyzicky týrané – napr. bité, kopané, úmyselne zraňované alebo vystavené inému násilnému zaobchádzaniu
• Nemá dostatok vody alebo vhodnej potravy alebo je podvyživené
• Je zranené alebo choré a nedostáva potrebnú starostlivosť
• Je držané v špinavom, príliš malom, preplnenom alebo nebezpečnom priestore
• Je držané v tme, bez dostatočného vetrania alebo pri nevhodnej teplote
• Nemá primeranú ochranu pred nepriaznivým počasím
• Je opustené alebo ponechané bez potrebnej starostlivosti
","• Bolo odobraté z voľnej prírody
• Podozrenie na chýbajúce povolenie, doklad o pôvode alebo označenie
• Nevhodné podmienky alebo neliečené zranenie
• Úmyselné trávenie, zastrelenie, odchyt alebo usmrtenie","Nestačí uviesť iba, že je zviera týrané. Opíšte konkrétne, čo sa so zvieraťom deje alebo dialo, v akých podmienkach je držané a aké následky na ňom pozorujete. Uveďte, kedy ste situáciu videli, odkedy alebo ako často sa opakuje a či ide o vaše osobné pozorovanie. Ak viete, doplňte meno vlastníka, držiteľa alebo osoby, ktorá so zvieraťom zaobchádza. Ak ide o internetový inzerát, video alebo príspevok, vložte odkaz. Oddeľte, čo ste videli osobne, od toho, čo ste sa dozvedeli od iných osôb.

Čo sa stalo, kedy a ako často sa to deje, aké podmienky alebo zranenia ste videli a ako ste sa o situácii dozvedeli…",RVPS + SIŽP,"Chránený voľne žijúci cicavec – welfare RVPS, ochrana druhu a držba SIŽP.",
TYR-108,Týrané / zanedbávané,Voľne žijúce cicavce,Malé voľne žijúce cicavce,Plch,Samostatná vetva W02 pred W03. Zobrazí kontakt 158 iba pri akútnom podozrení na trestný čin týrania; copy W02 sa dopracuje osobitne. Po výsledku telefonátu používateľ pokračuje vo flow.,W01 → W03a/W03b → W04 → W06a/W06b → W11 → W24 → interné priradenie orgánu → návrh podnetu → schválenie adminom,"• Je alebo bolo fyzicky týrané – napr. bité, kopané, úmyselne zraňované alebo vystavené inému násilnému zaobchádzaniu
• Nemá dostatok vody alebo vhodnej potravy alebo je podvyživené
• Je zranené alebo choré a nedostáva potrebnú starostlivosť
• Je držané v špinavom, príliš malom, preplnenom alebo nebezpečnom priestore
• Je držané v tme, bez dostatočného vetrania alebo pri nevhodnej teplote
• Nemá primeranú ochranu pred nepriaznivým počasím
• Je opustené alebo ponechané bez potrebnej starostlivosti
","• Bolo odobraté z voľnej prírody
• Podozrenie na chýbajúce povolenie, doklad o pôvode alebo označenie
• Nevhodné podmienky alebo neliečené zranenie
• Úmyselné trávenie, zastrelenie, odchyt alebo usmrtenie","Nestačí uviesť iba, že je zviera týrané. Opíšte konkrétne, čo sa so zvieraťom deje alebo dialo, v akých podmienkach je držané a aké následky na ňom pozorujete. Uveďte, kedy ste situáciu videli, odkedy alebo ako často sa opakuje a či ide o vaše osobné pozorovanie. Ak viete, doplňte meno vlastníka, držiteľa alebo osoby, ktorá so zvieraťom zaobchádza. Ak ide o internetový inzerát, video alebo príspevok, vložte odkaz. Oddeľte, čo ste videli osobne, od toho, čo ste sa dozvedeli od iných osôb.

Čo sa stalo, kedy a ako často sa to deje, aké podmienky alebo zranenia ste videli a ako ste sa o situácii dozvedeli…",RVPS + SIŽP,"Chránený voľne žijúci cicavec – welfare RVPS, ochrana druhu a držba SIŽP.",
TYR-109,Týrané / zanedbávané,Voľne žijúce cicavce,Malé voľne žijúce cicavce,Krt,Samostatná vetva W02 pred W03. Zobrazí kontakt 158 iba pri akútnom podozrení na trestný čin týrania; copy W02 sa dopracuje osobitne. Po výsledku telefonátu používateľ pokračuje vo flow.,W01 → W03a/W03b → W04 → W06a/W06b → W11 → W24 → interné priradenie orgánu → návrh podnetu → schválenie adminom,"• Je alebo bolo fyzicky týrané – napr. bité, kopané, úmyselne zraňované alebo vystavené inému násilnému zaobchádzaniu
• Nemá dostatok vody alebo vhodnej potravy alebo je podvyživené
• Je zranené alebo choré a nedostáva potrebnú starostlivosť
• Je držané v špinavom, príliš malom, preplnenom alebo nebezpečnom priestore
• Je držané v tme, bez dostatočného vetrania alebo pri nevhodnej teplote
• Nemá primeranú ochranu pred nepriaznivým počasím
• Je opustené alebo ponechané bez potrebnej starostlivosti
","• Bolo odobraté z voľnej prírody
• Podozrenie na chýbajúce povolenie, doklad o pôvode alebo označenie
• Nevhodné podmienky alebo neliečené zranenie
• Úmyselné trávenie, zastrelenie, odchyt alebo usmrtenie","Nestačí uviesť iba, že je zviera týrané. Opíšte konkrétne, čo sa so zvieraťom deje alebo dialo, v akých podmienkach je držané a aké následky na ňom pozorujete. Uveďte, kedy ste situáciu videli, odkedy alebo ako často sa opakuje a či ide o vaše osobné pozorovanie. Ak viete, doplňte meno vlastníka, držiteľa alebo osoby, ktorá so zvieraťom zaobchádza. Ak ide o internetový inzerát, video alebo príspevok, vložte odkaz. Oddeľte, čo ste videli osobne, od toho, čo ste sa dozvedeli od iných osôb.

Čo sa stalo, kedy a ako často sa to deje, aké podmienky alebo zranenia ste videli a ako ste sa o situácii dozvedeli…",RVPS,Voľne žijúci cicavec – predbežné veterinárne posúdenie; admin preverí druhový status.,
TYR-110,Týrané / zanedbávané,Voľne žijúce cicavce,Malé voľne žijúce cicavce,Myš,Samostatná vetva W02 pred W03. Zobrazí kontakt 158 iba pri akútnom podozrení na trestný čin týrania; copy W02 sa dopracuje osobitne. Po výsledku telefonátu používateľ pokračuje vo flow.,W01 → W03a/W03b → W04 → W06a/W06b → W11 → W24 → interné priradenie orgánu → návrh podnetu → schválenie adminom,,"• Nepovolený spôsob otravy alebo pasce
","Nestačí uviesť iba, že je zviera týrané. Opíšte konkrétne, čo sa so zvieraťom deje alebo dialo, v akých podmienkach je držané a aké následky na ňom pozorujete. Uveďte, kedy ste situáciu videli, odkedy alebo ako často sa opakuje a či ide o vaše osobné pozorovanie. Ak viete, doplňte meno vlastníka, držiteľa alebo osoby, ktorá so zvieraťom zaobchádza. Ak ide o internetový inzerát, video alebo príspevok, vložte odkaz. Oddeľte, čo ste videli osobne, od toho, čo ste sa dozvedeli od iných osôb.

Čo sa stalo, kedy a ako často sa to deje, aké podmienky alebo zranenia ste videli a ako ste sa o situácii dozvedeli…",RVPS,Voľne žijúci cicavec – predbežné veterinárne posúdenie; admin preverí druhový status.,
TYR-111,Týrané / zanedbávané,Voľne žijúce cicavce,Malé voľne žijúce cicavce,Potkan,Samostatná vetva W02 pred W03. Zobrazí kontakt 158 iba pri akútnom podozrení na trestný čin týrania; copy W02 sa dopracuje osobitne. Po výsledku telefonátu používateľ pokračuje vo flow.,W01 → W03a/W03b → W04 → W06a/W06b → W11 → W24 → interné priradenie orgánu → návrh podnetu → schválenie adminom,,"• Nepovolený spôsob otravy alebo pasce
","Nestačí uviesť iba, že je zviera týrané. Opíšte konkrétne, čo sa so zvieraťom deje alebo dialo, v akých podmienkach je držané a aké následky na ňom pozorujete. Uveďte, kedy ste situáciu videli, odkedy alebo ako často sa opakuje a či ide o vaše osobné pozorovanie. Ak viete, doplňte meno vlastníka, držiteľa alebo osoby, ktorá so zvieraťom zaobchádza. Ak ide o internetový inzerát, video alebo príspevok, vložte odkaz. Oddeľte, čo ste videli osobne, od toho, čo ste sa dozvedeli od iných osôb.

Čo sa stalo, kedy a ako často sa to deje, aké podmienky alebo zranenia ste videli a ako ste sa o situácii dozvedeli…",RVPS,Voľne žijúci cicavec – predbežné veterinárne posúdenie; admin preverí druhový status.,
TYR-112,Týrané / zanedbávané,Voľne žijúce cicavce,Malé voľne žijúce cicavce,Hraboš,Samostatná vetva W02 pred W03. Zobrazí kontakt 158 iba pri akútnom podozrení na trestný čin týrania; copy W02 sa dopracuje osobitne. Po výsledku telefonátu používateľ pokračuje vo flow.,W01 → W03a/W03b → W04 → W06a/W06b → W11 → W24 → interné priradenie orgánu → návrh podnetu → schválenie adminom,,"• Nepovolený spôsob otravy alebo pasce
","Nestačí uviesť iba, že je zviera týrané. Opíšte konkrétne, čo sa so zvieraťom deje alebo dialo, v akých podmienkach je držané a aké následky na ňom pozorujete. Uveďte, kedy ste situáciu videli, odkedy alebo ako často sa opakuje a či ide o vaše osobné pozorovanie. Ak viete, doplňte meno vlastníka, držiteľa alebo osoby, ktorá so zvieraťom zaobchádza. Ak ide o internetový inzerát, video alebo príspevok, vložte odkaz. Oddeľte, čo ste videli osobne, od toho, čo ste sa dozvedeli od iných osôb.

Čo sa stalo, kedy a ako často sa to deje, aké podmienky alebo zranenia ste videli a ako ste sa o situácii dozvedeli…",RVPS,Voľne žijúci cicavec – predbežné veterinárne posúdenie; admin preverí druhový status.,
TYR-113,Týrané / zanedbávané,Voľne žijúce cicavce,Veľké šelmy,Medveď,Samostatná vetva W02 pred W03. Zobrazí kontakt 158 iba pri akútnom podozrení na trestný čin týrania; copy W02 sa dopracuje osobitne. Po výsledku telefonátu používateľ pokračuje vo flow.,W01 → W03a/W03b → W04 → W06a/W06b → W11 → W24 → interné priradenie orgánu → návrh podnetu → schválenie adminom,"• Je alebo bolo fyzicky týrané – napr. bité, kopané, úmyselne zraňované alebo vystavené inému násilnému zaobchádzaniu
• Nemá dostatok vody alebo vhodnej potravy alebo je podvyživené
• Je zranené alebo choré a nedostáva potrebnú starostlivosť
• Je držané v špinavom, príliš malom, preplnenom alebo nebezpečnom priestore
• Je držané v tme, bez dostatočného vetrania alebo pri nevhodnej teplote
• Nemá primeranú ochranu pred nepriaznivým počasím
• Je opustené alebo ponechané bez potrebnej starostlivosti
","• Bolo odobraté z voľnej prírody
• Podozrenie na chýbajúce povolenie, doklad o pôvode alebo označenie
• Nevhodné podmienky alebo neliečené zranenie
• Úmyselné trávenie, zastrelenie, odchyt alebo usmrtenie
• Je ponúkané na internete alebo na predaj","Nestačí uviesť iba, že je zviera týrané. Opíšte konkrétne, čo sa so zvieraťom deje alebo dialo, v akých podmienkach je držané a aké následky na ňom pozorujete. Uveďte, kedy ste situáciu videli, odkedy alebo ako často sa opakuje a či ide o vaše osobné pozorovanie. Ak viete, doplňte meno vlastníka, držiteľa alebo osoby, ktorá so zvieraťom zaobchádza. Ak ide o internetový inzerát, video alebo príspevok, vložte odkaz. Oddeľte, čo ste videli osobne, od toho, čo ste sa dozvedeli od iných osôb.

Čo sa stalo, kedy a ako často sa to deje, aké podmienky alebo zranenia ste videli a ako ste sa o situácii dozvedeli…",RVPS + SIŽP,"Chránená veľká šelma – welfare RVPS, ochrana druhu a držba SIŽP.",
TYR-114,Týrané / zanedbávané,Voľne žijúce cicavce,Veľké šelmy,Vlk,Samostatná vetva W02 pred W03. Zobrazí kontakt 158 iba pri akútnom podozrení na trestný čin týrania; copy W02 sa dopracuje osobitne. Po výsledku telefonátu používateľ pokračuje vo flow.,W01 → W03a/W03b → W04 → W06a/W06b → W11 → W24 → interné priradenie orgánu → návrh podnetu → schválenie adminom,"• Je alebo bolo fyzicky týrané – napr. bité, kopané, úmyselne zraňované alebo vystavené inému násilnému zaobchádzaniu
• Nemá dostatok vody alebo vhodnej potravy alebo je podvyživené
• Je zranené alebo choré a nedostáva potrebnú starostlivosť
• Je držané v špinavom, príliš malom, preplnenom alebo nebezpečnom priestore
• Je držané v tme, bez dostatočného vetrania alebo pri nevhodnej teplote
• Nemá primeranú ochranu pred nepriaznivým počasím
• Je opustené alebo ponechané bez potrebnej starostlivosti
","• Bolo odobraté z voľnej prírody
• Podozrenie na chýbajúce povolenie, doklad o pôvode alebo označenie
• Nevhodné podmienky alebo neliečené zranenie
• Úmyselné trávenie, zastrelenie, odchyt alebo usmrtenie
• Je ponúkané na internete alebo na predaj","Nestačí uviesť iba, že je zviera týrané. Opíšte konkrétne, čo sa so zvieraťom deje alebo dialo, v akých podmienkach je držané a aké následky na ňom pozorujete. Uveďte, kedy ste situáciu videli, odkedy alebo ako často sa opakuje a či ide o vaše osobné pozorovanie. Ak viete, doplňte meno vlastníka, držiteľa alebo osoby, ktorá so zvieraťom zaobchádza. Ak ide o internetový inzerát, video alebo príspevok, vložte odkaz. Oddeľte, čo ste videli osobne, od toho, čo ste sa dozvedeli od iných osôb.

Čo sa stalo, kedy a ako často sa to deje, aké podmienky alebo zranenia ste videli a ako ste sa o situácii dozvedeli…",RVPS + okresný úrad – pozemkový a lesný odbor,Poľovná zver – welfare RVPS; poľovnícka agenda okresný úrad. Admin preverí aktuálny status druhu.,
TYR-115,Týrané / zanedbávané,Voľne žijúce cicavce,Veľké šelmy,Rys,Samostatná vetva W02 pred W03. Zobrazí kontakt 158 iba pri akútnom podozrení na trestný čin týrania; copy W02 sa dopracuje osobitne. Po výsledku telefonátu používateľ pokračuje vo flow.,W01 → W03a/W03b → W04 → W06a/W06b → W11 → W24 → interné priradenie orgánu → návrh podnetu → schválenie adminom,"• Je alebo bolo fyzicky týrané – napr. bité, kopané, úmyselne zraňované alebo vystavené inému násilnému zaobchádzaniu
• Nemá dostatok vody alebo vhodnej potravy alebo je podvyživené
• Je zranené alebo choré a nedostáva potrebnú starostlivosť
• Je držané v špinavom, príliš malom, preplnenom alebo nebezpečnom priestore
• Je držané v tme, bez dostatočného vetrania alebo pri nevhodnej teplote
• Nemá primeranú ochranu pred nepriaznivým počasím
• Je opustené alebo ponechané bez potrebnej starostlivosti
","• Bolo odobraté z voľnej prírody
• Podozrenie na chýbajúce povolenie, doklad o pôvode alebo označenie
• Nevhodné podmienky alebo neliečené zranenie
• Úmyselné trávenie, zastrelenie, odchyt alebo usmrtenie
• Je ponúkané na internete alebo na predaj","Nestačí uviesť iba, že je zviera týrané. Opíšte konkrétne, čo sa so zvieraťom deje alebo dialo, v akých podmienkach je držané a aké následky na ňom pozorujete. Uveďte, kedy ste situáciu videli, odkedy alebo ako často sa opakuje a či ide o vaše osobné pozorovanie. Ak viete, doplňte meno vlastníka, držiteľa alebo osoby, ktorá so zvieraťom zaobchádza. Ak ide o internetový inzerát, video alebo príspevok, vložte odkaz. Oddeľte, čo ste videli osobne, od toho, čo ste sa dozvedeli od iných osôb.

Čo sa stalo, kedy a ako často sa to deje, aké podmienky alebo zranenia ste videli a ako ste sa o situácii dozvedeli…",RVPS + SIŽP,"Chránená veľká šelma – welfare RVPS, ochrana druhu a držba SIŽP.",
TYR-116,Týrané / zanedbávané,Voľne žijúce cicavce,Veľké šelmy,Mačka divá,Samostatná vetva W02 pred W03. Zobrazí kontakt 158 iba pri akútnom podozrení na trestný čin týrania; copy W02 sa dopracuje osobitne. Po výsledku telefonátu používateľ pokračuje vo flow.,W01 → W03a/W03b → W04 → W06a/W06b → W11 → W24 → interné priradenie orgánu → návrh podnetu → schválenie adminom,"• Je alebo bolo fyzicky týrané – napr. bité, kopané, úmyselne zraňované alebo vystavené inému násilnému zaobchádzaniu
• Nemá dostatok vody alebo vhodnej potravy alebo je podvyživené
• Je zranené alebo choré a nedostáva potrebnú starostlivosť
• Je držané v špinavom, príliš malom, preplnenom alebo nebezpečnom priestore
• Je držané v tme, bez dostatočného vetrania alebo pri nevhodnej teplote
• Nemá primeranú ochranu pred nepriaznivým počasím
• Je opustené alebo ponechané bez potrebnej starostlivosti
","• Bolo odobraté z voľnej prírody
• Podozrenie na chýbajúce povolenie, doklad o pôvode alebo označenie
• Nevhodné podmienky alebo neliečené zranenie
• Úmyselné trávenie, zastrelenie, odchyt alebo usmrtenie
• Je ponúkané na internete alebo na predaj","Nestačí uviesť iba, že je zviera týrané. Opíšte konkrétne, čo sa so zvieraťom deje alebo dialo, v akých podmienkach je držané a aké následky na ňom pozorujete. Uveďte, kedy ste situáciu videli, odkedy alebo ako často sa opakuje a či ide o vaše osobné pozorovanie. Ak viete, doplňte meno vlastníka, držiteľa alebo osoby, ktorá so zvieraťom zaobchádza. Ak ide o internetový inzerát, video alebo príspevok, vložte odkaz. Oddeľte, čo ste videli osobne, od toho, čo ste sa dozvedeli od iných osôb.

Čo sa stalo, kedy a ako často sa to deje, aké podmienky alebo zranenia ste videli a ako ste sa o situácii dozvedeli…",RVPS + SIŽP,"Chránená veľká šelma – welfare RVPS, ochrana druhu a držba SIŽP.",