Identifikácia pravidla,,,,,,W09–W11 Údaje o zvierati,,,,,W13/W14 + W16/W17 Nevyhnutné varovania,,,W15/W19/W20 Kontakty,,,,,,,,,,W21 Dobrovoľníci,,,W22/W23 Pomôžte sami,,,,,,,,,W24/W25 Ukončenie,,Interné,Developer flow – zranené zvieratá,
ID,Typ situácie,Kategória,Podkategória,Druh zvieraťa,Vyplniť na úrovni,W09 – checkboxy „Čo je zvieraťu?“,W09 – Je pri vedomí?,W09 – Ide o mláďa?,W09b – Iné,W09b/W11 – placeholder opisu,W13/W14 – vybraný frame,"W13/W14 – Čo nerobiť (doslova, všetky body)","W14 – Čo urobiť pred ďalším postupom (doslova, všetky body)",W15/W20 – kontakt 1 typ,Kontakt 1 – CTA / nadpis,Kontakt 1 – text pod nadpisom,Kontakt 1 – podľa polohy?,Kontakt 1 – lokalitná DB,W19/W15 – kontakt 2 typ,Kontakt 2 – CTA / nadpis,Kontakt 2 – text pod nadpisom,Kontakt 2 – podľa polohy?,Kontakt 2 – lokalitná DB,W21 – zobraziť?,W21 – poradie,W21 – text pod nadpisom,W22/W23 – zobraziť?,W22/W23 – intro,Krok 1 nadpis,Krok 1 text,Krok 2 nadpis,Krok 2 text,Krok 3 nadpis,Krok 3 text,Link,W24 – kto pomohol? možnosti,W25a/W25b – dôvody neúspechu,Poznámka pre IT / dizajn,Flow ID,Stav / čo ešte doplniť
ZRZAT-001,Zranené,Domáce zvieratá,,Pes,Druh – používa FLOW-ZR-DOM,"Je zranené po zrážke s vozidlom ASI EŠTE VŠADE KDE JE VHODNÉ DOPLNIŤ DOŠLO K ZRÁŽKE S VOZDILOM - PRE ZO KOMENTÁR (POZRIEŤ PRESNE ZNENIE ZÁKONA)
Spadlo z výšky
Krváca alebo má otvorenú ranu
Má poranenú končatinu, výrazne kríva alebo nevie stáť
Má sťažené dýchanie
Je apatické, v bezvedomí, má kŕče alebo reaguje nezvyčajne
Podozrenie na otravu alebo popálenie
Napadlo ho iné zviera
Je uviaznuté, zakliesnené alebo zamotané
Videl/a som alebo mám dôvodné podozrenie, že zviera úmyselne zranil človek (napr. bitím, postrelením alebo pascou)
Neviem
Iné","Áno
Nie
Neviem",Nedávať,Iné → rozbaliť W09b,Stručne popíšte iné zranenie alebo stav zvieraťa.,W14,"• K zranenému psovi sa nepribližujte prudko a nesnažte sa ho chytať nasilu.
• Nesiahajte mu do papule, nevyťahujte predmety z rany a nedávajte mu ľudské lieky.","• Ak pes leží, nehýbe sa alebo nehrozí jeho únik, nechajte ho v pokoji, držte si odstup a nedovoľte, aby ho rušili deti, psy alebo iné zvieratá.
• Ak hrozí, že pes ujde alebo sa ďalej zraní, pokúste sa mu v tom zabrániť len vtedy, ak je to bezpečné – ideálne bez priameho chytania, napríklad uzavretím priestoru alebo vytvorením pokojnej bariéry z odstupu.",W15 – obec / mesto alebo zmluvná osoba na odchyt ZATIAĽ PONECHANÉ TAK - ALE ASI V MPV BUDEME DÁVAŤ IBA KONTAKT NA OBEC - PODĽA TOHO AKO STIHNEME UROBIŤ ANALÝZU OBCÍ,Zavolajte obci alebo mestu,"Obec je povinná prevziať túlavé zviera nájdené na území obce od nálezcu a umiestniť ho v karanténnej stanici alebo útulku pre zvieratá.

Oznámte presnú polohu, druh a stav zvieraťa a či ohrozuje premávku alebo ľudí.",Áno – podľa obce z W03a/W03b,KONTAKTY_OBCE_ODCHYT – obec → schválená osoba na odchyt,"W18 – veterinár / partnerská klinika EŠTE ODKOMUNIKOVAŤ S DIZAJN, ŽE W18 JE TO KDE MÁ BYŤ POUČENIE ŽE TO NEBUDE BEZPLATNÉ",Môžete zavolať na veterinárnu kliniku,"Najprv telefonicky overte, či môže klinika zranené zviera bezodkladne prijať, kto zabezpečí prevoz a za akých podmienok.",Áno – podľa lokality a druhu,KONTAKTY_VET – druh zvieraťa + okres/kraj + dostupnosť,Áno,3. kontakt,"Ak nepomohla obec ani veterinár, zobrazte dostupných dobrovoľníkov Zverolinky podľa lokality a druhu zvieraťa.",Áno – až po neúspechu kontaktov,"Ak sa nepodarilo zabezpečiť pomoc cez kontakty, pokračujte len podľa podrobného návodu pre tento druh.",,,,,,,,"Obec / mesto alebo osoba schválená na odchyt
Veterinár / klinika
Dobrovoľník Zverolinky
Polícia (pri podozrení na úmyselné zranenie)
Iná osoba
Pomohol/pomohla som sám/sama","Obec/mesto alebo zmluvný odchyt nezdvihli
Obec/mesto alebo zmluvný odchyt odmietli pomôcť alebo prísť
Veterinár/klinika boli nedostupní alebo zatvorení
Veterinár/klinika odmietli zviera prijať
Nemohol/nemohla som zabezpečiť alebo uhradiť prevoz/ošetrenie
Dobrovoľníci neboli k dispozícii
Zviera utieklo alebo sa skrylo
Manipulácia nebola bezpečná
Zviera na mieste uhynulo
Situáciu vyriešil niekto iný
Iné",,FLOW-ZR-DOM,FLOW PRIPRAVENÝ; DOPLNIŤ DATABÁZU OBCÍ/ODCHYTOV A VETERÍN A DOPLŇIŤ POKYNY DO POMôŽTE SAMI 
ZRZAT-002,Zatúlané,Domáce zvieratá,,Pes,,,,,,,,,,,,,,,,,,,,,,,,,,,,,,,,,,,,
ZRZAT-003,Zranené,Domáce zvieratá,,Mačka,Druh – používa FLOW-ZR-DOM,"Je zranené po zrážke s vozidlom
Spadlo z výšky
Krváca alebo má otvorenú ranu
Má poranenú končatinu, výrazne kríva alebo nevie stáť
Má sťažené dýchanie
Je apatické, v bezvedomí, má kŕče alebo reaguje nezvyčajne
Podozrenie na otravu alebo popálenie
Napadlo ho iné zviera
Je uviaznuté, zakliesnené alebo zamotané
Videl/a som alebo mám dôvodné podozrenie, že zviera úmyselne zranil človek (napr. bitím, postrelením alebo pascou)
Neviem
Iné","Áno
Nie
Neviem","Áno
Nie
Neviem",Iné → rozbaliť W09b,Stručne popíšte iné zranenie alebo stav zvieraťa.,W14,"• Zranenú mačku nechytajte nasilu a nesnažte sa ju vyťahovať z úkrytu rukami.
• Nedávajte jej kravské mlieko, ľudské lieky ani sa nepokúšajte sami ošetrovať rany.","• Ak nehrozí, že mačka utečie alebo sa ďalej zraní, nechajte ju v pokoji, držte si odstup a nedovoľte, aby ju rušili deti, psy alebo iné zvieratá.
• Ak hrozí únik alebo ďalšie zranenie, pokúste sa jej v tom zabrániť len vtedy, ak je to bezpečné – napríklad uzavretím priestoru alebo opatrným prekrytím uterákom/dekou a umiestnením do prepravky alebo krabice s prístupom vzduchu.",W15 – obec / mesto alebo zmluvná osoba na odchyt,Zavolajte obci alebo mestu,"Obec je povinná prevziať túlavé zviera nájdené na území obce od nálezcu a umiestniť ho v karanténnej stanici alebo útulku pre zvieratá.

Oznámte presnú polohu, druh a stav zvieraťa a či ohrozuje premávku alebo ľudí.",Áno – podľa obce z W03a/W03b,KONTAKTY_OBCE_ODCHYT – obec → schválená osoba na odchyt,W18 – veterinár / partnerská klinika,Môžete zavolať na veterinárnu kliniku,"Najprv telefonicky overte, či môže klinika zranené zviera bezodkladne prijať, kto zabezpečí prevoz a za akých podmienok.",Áno – podľa lokality a druhu,KONTAKTY_VET – druh zvieraťa + okres/kraj + dostupnosť,Áno,3. kontakt,"Ak nepomohla obec ani veterinár, zobrazte dostupných dobrovoľníkov Zverolinky podľa lokality a druhu zvieraťa.",Áno – až po neúspechu kontaktov,"Ak sa nepodarilo zabezpečiť pomoc cez kontakty, pokračujte len podľa podrobného návodu pre tento druh.",,,,,,,,"Obec / mesto alebo osoba schválená na odchyt
Veterinár / klinika
Dobrovoľník Zverolinky
Polícia (pri podozrení na úmyselné zranenie)
Iná osoba
Pomohol/pomohla som sám/sama","Obec/mesto alebo zmluvný odchyt nezdvihli
Obec/mesto alebo zmluvný odchyt odmietli pomôcť alebo prísť
Veterinár/klinika boli nedostupní alebo zatvorení
Veterinár/klinika odmietli zviera prijať
Nemohol/nemohla som zabezpečiť alebo uhradiť prevoz/ošetrenie
Dobrovoľníci neboli k dispozícii
Zviera utieklo alebo sa skrylo
Manipulácia nebola bezpečná
Zviera na mieste uhynulo
Situáciu vyriešil niekto iný
Iné",,FLOW-ZR-DOM,FLOW PRIPRAVENÝ; DOPLNIŤ DATABÁZU OBCÍ/ODCHYTOV A VETERÍN A DOPLŇIŤ POKYNY DO POMôŽTE SAMI 
ZRZAT-004,Zatúlané,Domáce zvieratá,,Mačka,,,,,,,,,,,,,,,,,,,,,,,,,,,,,,,,,,,,
ZRZAT-005,Zranené,Domáce zvieratá,,Fretka,Druh – používa FLOW-ZR-DOM,"Je zranené po zrážke s vozidlom
Spadlo z výšky
Krváca alebo má otvorenú ranu
Má poranenú končatinu, výrazne kríva alebo nevie stáť
Má sťažené dýchanie
Je apatické, v bezvedomí, má kŕče alebo reaguje nezvyčajne
Podozrenie na otravu alebo popálenie
Napadlo ho iné zviera
Je uviaznuté, zakliesnené alebo zamotané
Videl/a som alebo mám dôvodné podozrenie, že zviera úmyselne zranil človek (napr. bitím, postrelením alebo pascou)
Neviem
Iné","Áno
Nie
Neviem","Áno
Nie
Neviem",Iné → rozbaliť W09b,Stručne popíšte iné zranenie alebo stav zvieraťa.,W14,"• Zranenú fretku nechytajte za chvost, nestláčajte ju a nesiahajte jej k hlave holými rukami.
• Nedávajte ju do nevetraného vreca, tašky alebo krabice.","• Ak nehrozí, že fretka utečie alebo sa ďalej zraní, nechajte ju v pokoji, držte si odstup a nedovoľte, aby ju rušili deti, psy alebo iné zvieratá.
• Ak hrozí únik alebo ďalšie zranenie, pokúste sa jej v tom zabrániť len vtedy, ak je to bezpečné – napríklad uzavretím priestoru alebo opatrným prekrytím uterákom/dekou a umiestnením do prepravky alebo krabice s prístupom vzduchu.",W15 – obec / mesto alebo zmluvná osoba na odchyt,Zavolajte obci alebo mestu,"Obec je povinná prevziať túlavé zviera nájdené na území obce od nálezcu a umiestniť ho v karanténnej stanici alebo útulku pre zvieratá.

Oznámte presnú polohu, druh a stav zvieraťa a či ohrozuje premávku alebo ľudí.",Áno – podľa obce z W03a/W03b,KONTAKTY_OBCE_ODCHYT – obec → schválená osoba na odchyt,W18 – veterinár / partnerská klinika,Môžete zavolať na veterinárnu kliniku,"Najprv telefonicky overte, či môže klinika zranené zviera bezodkladne prijať, kto zabezpečí prevoz a za akých podmienok.",Áno – podľa lokality a druhu,KONTAKTY_VET – druh zvieraťa + okres/kraj + dostupnosť,Áno,3. kontakt,"Ak nepomohla obec ani veterinár, zobrazte dostupných dobrovoľníkov Zverolinky podľa lokality a druhu zvieraťa.",Áno – až po neúspechu kontaktov,"Ak sa nepodarilo zabezpečiť pomoc cez kontakty, pokračujte len podľa podrobného návodu pre tento druh.",,,,,,,,"Obec / mesto alebo osoba schválená na odchyt
Veterinár / klinika
Dobrovoľník Zverolinky
Polícia (pri podozrení na úmyselné zranenie)
Iná osoba
Pomohol/pomohla som sám/sama","Obec/mesto alebo zmluvný odchyt nezdvihli
Obec/mesto alebo zmluvný odchyt odmietli pomôcť alebo prísť
Veterinár/klinika boli nedostupní alebo zatvorení
Veterinár/klinika odmietli zviera prijať
Nemohol/nemohla som zabezpečiť alebo uhradiť prevoz/ošetrenie
Dobrovoľníci neboli k dispozícii
Zviera utieklo alebo sa skrylo
Manipulácia nebola bezpečná
Zviera na mieste uhynulo
Situáciu vyriešil niekto iný
Iné",,FLOW-ZR-DOM,FLOW PRIPRAVENÝ; DOPLNIŤ DATABÁZU OBCÍ/ODCHYTOV A VETERÍN A DOPLŇIŤ POKYNY DO POMôŽTE SAMI 
ZRZAT-006,Zatúlané,Domáce zvieratá,,Fretka,,,,,,,,,,,,,,,,,,,,,,,,,,,,,,,,,,,,
ZRZAT-007,Zranené,Domáce zvieratá,,Králik,Druh – používa FLOW-ZR-DOM,"Krváca alebo má otvorenú ranu
Má poranenú končatinu, výrazne kríva alebo nevie stáť
Má nafúknuté brucho
Má sťažené dýchanie
Je apatický/á, v bezvedomí, má kŕče alebo reaguje nezvyčajne
Podozrenie na otravu alebo popálenie
Napadlo ho/ju iné zviera
Je uviaznutý/á, zakliesnený/á alebo zamotaný/á
Videl/a som alebo mám dôvodné podozrenie, že zviera úmyselne zranil človek (napr. bitím, postrelením alebo pascou)
Neviem
Iné","Áno
Nie
Neviem","Áno
Nie
Neviem",Iné → rozbaliť W09b,Stručne popíšte iné zranenie alebo stav zvieraťa.,W14,"• Zraneného králika nedvíhajte za uši, nohy ani samotnú kožu na zátylku.
• Nenaháňajte ho, nestláčajte mu telo a nerobte prudké pohyby.","• Ak nehrozí, že králik utečie alebo sa ďalej zraní, nechajte ho v pokoji, obmedzte hluk a nedovoľte, aby ho rušili deti, psy alebo iné zvieratá.
• Ak hrozí únik alebo ďalšie zranenie, pokúste sa mu v tom zabrániť len vtedy, ak je to bezpečné – napríklad opatrným prekrytím krabicou alebo umiestnením do prepravky/krabice s prístupom vzduchu.",W15 – obec / mesto alebo zmluvná osoba na odchyt,Zavolajte obci alebo mestu,"Obec je povinná prevziať túlavé zviera nájdené na území obce od nálezcu a umiestniť ho v karanténnej stanici alebo útulku pre zvieratá.

Oznámte presnú polohu, druh a stav zvieraťa a či ohrozuje premávku alebo ľudí.",Áno – podľa obce z W03a/W03b,KONTAKTY_OBCE_ODCHYT – obec → schválená osoba na odchyt,W18 – veterinár / partnerská klinika,Môžete zavolať na veterinárnu kliniku,"Najprv telefonicky overte, či môže klinika zranené zviera bezodkladne prijať, kto zabezpečí prevoz a za akých podmienok.",Áno – podľa lokality a druhu,KONTAKTY_VET – druh zvieraťa + okres/kraj + dostupnosť,Áno,3. kontakt,"Ak nepomohla obec ani veterinár, zobrazte dostupných dobrovoľníkov Zverolinky podľa lokality a druhu zvieraťa.",Áno – až po neúspechu kontaktov,"Ak sa nepodarilo zabezpečiť pomoc cez kontakty, pokračujte len podľa podrobného návodu pre tento druh.",,,,,,,,"Obec / mesto alebo osoba schválená na odchyt
Veterinár / klinika
Dobrovoľník Zverolinky
Polícia (pri podozrení na úmyselné zranenie)
Iná osoba
Pomohol/pomohla som sám/sama","Obec/mesto alebo zmluvný odchyt nezdvihli
Obec/mesto alebo zmluvný odchyt odmietli pomôcť alebo prísť
Veterinár/klinika boli nedostupní alebo zatvorení
Veterinár/klinika odmietli zviera prijať
Nemohol/nemohla som zabezpečiť alebo uhradiť prevoz/ošetrenie
Dobrovoľníci neboli k dispozícii
Zviera utieklo alebo sa skrylo
Manipulácia nebola bezpečná
Zviera na mieste uhynulo
Situáciu vyriešil niekto iný
Iné",,FLOW-ZR-DOM,FLOW PRIPRAVENÝ; DOPLNIŤ DATABÁZU OBCÍ/ODCHYTOV A VETERÍN A DOPLŇIŤ POKYNY DO POMôŽTE SAMI 
ZRZAT-008,Zatúlané,Domáce zvieratá,,Králik,,,,,,,,,,,,,,,,,,,,,,,,,,,,,,,,,,,,
ZRZAT-009,Zranené,Domáce zvieratá,,Morča,Druh – používa FLOW-ZR-DOM,"Krváca alebo má otvorenú ranu
Má poranenú končatinu, výrazne kríva alebo nevie stáť
Má nafúknuté brucho
Má sťažené dýchanie
Je apatický/á, v bezvedomí, má kŕče alebo reaguje nezvyčajne
Podozrenie na otravu alebo popálenie
Napadlo ho/ju iné zviera
Je uviaznutý/á, zakliesnený/á alebo zamotaný/á
Videl/a som alebo mám dôvodné podozrenie, že zviera úmyselne zranil človek (napr. bitím, postrelením alebo pascou)
Neviem
Iné","Áno
Nie
Neviem","Áno
Nie
Neviem",Iné → rozbaliť W09b,Stručne popíšte iné zranenie alebo stav zvieraťa.,W14,"• Zranené morča nechytajte za nohy, srsť ani kožu na krku.
• Nenaháňajte ho, nestláčajte mu hrudník ani brucho a nerobte prudké pohyby.","• Ak hrozí únik, pokúste sa ho bezpečne chytiť napríklad prekrytím látkou a vložením do malej prepravky alebo krabice s prístupom vzduchu.
• Ak je už zabezpečený, nechajte ho v pokoji a nemanipulujte s ním viac, než je nevyhnutné.",W15 – obec / mesto alebo zmluvná osoba na odchyt,Zavolajte obci alebo mestu,"Obec je povinná prevziať túlavé zviera nájdené na území obce od nálezcu a umiestniť ho v karanténnej stanici alebo útulku pre zvieratá.

Oznámte presnú polohu, druh a stav zvieraťa a či ohrozuje premávku alebo ľudí.",Áno – podľa obce z W03a/W03b,KONTAKTY_OBCE_ODCHYT – obec → schválená osoba na odchyt,W18 – veterinár / partnerská klinika,Môžete zavolať na veterinárnu kliniku,"Najprv telefonicky overte, či môže klinika zranené zviera bezodkladne prijať, kto zabezpečí prevoz a za akých podmienok.",Áno – podľa lokality a druhu,KONTAKTY_VET – druh zvieraťa + okres/kraj + dostupnosť,Áno,3. kontakt,"Ak nepomohla obec ani veterinár, zobrazte dostupných dobrovoľníkov Zverolinky podľa lokality a druhu zvieraťa.",Áno – až po neúspechu kontaktov,"Ak sa nepodarilo zabezpečiť pomoc cez kontakty, pokračujte len podľa podrobného návodu pre tento druh.",,,,,,,,"Obec / mesto alebo osoba schválená na odchyt
Veterinár / klinika
Dobrovoľník Zverolinky
Polícia (pri podozrení na úmyselné zranenie)
Iná osoba
Pomohol/pomohla som sám/sama","Obec/mesto alebo zmluvný odchyt nezdvihli
Obec/mesto alebo zmluvný odchyt odmietli pomôcť alebo prísť
Veterinár/klinika boli nedostupní alebo zatvorení
Veterinár/klinika odmietli zviera prijať
Nemohol/nemohla som zabezpečiť alebo uhradiť prevoz/ošetrenie
Dobrovoľníci neboli k dispozícii
Zviera utieklo alebo sa skrylo
Manipulácia nebola bezpečná
Zviera na mieste uhynulo
Situáciu vyriešil niekto iný
Iné",,FLOW-ZR-DOM,FLOW PRIPRAVENÝ; DOPLNIŤ DATABÁZU OBCÍ/ODCHYTOV A VETERÍN A DOPLŇIŤ POKYNY DO POMôŽTE SAMI 
ZRZAT-010,Zatúlané,Domáce zvieratá,,Morča,,,,,,,,,,,,,,,,,,,,,,,,,,,,,,,,,,,,
ZRZAT-011,Zranené,Domáce zvieratá,,Škrečok,Druh – používa FLOW-ZR-DOM,"Krváca alebo má otvorenú ranu
Má poranenú končatinu, výrazne kríva alebo nevie stáť
Má nafúknuté brucho
Má sťažené dýchanie
Je apatický/á, v bezvedomí, má kŕče alebo reaguje nezvyčajne
Podozrenie na otravu alebo popálenie
Napadlo ho/ju iné zviera
Je uviaznutý/á, zakliesnený/á alebo zamotaný/á
Videl/a som alebo mám dôvodné podozrenie, že zviera úmyselne zranil človek (napr. bitím, postrelením alebo pascou)
Neviem
Iné","Áno
Nie
Neviem","Áno
Nie
Neviem",Iné → rozbaliť W09b,Stručne popíšte iné zranenie alebo stav zvieraťa.,W14,"• Zraneného škrečka nechytajte za kožu, nohy ani chvost.
• Nepodávajte mu lieky, potravu ani vodu nasilu.","• Ak hrozí únik, pokúste sa ho bezpečne chytiť napríklad prekrytím látkou a vložením do malej prepravky alebo krabice s prístupom vzduchu.
• Ak je už zabezpečený, nechajte ho v pokoji a nemanipulujte s ním viac, než je nevyhnutné.",W15 – obec / mesto alebo zmluvná osoba na odchyt,Zavolajte obci alebo mestu,"Obec je povinná prevziať túlavé zviera nájdené na území obce od nálezcu a umiestniť ho v karanténnej stanici alebo útulku pre zvieratá.

Oznámte presnú polohu, druh a stav zvieraťa a či ohrozuje premávku alebo ľudí.",Áno – podľa obce z W03a/W03b,KONTAKTY_OBCE_ODCHYT – obec → schválená osoba na odchyt,W18 – veterinár / partnerská klinika,Môžete zavolať na veterinárnu kliniku,"Najprv telefonicky overte, či môže klinika zranené zviera bezodkladne prijať, kto zabezpečí prevoz a za akých podmienok.",Áno – podľa lokality a druhu,KONTAKTY_VET – druh zvieraťa + okres/kraj + dostupnosť,Áno,3. kontakt,"Ak nepomohla obec ani veterinár, zobrazte dostupných dobrovoľníkov Zverolinky podľa lokality a druhu zvieraťa.",Áno – až po neúspechu kontaktov,"Ak sa nepodarilo zabezpečiť pomoc cez kontakty, pokračujte len podľa podrobného návodu pre tento druh.",,,,,,,,"Obec / mesto alebo osoba schválená na odchyt
Veterinár / klinika
Dobrovoľník Zverolinky
Polícia (pri podozrení na úmyselné zranenie)
Iná osoba
Pomohol/pomohla som sám/sama","Obec/mesto alebo zmluvný odchyt nezdvihli
Obec/mesto alebo zmluvný odchyt odmietli pomôcť alebo prísť
Veterinár/klinika boli nedostupní alebo zatvorení
Veterinár/klinika odmietli zviera prijať
Nemohol/nemohla som zabezpečiť alebo uhradiť prevoz/ošetrenie
Dobrovoľníci neboli k dispozícii
Zviera utieklo alebo sa skrylo
Manipulácia nebola bezpečná
Zviera na mieste uhynulo
Situáciu vyriešil niekto iný
Iné",,FLOW-ZR-DOM,FLOW PRIPRAVENÝ; DOPLNIŤ DATABÁZU OBCÍ/ODCHYTOV A VETERÍN A DOPLŇIŤ POKYNY DO POMôŽTE SAMI 
ZRZAT-012,Zatúlané,Domáce zvieratá,,Škrečok,,,,,,,,,,,,,,,,,,,,,,,,,,,,,,,,,,,,
ZRZAT-015,Zranené,Domáce zvieratá,,Činčila,Druh – používa FLOW-ZR-DOM,"Krváca alebo má otvorenú ranu
Má poranenú končatinu, výrazne kríva alebo nevie stáť
Má nafúknuté brucho
Má sťažené dýchanie
Je apatický/á, v bezvedomí, má kŕče alebo reaguje nezvyčajne
Podozrenie na otravu alebo popálenie
Napadlo ho/ju iné zviera
Je uviaznutý/á, zakliesnený/á alebo zamotaný/á
Videl/a som alebo mám dôvodné podozrenie, že zviera úmyselne zranil človek (napr. bitím, postrelením alebo pascou)
Neviem
Iné","Áno
Nie
Neviem","Áno
Nie
Neviem",Iné → rozbaliť W09b,Stručne popíšte iné zranenie alebo stav zvieraťa.,W14,"• Zranenú činčilu nechytajte za chvost, srsť, nohy ani kožu na krku.
• Nestláčajte jej telo a nepodávajte jej lieky, potravu ani vodu nasilu.","• Ak hrozí únik, pokúste sa ju bezpečne chytiť napríklad prekrytím látkou a vložením do malej prepravky alebo krabice s prístupom vzduchu.
• Ak je už zabezpečená, nechajte ju v pokoji a nemanipulujte s ňou viac, než je nevyhnutné.",W15 – obec / mesto alebo zmluvná osoba na odchyt,Zavolajte obci alebo mestu,"Obec je povinná prevziať túlavé zviera nájdené na území obce od nálezcu a umiestniť ho v karanténnej stanici alebo útulku pre zvieratá.

Oznámte presnú polohu, druh a stav zvieraťa a či ohrozuje premávku alebo ľudí.",Áno – podľa obce z W03a/W03b,KONTAKTY_OBCE_ODCHYT – obec → schválená osoba na odchyt,W18 – veterinár / partnerská klinika,Môžete zavolať na veterinárnu kliniku,"Najprv telefonicky overte, či môže klinika zranené zviera bezodkladne prijať, kto zabezpečí prevoz a za akých podmienok.",Áno – podľa lokality a druhu,KONTAKTY_VET – druh zvieraťa + okres/kraj + dostupnosť,Áno,3. kontakt,"Ak nepomohla obec ani veterinár, zobrazte dostupných dobrovoľníkov Zverolinky podľa lokality a druhu zvieraťa.",Áno – až po neúspechu kontaktov,"Ak sa nepodarilo zabezpečiť pomoc cez kontakty, pokračujte len podľa podrobného návodu pre tento druh.",,,,,,,,"Obec / mesto alebo osoba schválená na odchyt
Veterinár / klinika
Dobrovoľník Zverolinky
Polícia (pri podozrení na úmyselné zranenie)
Iná osoba
Pomohol/pomohla som sám/sama","Obec/mesto alebo zmluvný odchyt nezdvihli
Obec/mesto alebo zmluvný odchyt odmietli pomôcť alebo prísť
Veterinár/klinika boli nedostupní alebo zatvorení
Veterinár/klinika odmietli zviera prijať
Nemohol/nemohla som zabezpečiť alebo uhradiť prevoz/ošetrenie
Dobrovoľníci neboli k dispozícii
Zviera utieklo alebo sa skrylo
Manipulácia nebola bezpečná
Zviera na mieste uhynulo
Situáciu vyriešil niekto iný
Iné",,FLOW-ZR-DOM,FLOW PRIPRAVENÝ; DOPLNIŤ DATABÁZU OBCÍ/ODCHYTOV A VETERÍN A DOPLŇIŤ POKYNY DO POMôŽTE SAMI 
ZRZAT-016,Zatúlané,Domáce zvieratá,,Činčila,,,,,,,,,,,,,,,,,,,,,,,,,,,,,,,,,,,,
ZRZAT-017,Zranené,Domáce zvieratá,,Papagáj,Druh – používa FLOW-ZR-DOM,"Má poranené alebo ovisnuté krídlo / nevie lietať
Krváca alebo má otvorenú ranu
Má poranenú nohu / nevie stáť
Má sťažené dýchanie
Je apatický, v bezvedomí, má kŕče alebo reaguje nezvyčajne
Je uviaznutý, zakliesnený alebo zamotaný
Podozrenie na otravu alebo popálenie
Napadlo ho iné zviera
Videl/a som alebo mám dôvodné podozrenie, že zviera úmyselne zranil človek (napr. bitím, postrelením alebo pascou)
Neviem
Iné","Áno
Nie
Neviem","Áno
Nie
Neviem",Iné → rozbaliť W09b,Stručne popíšte iné zranenie alebo stav zvieraťa.,W14,"• Zraneného papagája nechytajte za krídla, chvost ani nohy.
• Nestláčajte ho okolo hrudníka, nepodávajte mu lieky, potravu ani vodu nasilu.","• Ak hrozí, že odletí alebo sa presunie na nebezpečné miesto, môžete ho opatrne prekryť látkou a vložiť do prepravky alebo krabice s prístupom vzduchu. Dávajte pozor na zobák.",W15 – obec / mesto alebo zmluvná osoba na odchyt,Zavolajte obci alebo mestu,"Obec je povinná prevziať túlavé zviera nájdené na území obce od nálezcu a umiestniť ho v karanténnej stanici alebo útulku pre zvieratá.

Oznámte presnú polohu, druh a stav zvieraťa a či ohrozuje premávku alebo ľudí.",Áno – podľa obce z W03a/W03b,KONTAKTY_OBCE_ODCHYT – obec → schválená osoba na odchyt,W18 – veterinár / partnerská klinika,Môžete zavolať na veterinárnu kliniku,"Najprv telefonicky overte, či môže klinika zranené zviera bezodkladne prijať, kto zabezpečí prevoz a za akých podmienok.",Áno – podľa lokality a druhu,KONTAKTY_VET – druh zvieraťa + okres/kraj + dostupnosť,Áno,3. kontakt,"Ak nepomohla obec ani veterinár, zobrazte dostupných dobrovoľníkov Zverolinky podľa lokality a druhu zvieraťa.",Áno – až po neúspechu kontaktov,"Ak sa nepodarilo zabezpečiť pomoc cez kontakty, pokračujte len podľa podrobného návodu pre tento druh.",,,,,,,,"Obec / mesto alebo osoba schválená na odchyt
Veterinár / klinika
Dobrovoľník Zverolinky
Polícia (pri podozrení na úmyselné zranenie)
Iná osoba
Pomohol/pomohla som sám/sama","Obec/mesto alebo zmluvný odchyt nezdvihli
Obec/mesto alebo zmluvný odchyt odmietli pomôcť alebo prísť
Veterinár/klinika boli nedostupní alebo zatvorení
Veterinár/klinika odmietli zviera prijať
Nemohol/nemohla som zabezpečiť alebo uhradiť prevoz/ošetrenie
Dobrovoľníci neboli k dispozícii
Zviera utieklo alebo sa skrylo
Manipulácia nebola bezpečná
Zviera na mieste uhynulo
Situáciu vyriešil niekto iný
Iné",,FLOW-ZR-DOM,FLOW PRIPRAVENÝ; DOPLNIŤ DATABÁZU OBCÍ/ODCHYTOV A VETERÍN A DOPLŇIŤ POKYNY DO POMôŽTE SAMI 
ZRZAT-018,Zatúlané,Domáce zvieratá,,Papagáj,,,,,,,,,,,,,,,,,,,,,,,,,,,,,,,,,,,,
ZRZAT-019,Zranené,Domáce zvieratá,,Korytnačka,Druh – používa FLOW-ZR-DOM,"Má prasknutý alebo rozdrvený pancier
Krváca alebo má otvorenú ranu
Nevie sa pohybovať / má poranenú končatinu alebo hlavu
Je po zrážke s vozidlom alebo po páde
Je uviaznutá, zakliesnená alebo zamotaná
Podozrenie na otravu, popálenie alebo prehriatie/podchladenie
Napadlo ju iné zviera
Videl/a som alebo mám dôvodné podozrenie, že zviera úmyselne zranil človek (napr. bitím, postrelením alebo pascou)
Neviem
Iné","Áno
Nie
Neviem","Áno
Nie
Neviem",Iné → rozbaliť W09b,Stručne popíšte iné zranenie alebo stav zvieraťa.,W14,"• Zranenú korytnačku neotáčajte na chrbát, nedvíhajte ju za končatiny ani nezasahujte do rán.","• Ak jej hrozí ďalšie nebezpečenstvo, môžete ju opatrne presunúť len mimo bezprostredného ohrozenia. 
- Manipulujte s ňou čo najmenej a držte ju mimo priameho slnka, detí a iných zvierat.",W15 – obec / mesto alebo zmluvná osoba na odchyt,Zavolajte obci alebo mestu,"Obec je povinná prevziať túlavé zviera nájdené na území obce od nálezcu a umiestniť ho v karanténnej stanici alebo útulku pre zvieratá.

Oznámte presnú polohu, druh a stav zvieraťa a či ohrozuje premávku alebo ľudí.",Áno – podľa obce z W03a/W03b,KONTAKTY_OBCE_ODCHYT – obec → schválená osoba na odchyt,W18 – veterinár / partnerská klinika,Môžete zavolať na veterinárnu kliniku,"Najprv telefonicky overte, či môže klinika zranené zviera bezodkladne prijať, kto zabezpečí prevoz a za akých podmienok.",Áno – podľa lokality a druhu,KONTAKTY_VET – druh zvieraťa + okres/kraj + dostupnosť,Áno,3. kontakt,"Ak nepomohla obec ani veterinár, zobrazte dostupných dobrovoľníkov Zverolinky podľa lokality a druhu zvieraťa.",Áno – až po neúspechu kontaktov,"Ak sa nepodarilo zabezpečiť pomoc cez kontakty, pokračujte len podľa podrobného návodu pre tento druh.",,,,,,,,"Obec / mesto alebo osoba schválená na odchyt
Veterinár / klinika
Dobrovoľník Zverolinky
Polícia (pri podozrení na úmyselné zranenie)
Iná osoba
Pomohol/pomohla som sám/sama","Obec/mesto alebo zmluvný odchyt nezdvihli
Obec/mesto alebo zmluvný odchyt odmietli pomôcť alebo prísť
Veterinár/klinika boli nedostupní alebo zatvorení
Veterinár/klinika odmietli zviera prijať
Nemohol/nemohla som zabezpečiť alebo uhradiť prevoz/ošetrenie
Dobrovoľníci neboli k dispozícii
Zviera utieklo alebo sa skrylo
Manipulácia nebola bezpečná
Zviera na mieste uhynulo
Situáciu vyriešil niekto iný
Iné",,FLOW-ZR-DOM,FLOW PRIPRAVENÝ; DOPLNIŤ DATABÁZU OBCÍ/ODCHYTOV A VETERÍN A DOPLŇIŤ POKYNY DO POMôŽTE SAMI 
ZRZAT-020,Zatúlané,Domáce zvieratá,,Korytnačka,,,,,,,,,,,,,,,,,,,,,,,,,,,,,,,,,,,,
ZRZAT-022,Zatúlané,Domáce zvieratá,,Had,,,,,,,,,,,,,,,,,,,,,,,,,,,,,,,,,,,,
ZRZAT-024,Zatúlané,Domáce zvieratá,,Jašterica,,,,,,,,,,,,,,,,,,,,,,,,,,,,,,,,,,,,
ZRZAT-025,Zranené,Hospodárske zvieratá,,Kôň,Druh – používa FLOW-ZR-HOSP,"Je zranený/á po zrážke s vozidlom
Krváca alebo má otvorenú ranu
Má zlomeninu, výrazne kríva alebo nevie stáť
Má silné bolesti brucha / kolikové príznaky
Má sťažené dýchanie
Je uviaznutý/á, zakliesnený/á alebo zamotaný/á
Je apatický/á, v bezvedomí alebo reaguje nezvyčajne
Podozrenie na otravu
Videl/a som alebo mám dôvodné podozrenie, že zviera úmyselne zranil človek (napr. bitím, postrelením alebo pascou)
Neviem
Iné","Áno
Nie
Neviem","Áno
Nie
Neviem",Iné → rozbaliť W09b,Stručne popíšte iné zranenie alebo stav zvieraťa.,W13,"• K zranenému koňovi sa nepribližujte, nesnažte sa ho chytať, priväzovať ani zastavovať vlastným telom.
• Nevyťahujte predmety z rany a nepodávajte mu vodu ani potravu.",,,,,,,,,,,,Áno,1. a jediný používateľský kontakt,"Zobrazte príslušného dobrovoľníka podľa polohy, druhu a dostupnosti. Dobrovoľník preverí bezpečný ďalší postup; pri veľkom zvierati nevyzývajte používateľa na manipuláciu.",Nie,,,,,,,,,"Dobrovoľník Zverolinky
Zverolinka po internom preverení
Polícia alebo záchranná zložka pri ohrození
","Dobrovoľník nebol dostupný alebo nemohol prísť
Zverolinka po internom preverení nenašla dostupnú pomoc
Zviera sa premiestnilo alebo utieklo
Miesto alebo manipulácia neboli bezpečné
Zviera na mieste uhynulo
Situáciu vyriešil niekto iný
Iné",,FLOW-ZR-HOSP,FLOW PRIPRAVENÝ 
ZRZAT-026,Zatúlané,Hospodárske zvieratá,,Kôň,,,,,,,,,,,,,,,,,,,,,,,,,,,,,,,,,,,,
ZRZAT-027,Zranené,Hospodárske zvieratá,,Somár,Druh – používa FLOW-ZR-HOSP,"Je zranený/á po zrážke s vozidlom
Krváca alebo má otvorenú ranu
Má zlomeninu, výrazne kríva alebo nevie stáť
Má silné bolesti brucha / kolikové príznaky
Má sťažené dýchanie
Je uviaznutý/á, zakliesnený/á alebo zamotaný/á
Je apatický/á, v bezvedomí alebo reaguje nezvyčajne
Podozrenie na otravu
Videl/a som alebo mám dôvodné podozrenie, že zviera úmyselne zranil človek (napr. bitím, postrelením alebo pascou)
Neviem
Iné","Áno
Nie
Neviem","Áno
Nie
Neviem",Iné → rozbaliť W09b,Stručne popíšte iné zranenie alebo stav zvieraťa.,W13,"• K zranenému somárovi sa nepribližujte prudko, nesnažte sa ho chytať, priväzovať ani ťahať.
• Nevyťahujte predmety z rany a nepodávajte mu vodu ani potravu.",,,,,,,,,,,,Áno,1. a jediný používateľský kontakt,"Zobrazte príslušného dobrovoľníka podľa polohy, druhu a dostupnosti. Dobrovoľník preverí bezpečný ďalší postup; pri veľkom zvierati nevyzývajte používateľa na manipuláciu.",Nie,,,,,,,,,"Dobrovoľník Zverolinky
Zverolinka po internom preverení
Polícia alebo záchranná zložka pri ohrození
","Dobrovoľník nebol dostupný alebo nemohol prísť
Zverolinka po internom preverení nenašla dostupnú pomoc
Zviera sa premiestnilo alebo utieklo
Miesto alebo manipulácia neboli bezpečné
Zviera na mieste uhynulo
Situáciu vyriešil niekto iný
Iné",,FLOW-ZR-HOSP,FLOW PRIPRAVENÝ 
ZRZAT-028,Zatúlané,Hospodárske zvieratá,,Somár,,,,,,,,,,,,,,,,,,,,,,,,,,,,,,,,,,,,
ZRZAT-029,Zranené,Hospodárske zvieratá,,Krava,Druh – používa FLOW-ZR-HOSP,"Je zranené po zrážke s vozidlom
Krváca alebo má otvorenú ranu
Má zlomeninu, výrazne kríva alebo nevie stáť
Má výrazne nafúknuté brucho
Má sťažené dýchanie
Je uviaznuté, zakliesnené alebo zamotané
Má komplikácie pri pôrode
Je apatické, v bezvedomí alebo reaguje nezvyčajne
Podozrenie na otravu alebo prehriatie
Videl/a som alebo mám dôvodné podozrenie, že zviera úmyselne zranil človek (napr. bitím, postrelením alebo pascou)
Neviem
Iné","Áno
Nie
Neviem","Áno
Nie
Neviem",Iné → rozbaliť W09b,Stručne popíšte iné zranenie alebo stav zvieraťa.,W13,"• Ku krave sa nepribližujte, najmä ak je zranená alebo s mláďaťom.
• nesnažte sa ju chytať, priväzovať ani zastavovať vlastným telom.",,,,,,,,,,,,Áno,1. a jediný používateľský kontakt,"Zobrazte príslušného dobrovoľníka podľa polohy, druhu a dostupnosti. Dobrovoľník preverí bezpečný ďalší postup; pri veľkom zvierati nevyzývajte používateľa na manipuláciu.",Nie,,,,,,,,,"Dobrovoľník Zverolinky
Zverolinka po internom preverení
Polícia alebo záchranná zložka pri ohrození
","Dobrovoľník nebol dostupný alebo nemohol prísť
Zverolinka po internom preverení nenašla dostupnú pomoc
Zviera sa premiestnilo alebo utieklo
Miesto alebo manipulácia neboli bezpečné
Zviera na mieste uhynulo
Situáciu vyriešil niekto iný
Iné",,FLOW-ZR-HOSP,FLOW PRIPRAVENÝ 
ZRZAT-030,Zatúlané,Hospodárske zvieratá,,Krava,,,,,,,,,,,,,,,,,,,,,,,,,,,,,,,,,,,,
ZRZAT-031,Zranené,Hospodárske zvieratá,,Ovca,Druh – používa FLOW-ZR-HOSP,"Je zranené po zrážke s vozidlom
Krváca alebo má otvorenú ranu
Má zlomeninu, výrazne kríva alebo nevie stáť
Má výrazne nafúknuté brucho
Má sťažené dýchanie
Je uviaznuté, zakliesnené alebo zamotané
Má komplikácie pri pôrode
Je apatické, v bezvedomí alebo reaguje nezvyčajne
Podozrenie na otravu alebo prehriatie
Videl/a som alebo mám dôvodné podozrenie, že zviera úmyselne zranil človek (napr. bitím, postrelením alebo pascou)
Neviem
Iné","Áno
Nie
Neviem","Áno
Nie
Neviem",Iné → rozbaliť W09b,Stručne popíšte iné zranenie alebo stav zvieraťa.,W14,"• Ovcu neťahajte za vlnu, nohy ani rohy.
• Neukladajte ju na bok ani na chrbát.","• Ak je ovca v pokoji a nehrozí jej ďalšie bezprostredné nebezpečenstvo, zbytočne s ňou nemanipulujte.
• Ovca by nemala zostať ležať na boku alebo na chrbte, pretože sa môže začať nafukovať a mať problém s dýchaním. Ak leží na chrbte a viete to urobiť bezpečne, najmä ak ste minimálne dvaja, pokúste sa ju opatrne pretočiť do prirodzenej polohy na hrudi/bruchu, aby mohla lepšie dýchať.",,,,,,,,,,,Áno,1. a jediný používateľský kontakt,"Zobrazte príslušného dobrovoľníka podľa polohy, druhu a dostupnosti. Dobrovoľník preverí bezpečný ďalší postup; pri veľkom zvierati nevyzývajte používateľa na manipuláciu.",Nie,,,,,,,,,"Dobrovoľník Zverolinky
Zverolinka po internom preverení
Polícia alebo záchranná zložka pri ohrození
","Dobrovoľník nebol dostupný alebo nemohol prísť
Zverolinka po internom preverení nenašla dostupnú pomoc
Zviera sa premiestnilo alebo utieklo
Miesto alebo manipulácia neboli bezpečné
Zviera na mieste uhynulo
Situáciu vyriešil niekto iný
Iné",,FLOW-ZR-HOSP,FLOW PRIPRAVENÝ 
ZRZAT-032,Zatúlané,Hospodárske zvieratá,,Ovca,,,,,,,,,,,,,,,,,,,,,,,,,,,,,,,,,,,,
ZRZAT-033,Zranené,Hospodárske zvieratá,,Koza,Druh – používa FLOW-ZR-HOSP,"Je zranené po zrážke s vozidlom
Krváca alebo má otvorenú ranu
Má zlomeninu, výrazne kríva alebo nevie stáť
Má výrazne nafúknuté brucho
Má sťažené dýchanie
Je uviaznuté, zakliesnené alebo zamotané
Má komplikácie pri pôrode
Je apatické, v bezvedomí alebo reaguje nezvyčajne
Podozrenie na otravu alebo prehriatie
Videl/a som alebo mám dôvodné podozrenie, že zviera úmyselne zranil človek (napr. bitím, postrelením alebo pascou)
Neviem
Iné","Áno
Nie
Neviem","Áno
Nie
Neviem",Iné → rozbaliť W09b,Stručne popíšte iné zranenie alebo stav zvieraťa.,W14,"• Kozu neťahajte za rohy, nohy ani srsť.
• Neotáčajte sa k nej chrbtom a dávajte si pozor na rohy.","• Ak je koza v pokoji a nehrozí jej ďalšie bezprostredné nebezpečenstvo, zbytočne s ňou nemanipulujte.
• Koza by nemala zostať ležať na boku alebo na chrbte, pretože sa môže začať nafukovať a mať problém s dýchaním. Ak leží na chrbte a viete to urobiť bezpečne, najmä ak ste minimálne dvaja, pokúste sa ju opatrne pretočiť do prirodzenej polohy na hrudi/bruchu, aby mohla lepšie dýchať.",,,,,,,,,,,Áno,1. a jediný používateľský kontakt,"Zobrazte príslušného dobrovoľníka podľa polohy, druhu a dostupnosti. Dobrovoľník preverí bezpečný ďalší postup; pri veľkom zvierati nevyzývajte používateľa na manipuláciu.",Nie,,,,,,,,,"Dobrovoľník Zverolinky
Zverolinka po internom preverení
Polícia alebo záchranná zložka pri ohrození
","Dobrovoľník nebol dostupný alebo nemohol prísť
Zverolinka po internom preverení nenašla dostupnú pomoc
Zviera sa premiestnilo alebo utieklo
Miesto alebo manipulácia neboli bezpečné
Zviera na mieste uhynulo
Situáciu vyriešil niekto iný
Iné",,FLOW-ZR-HOSP,FLOW PRIPRAVENÝ 
ZRZAT-034,Zatúlané,Hospodárske zvieratá,,Koza,,,,,,,,,,,,,,,,,,,,,,,,,,,,,,,,,,,,
ZRZAT-035,Zranené,Hospodárske zvieratá,,Prasa,Druh – používa FLOW-ZR-HOSP,"Je zranené po zrážke s vozidlom
Krváca alebo má otvorenú ranu
Má zlomeninu, výrazne kríva alebo nevie stáť
Má výrazne nafúknuté brucho
Má sťažené dýchanie
Je uviaznuté, zakliesnené alebo zamotané
Má komplikácie pri pôrode
Je apatické, v bezvedomí alebo reaguje nezvyčajne
Podozrenie na otravu alebo prehriatie
Videl/a som alebo mám dôvodné podozrenie, že zviera úmyselne zranil človek (napr. bitím, postrelením alebo pascou)
Neviem
Iné","Áno
Nie
Neviem","Áno
Nie
Neviem",Iné → rozbaliť W09b,Stručne popíšte iné zranenie alebo stav zvieraťa.,W13,"• K prasaťu sa nepribližujte, ak je vystresované alebo zranené.
• Nezaháňajte ho do kúta, nekŕmte ho a nedávajte mu vodu pri zranení.",,,,,,,,,,,,Áno,1. a jediný používateľský kontakt,"Zobrazte príslušného dobrovoľníka podľa polohy, druhu a dostupnosti. Dobrovoľník preverí bezpečný ďalší postup; pri veľkom zvierati nevyzývajte používateľa na manipuláciu.",Nie,,,,,,,,,"Dobrovoľník Zverolinky
Zverolinka po internom preverení
Polícia alebo záchranná zložka pri ohrození
","Dobrovoľník nebol dostupný alebo nemohol prísť
Zverolinka po internom preverení nenašla dostupnú pomoc
Zviera sa premiestnilo alebo utieklo
Miesto alebo manipulácia neboli bezpečné
Zviera na mieste uhynulo
Situáciu vyriešil niekto iný
Iné",,FLOW-ZR-HOSP,FLOW PRIPRAVENÝ 
ZRZAT-036,Zatúlané,Hospodárske zvieratá,,Prasa,,,,,,,,,,,,,,,,,,,,,,,,,,,,,,,,,,,,
ZRZAT-037,Zranené,Hospodárske zvieratá,,Sliepka,Druh – používa FLOW-ZR-HOSP,"Má poranené alebo ovisnuté krídlo / nevie lietať
Krváca alebo má otvorenú ranu
Má poranenú nohu / nevie stáť
Je apatický/á, v bezvedomí alebo reaguje nezvyčajne
Má sťažené dýchanie
Napadol ho/ju predátor alebo iné zviera
Je uviaznutý/á, zakliesnený/á alebo zamotaný/á
Podozrenie na otravu
Videl/a som alebo mám dôvodné podozrenie, že zviera úmyselne zranil človek (napr. bitím, postrelením alebo pascou)
Neviem
Iné","Áno
Nie
Neviem","Áno
Nie
Neviem",Iné → rozbaliť W09b,Stručne popíšte iné zranenie alebo stav zvieraťa.,W14,"• Sliepku nechytajte za nohy, krídla ani krk, a nenoste ju dolu hlavou.","• Ak hrozí, únik alebo že sa viac zraní, môžete ju opatrne prekryť látkou a vložiť do prepravky alebo krabice s prístupom vzduchu.
• Pri prenášaní jej pridržte krídla pri tele a nemanipulujte s ňou viac, než je nevyhnutné.",,,,,,,,,,,Áno,1. a jediný používateľský kontakt,"Zobrazte príslušného dobrovoľníka podľa polohy, druhu a dostupnosti. Dobrovoľník preverí bezpečný ďalší postup; pri veľkom zvierati nevyzývajte používateľa na manipuláciu.",Áno – až po neúspechu kontaktov,,,,,,,,,"Dobrovoľník Zverolinky
Zverolinka po internom preverení
Polícia alebo záchranná zložka pri ohrození
","Dobrovoľník nebol dostupný alebo nemohol prísť
Zverolinka po internom preverení nenašla dostupnú pomoc
Zviera sa premiestnilo alebo utieklo
Miesto alebo manipulácia neboli bezpečné
Zviera na mieste uhynulo
Situáciu vyriešil niekto iný
Iné",,FLOW-ZR-HOSP,FLOW PRIPRAVENÝ. DOPLŇIŤ POKYNY DO POMôŽTE SAMI 
ZRZAT-038,Zatúlané,Hospodárske zvieratá,,Sliepka,,,,,,,,,,,,,,,,,,,,,,,,,,,,,,,,,,,,
ZRZAT-039,Zranené,Hospodárske zvieratá,,Kačica,Druh – používa FLOW-ZR-HOSP,"Má poranené alebo ovisnuté krídlo / nevie lietať
Krváca alebo má otvorenú ranu
Má poranenú nohu / nevie stáť
Je apatický/á, v bezvedomí alebo reaguje nezvyčajne
Má sťažené dýchanie
Napadol ho/ju predátor alebo iné zviera
Je uviaznutý/á, zakliesnený/á alebo zamotaný/á
Podozrenie na otravu
Videl/a som alebo mám dôvodné podozrenie, že zviera úmyselne zranil človek (napr. bitím, postrelením alebo pascou)
Neviem
Iné","Áno
Nie
Neviem","Áno
Nie
Neviem",Iné → rozbaliť W09b,Stručne popíšte iné zranenie alebo stav zvieraťa.,W14,• Kačicu neťahajte za krídla ani nohy.,"• Ak hrozí, únik alebo že sa viac zraní, môžete ju opatrne prekryť látkou a vložiť do prepravky alebo krabice s prístupom vzduchu.
• Pri prenášaní jej pridržte krídla pri tele a nemanipulujte s ňou viac, než je nevyhnutné.",,,,,,,,,,,Áno,1. a jediný používateľský kontakt,"Zobrazte príslušného dobrovoľníka podľa polohy, druhu a dostupnosti. Dobrovoľník preverí bezpečný ďalší postup; pri veľkom zvierati nevyzývajte používateľa na manipuláciu.",Áno – až po neúspechu kontaktov,,,,,,,,,"Dobrovoľník Zverolinky
Zverolinka po internom preverení
Polícia alebo záchranná zložka pri ohrození
","Dobrovoľník nebol dostupný alebo nemohol prísť
Zverolinka po internom preverení nenašla dostupnú pomoc
Zviera sa premiestnilo alebo utieklo
Miesto alebo manipulácia neboli bezpečné
Zviera na mieste uhynulo
Situáciu vyriešil niekto iný
Iné",,FLOW-ZR-HOSP,FLOW PRIPRAVENÝ. DOPLŇIŤ POKYNY DO POMôŽTE SAMI 
ZRZAT-040,Zatúlané,Hospodárske zvieratá,,Kačica,,,,,,,,,,,,,,,,,,,,,,,,,,,,,,,,,,,,
ZRZAT-041,Zranené,Hospodárske zvieratá,,Hus,Druh – používa FLOW-ZR-HOSP,"Má poranené alebo ovisnuté krídlo / nevie lietať
Krváca alebo má otvorenú ranu
Má poranenú nohu / nevie stáť
Je apatický/á, v bezvedomí alebo reaguje nezvyčajne
Má sťažené dýchanie
Napadol ho/ju predátor alebo iné zviera
Je uviaznutý/á, zakliesnený/á alebo zamotaný/á
Podozrenie na otravu
Videl/a som alebo mám dôvodné podozrenie, že zviera úmyselne zranil človek (napr. bitím, postrelením alebo pascou)
Neviem
Iné","Áno
Nie
Neviem","Áno
Nie
Neviem",Iné → rozbaliť W09b,Stručne popíšte iné zranenie alebo stav zvieraťa.,W14,"• K zranenej husi sa nepribližujte tvárou ani rukami k zobáku a nechytajte ju za krídla, nohy ani krk.","• Ak hrozí, únik alebo že sa viac zraní, môžete ju opatrne prekryť látkou a vložiť do prepravky alebo krabice s prístupom vzduchu.
• Pri prenášaní jej pridržte krídla pri tele, držte zobák mimo tváre a nemanipulujte s ňou viac, než je nevyhnutné.",,,,,,,,,,,Áno,1. a jediný používateľský kontakt,"Zobrazte príslušného dobrovoľníka podľa polohy, druhu a dostupnosti. Dobrovoľník preverí bezpečný ďalší postup; pri veľkom zvierati nevyzývajte používateľa na manipuláciu.",Áno – až po neúspechu kontaktov,,,,,,,,,"Dobrovoľník Zverolinky
Zverolinka po internom preverení
Polícia alebo záchranná zložka pri ohrození
","Dobrovoľník nebol dostupný alebo nemohol prísť
Zverolinka po internom preverení nenašla dostupnú pomoc
Zviera sa premiestnilo alebo utieklo
Miesto alebo manipulácia neboli bezpečné
Zviera na mieste uhynulo
Situáciu vyriešil niekto iný
Iné",,FLOW-ZR-HOSP,FLOW PRIPRAVENÝ. DOPLŇIŤ POKYNY DO POMôŽTE SAMI 
ZRZAT-042,Zatúlané,Hospodárske zvieratá,,Hus,,,,,,,,,,,,,,,,,,,,,,,,,,,,,,,,,,,,
ZRZAT-043,Zranené,Hospodárske zvieratá,,Morka,Druh – používa FLOW-ZR-HOSP,"Má poranené alebo ovisnuté krídlo / nevie lietať
Krváca alebo má otvorenú ranu
Má poranenú nohu / nevie stáť
Je apatický/á, v bezvedomí alebo reaguje nezvyčajne
Má sťažené dýchanie
Napadol ho/ju predátor alebo iné zviera
Je uviaznutý/á, zakliesnený/á alebo zamotaný/á
Podozrenie na otravu
Videl/a som alebo mám dôvodné podozrenie, že zviera úmyselne zranil človek (napr. bitím, postrelením alebo pascou)
Neviem
Iné","Áno
Nie
Neviem","Áno
Nie
Neviem",Iné → rozbaliť W09b,Stručne popíšte iné zranenie alebo stav zvieraťa.,W14,"• Zranenú morku nechytajte za krídla, nohy ani krk a nepribližujte sa tvárou k zobáku.","• Ak hrozí, únik alebo že sa viac zraní, môžete ju opatrne prekryť látkou a vložiť do prepravky alebo krabice s prístupom vzduchu.
• Pri prenášaní jej pridržte krídla pri tele, držte zobák mimo tváre a nemanipulujte s ňou viac, než je nevyhnutné.",,,,,,,,,,,Áno,1. a jediný používateľský kontakt,"Zobrazte príslušného dobrovoľníka podľa polohy, druhu a dostupnosti. Dobrovoľník preverí bezpečný ďalší postup; pri veľkom zvierati nevyzývajte používateľa na manipuláciu.",Áno – až po neúspechu kontaktov,,,,,,,,,"Dobrovoľník Zverolinky
Zverolinka po internom preverení
Polícia alebo záchranná zložka pri ohrození
","Dobrovoľník nebol dostupný alebo nemohol prísť
Zverolinka po internom preverení nenašla dostupnú pomoc
Zviera sa premiestnilo alebo utieklo
Miesto alebo manipulácia neboli bezpečné
Zviera na mieste uhynulo
Situáciu vyriešil niekto iný
Iné",,FLOW-ZR-HOSP,FLOW PRIPRAVENÝ. DOPLŇIŤ POKYNY DO POMôŽTE SAMI 
ZRZAT-044,Zatúlané,Hospodárske zvieratá,,Morka,,,,,,,,,,,,,,,,,,,,,,,,,,,,,,,,,,,,
ZRZAT-045,Zranené,Hospodárske zvieratá,,Králik,Druh – používa FLOW-ZR-HOSP,"Krváca alebo má otvorenú ranu
Má poranenú končatinu / nevie stáť
Má nafúknuté brucho
Má sťažené dýchanie
Je apatický, v bezvedomí, má kŕče alebo reaguje nezvyčajne
Napadlo ho iné zviera
Je uviaznutý, zakliesnený alebo zamotaný
Podozrenie na otravu alebo prehriatie
Videl/a som alebo mám dôvodné podozrenie, že zviera úmyselne zranil človek (napr. bitím, postrelením alebo pascou)
Neviem
Iné","Áno
Nie
Neviem","Áno
Nie
Neviem",Iné → rozbaliť W09b,Stručne popíšte iné zranenie alebo stav zvieraťa.,W14,"• Zraneného králika nedvíhajte za uši, nohy ani samotnú kožu na zátylku.
• Nenaháňajte ho a nerobte prudké pohyby, ľahko sa splaší.","• Ak hrozí únik, pokúste sa ho bezpečne chytiť napríklad prekrytím látkou a vložením do prepravky alebo krabice s prístupom vzduchu.
• Ak ho musíte zdvihnúť, podoprite mu aj zadnú časť tela a nemanipulujte s ním viac, než je nevyhnutné.",,,,,,,,,,,Áno,1. a jediný používateľský kontakt,"Zobrazte príslušného dobrovoľníka podľa polohy, druhu a dostupnosti. Dobrovoľník preverí bezpečný ďalší postup; pri veľkom zvierati nevyzývajte používateľa na manipuláciu.",Áno – až po neúspechu kontaktov,,,,,,,,,"Dobrovoľník Zverolinky
Zverolinka po internom preverení
Polícia alebo záchranná zložka pri ohrození
","Dobrovoľník nebol dostupný alebo nemohol prísť
Zverolinka po internom preverení nenašla dostupnú pomoc
Zviera sa premiestnilo alebo utieklo
Miesto alebo manipulácia neboli bezpečné
Zviera na mieste uhynulo
Situáciu vyriešil niekto iný
Iné",,FLOW-ZR-HOSP,FLOW PRIPRAVENÝ. DOPLŇIŤ POKYNY DO POMôŽTE SAMI 
ZRZAT-046,Zatúlané,Hospodárske zvieratá,,Králik,,,,,,,,,,,,,,,,,,,,,,,,,,,,,,,,,,,,
ZRZAT-047,Zranené,Hospodárske zvieratá,,Holub,Druh – používa FLOW-ZR-HOSP,"Má poranené alebo ovisnuté krídlo / nevie lietať
Krváca alebo má otvorenú ranu
Má poranenú nohu / nevie stáť
Je apatický/á, v bezvedomí alebo reaguje nezvyčajne
Má sťažené dýchanie
Napadol ho/ju predátor alebo iné zviera
Je uviaznutý/á, zakliesnený/á alebo zamotaný/á
Podozrenie na otravu
Videl/a som alebo mám dôvodné podozrenie, že zviera úmyselne zranil človek (napr. bitím, postrelením alebo pascou)
Neviem
Iné","Áno
Nie
Neviem","Áno
Nie
Neviem",Iné → rozbaliť W09b,Stručne popíšte iné zranenie alebo stav zvieraťa.,W14,"• Holubovi nedávajte vodu do zobáka a nepokúšajte sa mu narovnať krídlo alebo nohu, nechytajte za krídla, nohy ani chvost.
• Nenoste ho v klietke, kde bude mávať krídlami.","• Ak hrozí, že sa bude ďalej zraňovať alebo odletí na nebezpečné miesto, môžete ho opatrne prekryť látkou a vložiť do krabice s prístupom vzduchu.
• Pri manipulácii mu pridržte krídla pri tele a nechajte ho v pokoji.",,,,,,,,,,,Áno,1. a jediný používateľský kontakt,"Zobrazte príslušného dobrovoľníka podľa polohy, druhu a dostupnosti. Dobrovoľník preverí bezpečný ďalší postup; pri veľkom zvierati nevyzývajte používateľa na manipuláciu.",Áno – až po neúspechu kontaktov,,,,,,,,,"Dobrovoľník Zverolinky
Zverolinka po internom preverení
Polícia alebo záchranná zložka pri ohrození
","Dobrovoľník nebol dostupný alebo nemohol prísť
Zverolinka po internom preverení nenašla dostupnú pomoc
Zviera sa premiestnilo alebo utieklo
Miesto alebo manipulácia neboli bezpečné
Zviera na mieste uhynulo
Situáciu vyriešil niekto iný
Iné",,FLOW-ZR-HOSP,FLOW PRIPRAVENÝ. DOPLŇIŤ POKYNY DO POMôŽTE SAMI 
ZRZAT-048,Zatúlané,Hospodárske zvieratá,,Holub,,,,,,,,,,,,,,,,,,,,,,,,,,,,,,,,,,,,
ZRZAT-050,Zatúlané,Hospodárske zvieratá,,Včely,,,,,,,,,,,,,,,,,,,,,,,,,,,,,,,,,,,,
ZRZAT-051,Zranené,Vtáky,Dravce,Orol,Druh – používa FLOW-ZR-CHR-STD,"Krváca alebo má otvorenú ranu
Má poškodené alebo ovisnuté krídlo / nevie lietať
Má poranenú nohu / nevie stáť alebo chodiť
Narazilo do skla alebo inej prekážky
Je uviaznuté, zamotané alebo zlepené
Bolo zasiahnuté elektrickým prúdom
Je znečistené olejom, lepidlom alebo inou látkou
Je apatické, dezorientované alebo sa nechá ľahko chytiť
Podozrenie na otravu
Videl/a som alebo mám dôvodné podozrenie, že zviera úmyselne zranil človek (napr. bitím, postrelením alebo pascou)
Neviem
Iné","Áno
Nie
Neviem","Áno
Nie
Neviem

POZOR TU SOM ZABUDLA PRI VTÁKOCH EŠTE SAMOSTATNE PRI KAŽDOM DRUHU POUČENIE A FLOW PRE MLÁĎA - DOPLNÚM",Iné → rozbaliť W09b,Stručne popíšte iné zranenie alebo stav zvieraťa.,W14,• Vtáka nekŕmte a nenapájajte - hrozí vdýchnutie a zadusenie. • Pri ovisnutom krídle alebo podozrení na zlomeninu manipulujte čo najmenej. • Dravce môžu spôsobiť hlboké poranenia - často sa bránia najmä pazúrmi na nohách alebo zobákom.,"• Ak je vták v bezprostrednom nebezpečí (napr. cesta, pes/mačka): použite rukavice a prehoďte cez vtáka hrubšiu látku, presuňte ho na najbližšie bezpečné miesto a hneď volajte podľa nasledujúceho postupu. Inak nezasahujte a volajte.",W15 – ŠOP SR / príslušné záchranné zariadenie,Zavolajte na pohotovostný kontakt ŠOP SR,"ŠOP SR zabezpečuje nepretržitú odbornú pomoc, odber a prevoz zranených alebo inak poškodených chránených živočíchov.

Podľa vašej polohy sme vybrali príslušné záchranné zariadenie. Oznámte presné miesto nálezu, druh zvieraťa (ak ho poznáte), jeho stav a či je zviera alebo okolie v bezprostrednom nebezpečenstve. Postupujte podľa pokynov odborníka.",Áno – podľa adresy z W03a/W03b,04_KONTAKTY_SOP – mapovať obec/okres na príslušný pohotovostný kontakt; nepoužiť iba najbližšiu vzdialenosť,W19 – veterinárna klinika (BA/KE) / partnerské OZ (ostatné územie),Zavolajte na veterinárnu kliniku alebo partnerskú organizáciu,"BA/KE: zobrazte dohodnutú veterinárnu kliniku pre chránené živočíchy; používateľ musí najprv telefonicky overiť prijatie zvieraťa a podmienky. 
Ostatné územie: zobrazte partnerské OZ alebo záchrannú organizáciu podľa polohy. Zoznam partnerov ešte treba doplniť.",Áno – podľa kraja/okresu,"BA: zmluvná klinika – doplniť; KE: Klinika vtákov a exotických zvierat UVLF, 0917 637 798; ostatné: DB partnerských OZ – doplniť",Áno,3. kontakt (po W15/112 a W19),"Ak sa vám nedostala pomoc z oficiálnych zdrojov ani z druhého kontaktu, požiadajte o pomoc dobrovoľníkov Zverolinky podľa lokality a dostupnosti.",Áno – až po neúspechu všetkých kontaktov,Postupujte mimoriadne opatrne a presne podľa nasledujúcich pokynov.,,,,,,,,"ŠOP SR / záchranné zariadenie
112 / záchranná zložka
Veterinárna klinika
Partnerské OZ / záchranná organizácia
Dobrovoľník Zverolinky
Iná osoba
Pomohol/pomohla som sám/sama","Na pohotovostnom kontakte ŠOP mi nezdvihli ani na druhý pokus
ŠOP / záchranné zariadenie odmietlo pomôcť alebo prísť
ŠOP / záchranné zariadenie ma odkázalo na iný kontakt
Na čísle 112 mi neposkytli kontakt alebo pomoc
Veterinárna klinika bola zatvorená alebo nedostupná
Veterinárna klinika odmietla zviera prijať
Nemohol/nemohla som uhradiť veterinárne ošetrenie
Partnerské OZ nebolo dostupné alebo nemohlo pomôcť
Dobrovoľníci neboli k dispozícii
Zviera bolo nebezpečné alebo manipulácia nebola bezpečná
Zviera utieklo alebo sa skrylo
Nemal/a som potrebné pomôcky alebo dopravu
Zviera na mieste uhynulo
Situáciu vyriešil niekto iný
Iné","INTERNÉ PRE ZO - ešte skontrolovať postup čo v prípade, ak je živočích nie len chránený ale aj poľovnou zverou !! Tam nie je možné dať pomôžte sami ! ",,FLOW PRIPRAVENÝ. DOPLŇIŤ POKYNY DO POMôŽTE SAMI 
ZRZAT-052,Zatúlané,Vtáky,Dravce,Orol,,,,,,,,,,,,,,,,,,,,,,,,,,,,,,,,,,,,
ZRZAT-053,Zranené,Vtáky,Dravce,Sokol,Druh – používa FLOW-ZR-CHR-STD,"Krváca alebo má otvorenú ranu
Má poškodené alebo ovisnuté krídlo / nevie lietať
Má poranenú nohu / nevie stáť alebo chodiť
Narazilo do skla alebo inej prekážky
Je uviaznuté, zamotané alebo zlepené
Bolo zasiahnuté elektrickým prúdom
Je znečistené olejom, lepidlom alebo inou látkou
Je apatické, dezorientované alebo sa nechá ľahko chytiť
Podozrenie na otravu
Videl/a som alebo mám dôvodné podozrenie, že zviera úmyselne zranil človek (napr. bitím, postrelením alebo pascou)
Neviem
Iné","Áno
Nie
Neviem","Áno
Nie
Neviem",Iné → rozbaliť W09b,Stručne popíšte iné zranenie alebo stav zvieraťa.,W14,• Vtáka nekŕmte a nenapájajte - hrozí vdýchnutie a zadusenie. • Pri ovisnutom krídle alebo podozrení na zlomeninu manipulujte čo najmenej. • Dravce môžu spôsobiť hlboké poranenia - často sa bránia najmä pazúrmi na nohách alebo zobákom.,"• Ak je vták v bezprostrednom nebezpečí (napr. cesta, pes/mačka): použite rukavice a prehoďte cez vtáka hrubšiu látku, presuňte ho na najbližšie bezpečné miesto a hneď volajte podľa nasledujúceho postupu. Inak nezasahujte a volajte.",W15 – ŠOP SR / príslušné záchranné zariadenie,Zavolajte na pohotovostný kontakt ŠOP SR,"ŠOP SR zabezpečuje nepretržitú odbornú pomoc, odber a prevoz zranených alebo inak poškodených chránených živočíchov.

Podľa vašej polohy sme vybrali príslušné záchranné zariadenie. Oznámte presné miesto nálezu, druh zvieraťa (ak ho poznáte), jeho stav a či je zviera alebo okolie v bezprostrednom nebezpečenstve. Postupujte podľa pokynov odborníka.",Áno – podľa adresy z W03a/W03b,04_KONTAKTY_SOP – mapovať obec/okres na príslušný pohotovostný kontakt; nepoužiť iba najbližšiu vzdialenosť,W19 – veterinárna klinika (BA/KE) / partnerské OZ (ostatné územie),Zavolajte na veterinárnu kliniku alebo partnerskú organizáciu,"BA/KE: zobrazte dohodnutú veterinárnu kliniku pre chránené živočíchy; používateľ musí najprv telefonicky overiť prijatie zvieraťa a podmienky. 
Ostatné územie: zobrazte partnerské OZ alebo záchrannú organizáciu podľa polohy. Zoznam partnerov ešte treba doplniť.",Áno – podľa kraja/okresu,"BA: zmluvná klinika – doplniť; KE: Klinika vtákov a exotických zvierat UVLF, 0917 637 798; ostatné: DB partnerských OZ – doplniť",Áno,3. kontakt (po W15/112 a W19),"Ak sa vám nedostala pomoc z oficiálnych zdrojov ani z druhého kontaktu, požiadajte o pomoc dobrovoľníkov Zverolinky podľa lokality a dostupnosti.",Áno – až po neúspechu všetkých kontaktov,Postupujte mimoriadne opatrne a presne podľa nasledujúcich pokynov.,,,,,,,,"ŠOP SR / záchranné zariadenie
112 / záchranná zložka
Veterinárna klinika
Partnerské OZ / záchranná organizácia
Dobrovoľník Zverolinky
Iná osoba
Pomohol/pomohla som sám/sama","Na pohotovostnom kontakte ŠOP mi nezdvihli ani na druhý pokus
ŠOP / záchranné zariadenie odmietlo pomôcť alebo prísť
ŠOP / záchranné zariadenie ma odkázalo na iný kontakt
Na čísle 112 mi neposkytli kontakt alebo pomoc
Veterinárna klinika bola zatvorená alebo nedostupná
Veterinárna klinika odmietla zviera prijať
Nemohol/nemohla som uhradiť veterinárne ošetrenie
Partnerské OZ nebolo dostupné alebo nemohlo pomôcť
Dobrovoľníci neboli k dispozícii
Zviera bolo nebezpečné alebo manipulácia nebola bezpečná
Zviera utieklo alebo sa skrylo
Nemal/a som potrebné pomôcky alebo dopravu
Zviera na mieste uhynulo
Situáciu vyriešil niekto iný
Iné","INTERNÉ PRE ZO - ešte skontrolovať postup čo v prípade, ak je živočích nie len chránený ale aj poľovnou zverou !! Tam nie je možné dať pomôžte sami ! ",FLOW-ZR-CHR-STD,FLOW PRIPRAVENÝ. DOPLŇIŤ POKYNY DO POMôŽTE SAMI 
ZRZAT-054,Zatúlané,Vtáky,Dravce,Sokol,,,,,,,,,,,,,,,,,,,,,,,,,,,,,,,,,,,,
ZRZAT-055,Zranené,Vtáky,Dravce,Jastrab,Druh – používa FLOW-ZR-CHR-STD,"Krváca alebo má otvorenú ranu
Má poškodené alebo ovisnuté krídlo / nevie lietať
Má poranenú nohu / nevie stáť alebo chodiť
Narazilo do skla alebo inej prekážky
Je uviaznuté, zamotané alebo zlepené
Bolo zasiahnuté elektrickým prúdom
Je znečistené olejom, lepidlom alebo inou látkou
Je apatické, dezorientované alebo sa nechá ľahko chytiť
Podozrenie na otravu
Videl/a som alebo mám dôvodné podozrenie, že zviera úmyselne zranil človek (napr. bitím, postrelením alebo pascou)
Neviem
Iné","Áno
Nie
Neviem","Áno
Nie
Neviem",Iné → rozbaliť W09b,Stručne popíšte iné zranenie alebo stav zvieraťa.,W14,• Vtáka nekŕmte a nenapájajte - hrozí vdýchnutie a zadusenie. • Pri ovisnutom krídle alebo podozrení na zlomeninu manipulujte čo najmenej. • Dravce môžu spôsobiť hlboké poranenia - často sa bránia najmä pazúrmi na nohách alebo zobákom.,"• Ak je vták v bezprostrednom nebezpečí (napr. cesta, pes/mačka): použite rukavice a prehoďte cez vtáka hrubšiu látku, presuňte ho na najbližšie bezpečné miesto a hneď volajte podľa nasledujúceho postupu. Inak nezasahujte a volajte.",W15 – ŠOP SR / príslušné záchranné zariadenie,Zavolajte na pohotovostný kontakt ŠOP SR,"ŠOP SR zabezpečuje nepretržitú odbornú pomoc, odber a prevoz zranených alebo inak poškodených chránených živočíchov.

Podľa vašej polohy sme vybrali príslušné záchranné zariadenie. Oznámte presné miesto nálezu, druh zvieraťa (ak ho poznáte), jeho stav a či je zviera alebo okolie v bezprostrednom nebezpečenstve. Postupujte podľa pokynov odborníka.",Áno – podľa adresy z W03a/W03b,04_KONTAKTY_SOP – mapovať obec/okres na príslušný pohotovostný kontakt; nepoužiť iba najbližšiu vzdialenosť,W19 – veterinárna klinika (BA/KE) / partnerské OZ (ostatné územie),Zavolajte na veterinárnu kliniku alebo partnerskú organizáciu,"BA/KE: zobrazte dohodnutú veterinárnu kliniku pre chránené živočíchy; používateľ musí najprv telefonicky overiť prijatie zvieraťa a podmienky. 
Ostatné územie: zobrazte partnerské OZ alebo záchrannú organizáciu podľa polohy. Zoznam partnerov ešte treba doplniť.",Áno – podľa kraja/okresu,"BA: zmluvná klinika – doplniť; KE: Klinika vtákov a exotických zvierat UVLF, 0917 637 798; ostatné: DB partnerských OZ – doplniť",Áno,3. kontakt (po W15/112 a W19),"Ak sa vám nedostala pomoc z oficiálnych zdrojov ani z druhého kontaktu, požiadajte o pomoc dobrovoľníkov Zverolinky podľa lokality a dostupnosti.",Áno – až po neúspechu všetkých kontaktov,Postupujte mimoriadne opatrne a presne podľa nasledujúcich pokynov.,,,,,,,,"ŠOP SR / záchranné zariadenie
112 / záchranná zložka
Veterinárna klinika
Partnerské OZ / záchranná organizácia
Dobrovoľník Zverolinky
Iná osoba
Pomohol/pomohla som sám/sama","Na pohotovostnom kontakte ŠOP mi nezdvihli ani na druhý pokus
ŠOP / záchranné zariadenie odmietlo pomôcť alebo prísť
ŠOP / záchranné zariadenie ma odkázalo na iný kontakt
Na čísle 112 mi neposkytli kontakt alebo pomoc
Veterinárna klinika bola zatvorená alebo nedostupná
Veterinárna klinika odmietla zviera prijať
Nemohol/nemohla som uhradiť veterinárne ošetrenie
Partnerské OZ nebolo dostupné alebo nemohlo pomôcť
Dobrovoľníci neboli k dispozícii
Zviera bolo nebezpečné alebo manipulácia nebola bezpečná
Zviera utieklo alebo sa skrylo
Nemal/a som potrebné pomôcky alebo dopravu
Zviera na mieste uhynulo
Situáciu vyriešil niekto iný
Iné","INTERNÉ PRE ZO - ešte skontrolovať postup čo v prípade, ak je živočích nie len chránený ale aj poľovnou zverou !! Tam nie je možné dať pomôžte sami ! ",FLOW-ZR-CHR-STD,FLOW PRIPRAVENÝ. DOPLŇIŤ POKYNY DO POMôŽTE SAMI 
ZRZAT-056,Zatúlané,Vtáky,Dravce,Jastrab,,,,,,,,,,,,,,,,,,,,,,,,,,,,,,,,,,,,
ZRZAT-057,Zranené,Vtáky,Dravce,Myšiak,Druh – používa FLOW-ZR-CHR-STD,"Krváca alebo má otvorenú ranu
Má poškodené alebo ovisnuté krídlo / nevie lietať
Má poranenú nohu / nevie stáť alebo chodiť
Narazilo do skla alebo inej prekážky
Je uviaznuté, zamotané alebo zlepené
Bolo zasiahnuté elektrickým prúdom
Je znečistené olejom, lepidlom alebo inou látkou
Je apatické, dezorientované alebo sa nechá ľahko chytiť
Podozrenie na otravu
Videl/a som alebo mám dôvodné podozrenie, že zviera úmyselne zranil človek (napr. bitím, postrelením alebo pascou)
Neviem
Iné","Áno
Nie
Neviem","Áno
Nie
Neviem",Iné → rozbaliť W09b,Stručne popíšte iné zranenie alebo stav zvieraťa.,W14,• Vtáka nekŕmte a nenapájajte - hrozí vdýchnutie a zadusenie. • Pri ovisnutom krídle alebo podozrení na zlomeninu manipulujte čo najmenej. • Dravce môžu spôsobiť hlboké poranenia - často sa bránia najmä pazúrmi na nohách alebo zobákom.,"• Ak je vták v bezprostrednom nebezpečí (napr. cesta, pes/mačka): použite rukavice a prehoďte cez vtáka hrubšiu látku, presuňte ho na najbližšie bezpečné miesto a hneď volajte podľa nasledujúceho postupu. Inak nezasahujte a volajte.",W15 – ŠOP SR / príslušné záchranné zariadenie,Zavolajte na pohotovostný kontakt ŠOP SR,"ŠOP SR zabezpečuje nepretržitú odbornú pomoc, odber a prevoz zranených alebo inak poškodených chránených živočíchov.

Podľa vašej polohy sme vybrali príslušné záchranné zariadenie. Oznámte presné miesto nálezu, druh zvieraťa (ak ho poznáte), jeho stav a či je zviera alebo okolie v bezprostrednom nebezpečenstve. Postupujte podľa pokynov odborníka.",Áno – podľa adresy z W03a/W03b,04_KONTAKTY_SOP – mapovať obec/okres na príslušný pohotovostný kontakt; nepoužiť iba najbližšiu vzdialenosť,W19 – veterinárna klinika (BA/KE) / partnerské OZ (ostatné územie),Zavolajte na veterinárnu kliniku alebo partnerskú organizáciu,"BA/KE: zobrazte dohodnutú veterinárnu kliniku pre chránené živočíchy; používateľ musí najprv telefonicky overiť prijatie zvieraťa a podmienky. 
Ostatné územie: zobrazte partnerské OZ alebo záchrannú organizáciu podľa polohy. Zoznam partnerov ešte treba doplniť.",Áno – podľa kraja/okresu,"BA: zmluvná klinika – doplniť; KE: Klinika vtákov a exotických zvierat UVLF, 0917 637 798; ostatné: DB partnerských OZ – doplniť",Áno,3. kontakt (po W15/112 a W19),"Ak sa vám nedostala pomoc z oficiálnych zdrojov ani z druhého kontaktu, požiadajte o pomoc dobrovoľníkov Zverolinky podľa lokality a dostupnosti.",Áno – až po neúspechu všetkých kontaktov,Postupujte mimoriadne opatrne a presne podľa nasledujúcich pokynov.,,,,,,,,"ŠOP SR / záchranné zariadenie
112 / záchranná zložka
Veterinárna klinika
Partnerské OZ / záchranná organizácia
Dobrovoľník Zverolinky
Iná osoba
Pomohol/pomohla som sám/sama","Na pohotovostnom kontakte ŠOP mi nezdvihli ani na druhý pokus
ŠOP / záchranné zariadenie odmietlo pomôcť alebo prísť
ŠOP / záchranné zariadenie ma odkázalo na iný kontakt
Na čísle 112 mi neposkytli kontakt alebo pomoc
Veterinárna klinika bola zatvorená alebo nedostupná
Veterinárna klinika odmietla zviera prijať
Nemohol/nemohla som uhradiť veterinárne ošetrenie
Partnerské OZ nebolo dostupné alebo nemohlo pomôcť
Dobrovoľníci neboli k dispozícii
Zviera bolo nebezpečné alebo manipulácia nebola bezpečná
Zviera utieklo alebo sa skrylo
Nemal/a som potrebné pomôcky alebo dopravu
Zviera na mieste uhynulo
Situáciu vyriešil niekto iný
Iné","INTERNÉ PRE ZO - ešte skontrolovať postup čo v prípade, ak je živočích nie len chránený ale aj poľovnou zverou !! Tam nie je možné dať pomôžte sami ! ",FLOW-ZR-CHR-STD,FLOW PRIPRAVENÝ. DOPLŇIŤ POKYNY DO POMôŽTE SAMI 
ZRZAT-058,Zatúlané,Vtáky,Dravce,Myšiak,,,,,,,,,,,,,,,,,,,,,,,,,,,,,,,,,,,,
ZRZAT-059,Zranené,Vtáky,Dravce,Haja,Druh – používa FLOW-ZR-CHR-STD,"Krváca alebo má otvorenú ranu
Má poškodené alebo ovisnuté krídlo / nevie lietať
Má poranenú nohu / nevie stáť alebo chodiť
Narazilo do skla alebo inej prekážky
Je uviaznuté, zamotané alebo zlepené
Bolo zasiahnuté elektrickým prúdom
Je znečistené olejom, lepidlom alebo inou látkou
Je apatické, dezorientované alebo sa nechá ľahko chytiť
Podozrenie na otravu
Videl/a som alebo mám dôvodné podozrenie, že zviera úmyselne zranil človek (napr. bitím, postrelením alebo pascou)
Neviem
Iné","Áno
Nie
Neviem","Áno
Nie
Neviem",Iné → rozbaliť W09b,Stručne popíšte iné zranenie alebo stav zvieraťa.,W14,• Vtáka nekŕmte a nenapájajte - hrozí vdýchnutie a zadusenie. • Pri ovisnutom krídle alebo podozrení na zlomeninu manipulujte čo najmenej. • Dravce môžu spôsobiť hlboké poranenia - často sa bránia najmä pazúrmi na nohách alebo zobákom.,"• Ak je vták v bezprostrednom nebezpečí (napr. cesta, pes/mačka): použite rukavice a prehoďte cez vtáka hrubšiu látku, presuňte ho na najbližšie bezpečné miesto a hneď volajte podľa nasledujúceho postupu. Inak nezasahujte a volajte.",W15 – ŠOP SR / príslušné záchranné zariadenie,Zavolajte na pohotovostný kontakt ŠOP SR,"ŠOP SR zabezpečuje nepretržitú odbornú pomoc, odber a prevoz zranených alebo inak poškodených chránených živočíchov.

Podľa vašej polohy sme vybrali príslušné záchranné zariadenie. Oznámte presné miesto nálezu, druh zvieraťa (ak ho poznáte), jeho stav a či je zviera alebo okolie v bezprostrednom nebezpečenstve. Postupujte podľa pokynov odborníka.",Áno – podľa adresy z W03a/W03b,04_KONTAKTY_SOP – mapovať obec/okres na príslušný pohotovostný kontakt; nepoužiť iba najbližšiu vzdialenosť,W19 – veterinárna klinika (BA/KE) / partnerské OZ (ostatné územie),Zavolajte na veterinárnu kliniku alebo partnerskú organizáciu,"BA/KE: zobrazte dohodnutú veterinárnu kliniku pre chránené živočíchy; používateľ musí najprv telefonicky overiť prijatie zvieraťa a podmienky. 
Ostatné územie: zobrazte partnerské OZ alebo záchrannú organizáciu podľa polohy. Zoznam partnerov ešte treba doplniť.",Áno – podľa kraja/okresu,"BA: zmluvná klinika – doplniť; KE: Klinika vtákov a exotických zvierat UVLF, 0917 637 798; ostatné: DB partnerských OZ – doplniť",Áno,3. kontakt (po W15/112 a W19),"Ak sa vám nedostala pomoc z oficiálnych zdrojov ani z druhého kontaktu, požiadajte o pomoc dobrovoľníkov Zverolinky podľa lokality a dostupnosti.",Áno – až po neúspechu všetkých kontaktov,Postupujte mimoriadne opatrne a presne podľa nasledujúcich pokynov.,,,,,,,,"ŠOP SR / záchranné zariadenie
112 / záchranná zložka
Veterinárna klinika
Partnerské OZ / záchranná organizácia
Dobrovoľník Zverolinky
Iná osoba
Pomohol/pomohla som sám/sama","Na pohotovostnom kontakte ŠOP mi nezdvihli ani na druhý pokus
ŠOP / záchranné zariadenie odmietlo pomôcť alebo prísť
ŠOP / záchranné zariadenie ma odkázalo na iný kontakt
Na čísle 112 mi neposkytli kontakt alebo pomoc
Veterinárna klinika bola zatvorená alebo nedostupná
Veterinárna klinika odmietla zviera prijať
Nemohol/nemohla som uhradiť veterinárne ošetrenie
Partnerské OZ nebolo dostupné alebo nemohlo pomôcť
Dobrovoľníci neboli k dispozícii
Zviera bolo nebezpečné alebo manipulácia nebola bezpečná
Zviera utieklo alebo sa skrylo
Nemal/a som potrebné pomôcky alebo dopravu
Zviera na mieste uhynulo
Situáciu vyriešil niekto iný
Iné","INTERNÉ PRE ZO - ešte skontrolovať postup čo v prípade, ak je živočích nie len chránený ale aj poľovnou zverou !! Tam nie je možné dať pomôžte sami ! ",FLOW-ZR-CHR-STD,FLOW PRIPRAVENÝ. DOPLŇIŤ POKYNY DO POMôŽTE SAMI 
ZRZAT-060,Zatúlané,Vtáky,Dravce,Haja,,,,,,,,,,,,,,,,,,,,,,,,,,,,,,,,,,,,
ZRZAT-061,Zranené,Vtáky,Dravce,Kaňa,Druh – používa FLOW-ZR-CHR-STD,"Krváca alebo má otvorenú ranu
Má poškodené alebo ovisnuté krídlo / nevie lietať
Má poranenú nohu / nevie stáť alebo chodiť
Narazilo do skla alebo inej prekážky
Je uviaznuté, zamotané alebo zlepené
Bolo zasiahnuté elektrickým prúdom
Je znečistené olejom, lepidlom alebo inou látkou
Je apatické, dezorientované alebo sa nechá ľahko chytiť
Podozrenie na otravu
Videl/a som alebo mám dôvodné podozrenie, že zviera úmyselne zranil človek (napr. bitím, postrelením alebo pascou)
Neviem
Iné","Áno
Nie
Neviem","Áno
Nie
Neviem",Iné → rozbaliť W09b,Stručne popíšte iné zranenie alebo stav zvieraťa.,W14,• Vtáka nekŕmte a nenapájajte - hrozí vdýchnutie a zadusenie. • Pri ovisnutom krídle alebo podozrení na zlomeninu manipulujte čo najmenej. • Dravce môžu spôsobiť hlboké poranenia - často sa bránia najmä pazúrmi na nohách alebo zobákom.,"• Ak je vták v bezprostrednom nebezpečí (napr. cesta, pes/mačka): použite rukavice a prehoďte cez vtáka hrubšiu látku, presuňte ho na najbližšie bezpečné miesto a hneď volajte podľa nasledujúceho postupu. Inak nezasahujte a volajte.",W15 – ŠOP SR / príslušné záchranné zariadenie,Zavolajte na pohotovostný kontakt ŠOP SR,"ŠOP SR zabezpečuje nepretržitú odbornú pomoc, odber a prevoz zranených alebo inak poškodených chránených živočíchov.

Podľa vašej polohy sme vybrali príslušné záchranné zariadenie. Oznámte presné miesto nálezu, druh zvieraťa (ak ho poznáte), jeho stav a či je zviera alebo okolie v bezprostrednom nebezpečenstve. Postupujte podľa pokynov odborníka.",Áno – podľa adresy z W03a/W03b,04_KONTAKTY_SOP – mapovať obec/okres na príslušný pohotovostný kontakt; nepoužiť iba najbližšiu vzdialenosť,W19 – veterinárna klinika (BA/KE) / partnerské OZ (ostatné územie),Zavolajte na veterinárnu kliniku alebo partnerskú organizáciu,"BA/KE: zobrazte dohodnutú veterinárnu kliniku pre chránené živočíchy; používateľ musí najprv telefonicky overiť prijatie zvieraťa a podmienky. 
Ostatné územie: zobrazte partnerské OZ alebo záchrannú organizáciu podľa polohy. Zoznam partnerov ešte treba doplniť.",Áno – podľa kraja/okresu,"BA: zmluvná klinika – doplniť; KE: Klinika vtákov a exotických zvierat UVLF, 0917 637 798; ostatné: DB partnerských OZ – doplniť",Áno,3. kontakt (po W15/112 a W19),"Ak sa vám nedostala pomoc z oficiálnych zdrojov ani z druhého kontaktu, požiadajte o pomoc dobrovoľníkov Zverolinky podľa lokality a dostupnosti.",Áno – až po neúspechu všetkých kontaktov,Postupujte mimoriadne opatrne a presne podľa nasledujúcich pokynov.,,,,,,,,"ŠOP SR / záchranné zariadenie
112 / záchranná zložka
Veterinárna klinika
Partnerské OZ / záchranná organizácia
Dobrovoľník Zverolinky
Iná osoba
Pomohol/pomohla som sám/sama","Na pohotovostnom kontakte ŠOP mi nezdvihli ani na druhý pokus
ŠOP / záchranné zariadenie odmietlo pomôcť alebo prísť
ŠOP / záchranné zariadenie ma odkázalo na iný kontakt
Na čísle 112 mi neposkytli kontakt alebo pomoc
Veterinárna klinika bola zatvorená alebo nedostupná
Veterinárna klinika odmietla zviera prijať
Nemohol/nemohla som uhradiť veterinárne ošetrenie
Partnerské OZ nebolo dostupné alebo nemohlo pomôcť
Dobrovoľníci neboli k dispozícii
Zviera bolo nebezpečné alebo manipulácia nebola bezpečná
Zviera utieklo alebo sa skrylo
Nemal/a som potrebné pomôcky alebo dopravu
Zviera na mieste uhynulo
Situáciu vyriešil niekto iný
Iné","INTERNÉ PRE ZO - ešte skontrolovať postup čo v prípade, ak je živočích nie len chránený ale aj poľovnou zverou !! Tam nie je možné dať pomôžte sami ! ",FLOW-ZR-CHR-STD,FLOW PRIPRAVENÝ. DOPLŇIŤ POKYNY DO POMôŽTE SAMI 
ZRZAT-062,Zatúlané,Vtáky,Dravce,Kaňa,,,,,,,,,,,,,,,,,,,,,,,,,,,,,,,,,,,,
ZRZAT-063,Zranené,Vtáky,Sovy,Sova,Druh – používa FLOW-ZR-CHR-STD,"Krváca alebo má otvorenú ranu
Má poškodené alebo ovisnuté krídlo / nevie lietať
Má poranenú nohu / nevie stáť alebo chodiť
Narazilo do skla alebo inej prekážky
Je uviaznuté, zamotané alebo zlepené
Je znečistené olejom, lepidlom alebo inou látkou
Je apatické, dezorientované alebo sa nechá ľahko chytiť
Podozrenie na otravu
Videl/a som alebo mám dôvodné podozrenie, že zviera úmyselne zranil človek (napr. bitím, postrelením alebo pascou)
Neviem
Iné","Áno
Nie
Neviem","Áno
Nie
Neviem",Iné → rozbaliť W09b,Stručne popíšte iné zranenie alebo stav zvieraťa.,W14,"• Vtáka nekŕmte a nenapájajte - hrozí vdýchnutie a zadusenie. • Pri ovisnutom krídle alebo podozrení na zlomeninu manipulujte čo najmenej. • Dravce môžu spôsobiť hlboké poranenia - často sa bránia najmä pazúrmi na nohách, niekedy aj pre ne typickým zahnutým zobákom.","• Ak je vták v bezprostrednom nebezpečí (napr. cesta, pes/mačka, riziko ďalšieho poranenia), šetrne ho prekryte látkou a presuňte len na najbližšie bezpečné miesto, dávajte pozor na pazúry.
• Ak nie je v bezprostrednom nebezpečí, nezasahujte a sledujte ho z primeranej vzdialenosti. Ak už je zabezpečený, nechajte ho v tichu, tieni a bez ďalšej manipulácie.",W15 – ŠOP SR / príslušné záchranné zariadenie,Zavolajte na pohotovostný kontakt ŠOP SR,"ŠOP SR zabezpečuje nepretržitú odbornú pomoc, odber a prevoz zranených alebo inak poškodených chránených živočíchov.

Podľa vašej polohy sme vybrali príslušné záchranné zariadenie. Oznámte presné miesto nálezu, druh zvieraťa (ak ho poznáte), jeho stav a či je zviera alebo okolie v bezprostrednom nebezpečenstve. Postupujte podľa pokynov odborníka.",Áno – podľa adresy z W03a/W03b,04_KONTAKTY_SOP – mapovať obec/okres na príslušný pohotovostný kontakt; nepoužiť iba najbližšiu vzdialenosť,W19 – veterinárna klinika (BA/KE) / partnerské OZ (ostatné územie),Zavolajte na veterinárnu kliniku alebo partnerskú organizáciu,"BA/KE: zobrazte dohodnutú veterinárnu kliniku pre chránené živočíchy; používateľ musí najprv telefonicky overiť prijatie zvieraťa a podmienky. 
Ostatné územie: zobrazte partnerské OZ alebo záchrannú organizáciu podľa polohy. Zoznam partnerov ešte treba doplniť.",Áno – podľa kraja/okresu,"BA: zmluvná klinika – doplniť; KE: Klinika vtákov a exotických zvierat UVLF, 0917 637 798; ostatné: DB partnerských OZ – doplniť",Áno,3. kontakt (po W15/112 a W19),"Ak sa vám nedostala pomoc z oficiálnych zdrojov ani z druhého kontaktu, požiadajte o pomoc dobrovoľníkov Zverolinky podľa lokality a dostupnosti.",Áno – až po neúspechu všetkých kontaktov,Postupujte mimoriadne opatrne a presne podľa nasledujúcich pokynov.,,,,,,,,"ŠOP SR / záchranné zariadenie
112 / záchranná zložka
Veterinárna klinika
Partnerské OZ / záchranná organizácia
Dobrovoľník Zverolinky
Iná osoba
Pomohol/pomohla som sám/sama","Na pohotovostnom kontakte ŠOP mi nezdvihli ani na druhý pokus
ŠOP / záchranné zariadenie odmietlo pomôcť alebo prísť
ŠOP / záchranné zariadenie ma odkázalo na iný kontakt
Na čísle 112 mi neposkytli kontakt alebo pomoc
Veterinárna klinika bola zatvorená alebo nedostupná
Veterinárna klinika odmietla zviera prijať
Nemohol/nemohla som uhradiť veterinárne ošetrenie
Partnerské OZ nebolo dostupné alebo nemohlo pomôcť
Dobrovoľníci neboli k dispozícii
Zviera bolo nebezpečné alebo manipulácia nebola bezpečná
Zviera utieklo alebo sa skrylo
Nemal/a som potrebné pomôcky alebo dopravu
Zviera na mieste uhynulo
Situáciu vyriešil niekto iný
Iné","INTERNÉ PRE ZO - ešte skontrolovať postup čo v prípade, ak je živočích nie len chránený ale aj poľovnou zverou !! Tam nie je možné dať pomôžte sami ! ",FLOW-ZR-CHR-STD,FLOW PRIPRAVENÝ. DOPLŇIŤ POKYNY DO POMôŽTE SAMI 
ZRZAT-064,Zatúlané,Vtáky,Sovy,Sova,,,,,,,,,,,,,,,,,,,,,,,,,,,,,,,,,,,,
ZRZAT-065,Zranené,Vtáky,Sovy,Výr,Druh – používa FLOW-ZR-CHR-STD,"Krváca alebo má otvorenú ranu
Má poškodené alebo ovisnuté krídlo / nevie lietať
Má poranenú nohu / nevie stáť alebo chodiť
Narazilo do skla alebo inej prekážky
Je uviaznuté, zamotané alebo zlepené
Je znečistené olejom, lepidlom alebo inou látkou
Je apatické, dezorientované alebo sa nechá ľahko chytiť
Podozrenie na otravu
Videl/a som alebo mám dôvodné podozrenie, že zviera úmyselne zranil človek (napr. bitím, postrelením alebo pascou)
Neviem
Iné","Áno
Nie
Neviem","Áno
Nie
Neviem",Iné → rozbaliť W09b,Stručne popíšte iné zranenie alebo stav zvieraťa.,W14,"• Vtáka nekŕmte a nenapájajte - hrozí vdýchnutie a zadusenie. • Pri ovisnutom krídle alebo podozrení na zlomeninu manipulujte čo najmenej. • Dravce môžu spôsobiť hlboké poranenia - často sa bránia najmä pazúrmi na nohách, niekedy aj pre ne typickým zahnutým zobákom.","• Ak je vták v bezprostrednom nebezpečí (napr. cesta, pes/mačka, riziko ďalšieho poranenia), šetrne ho prekryte látkou a presuňte len na najbližšie bezpečné miesto, dávajte pozor na pazúry.
• Ak nie je v bezprostrednom nebezpečí, nezasahujte a sledujte ho z primeranej vzdialenosti. Ak už je zabezpečený, nechajte ho v tichu, tieni a bez ďalšej manipulácie.",W15 – ŠOP SR / príslušné záchranné zariadenie,Zavolajte na pohotovostný kontakt ŠOP SR,"ŠOP SR zabezpečuje nepretržitú odbornú pomoc, odber a prevoz zranených alebo inak poškodených chránených živočíchov.

Podľa vašej polohy sme vybrali príslušné záchranné zariadenie. Oznámte presné miesto nálezu, druh zvieraťa (ak ho poznáte), jeho stav a či je zviera alebo okolie v bezprostrednom nebezpečenstve. Postupujte podľa pokynov odborníka.",Áno – podľa adresy z W03a/W03b,04_KONTAKTY_SOP – mapovať obec/okres na príslušný pohotovostný kontakt; nepoužiť iba najbližšiu vzdialenosť,W19 – veterinárna klinika (BA/KE) / partnerské OZ (ostatné územie),Zavolajte na veterinárnu kliniku alebo partnerskú organizáciu,"BA/KE: zobrazte dohodnutú veterinárnu kliniku pre chránené živočíchy; používateľ musí najprv telefonicky overiť prijatie zvieraťa a podmienky. 
Ostatné územie: zobrazte partnerské OZ alebo záchrannú organizáciu podľa polohy. Zoznam partnerov ešte treba doplniť.",Áno – podľa kraja/okresu,"BA: zmluvná klinika – doplniť; KE: Klinika vtákov a exotických zvierat UVLF, 0917 637 798; ostatné: DB partnerských OZ – doplniť",Áno,3. kontakt (po W15/112 a W19),"Ak sa vám nedostala pomoc z oficiálnych zdrojov ani z druhého kontaktu, požiadajte o pomoc dobrovoľníkov Zverolinky podľa lokality a dostupnosti.",Áno – až po neúspechu všetkých kontaktov,Postupujte mimoriadne opatrne a presne podľa nasledujúcich pokynov.,,,,,,,,"ŠOP SR / záchranné zariadenie
112 / záchranná zložka
Veterinárna klinika
Partnerské OZ / záchranná organizácia
Dobrovoľník Zverolinky
Iná osoba
Pomohol/pomohla som sám/sama","Na pohotovostnom kontakte ŠOP mi nezdvihli ani na druhý pokus
ŠOP / záchranné zariadenie odmietlo pomôcť alebo prísť
ŠOP / záchranné zariadenie ma odkázalo na iný kontakt
Na čísle 112 mi neposkytli kontakt alebo pomoc
Veterinárna klinika bola zatvorená alebo nedostupná
Veterinárna klinika odmietla zviera prijať
Nemohol/nemohla som uhradiť veterinárne ošetrenie
Partnerské OZ nebolo dostupné alebo nemohlo pomôcť
Dobrovoľníci neboli k dispozícii
Zviera bolo nebezpečné alebo manipulácia nebola bezpečná
Zviera utieklo alebo sa skrylo
Nemal/a som potrebné pomôcky alebo dopravu
Zviera na mieste uhynulo
Situáciu vyriešil niekto iný
Iné","INTERNÉ PRE ZO - ešte skontrolovať postup čo v prípade, ak je živočích nie len chránený ale aj poľovnou zverou !! Tam nie je možné dať pomôžte sami ! ",FLOW-ZR-CHR-STD,FLOW PRIPRAVENÝ. DOPLŇIŤ POKYNY DO POMôŽTE SAMI 
ZRZAT-066,Zatúlané,Vtáky,Sovy,Výr,,,,,,,,,,,,,,,,,,,,,,,,,,,,,,,,,,,,
ZRZAT-067,Zranené,Vtáky,Sovy,Kuvik,Druh – používa FLOW-ZR-CHR-STD,"Krváca alebo má otvorenú ranu
Má poškodené alebo ovisnuté krídlo / nevie lietať
Má poranenú nohu / nevie stáť alebo chodiť
Narazilo do skla alebo inej prekážky
Je uviaznuté, zamotané alebo zlepené
Je znečistené olejom, lepidlom alebo inou látkou
Je apatické, dezorientované alebo sa nechá ľahko chytiť
Podozrenie na otravu
Videl/a som alebo mám dôvodné podozrenie, že zviera úmyselne zranil človek (napr. bitím, postrelením alebo pascou)
Neviem
Iné","Áno
Nie
Neviem","Áno
Nie
Neviem",Iné → rozbaliť W09b,Stručne popíšte iné zranenie alebo stav zvieraťa.,W14,"• Vtáka nekŕmte a nenapájajte - hrozí vdýchnutie a zadusenie. • Pri ovisnutom krídle alebo podozrení na zlomeninu manipulujte čo najmenej. • Dravce môžu spôsobiť hlboké poranenia - často sa bránia najmä pazúrmi na nohách, niekedy aj pre ne typickým zahnutým zobákom.","• Ak je vták v bezprostrednom nebezpečí (napr. cesta, pes/mačka, riziko ďalšieho poranenia), šetrne ho prekryte látkou a presuňte len na najbližšie bezpečné miesto, dávajte pozor na pazúry.
• Ak nie je v bezprostrednom nebezpečí, nezasahujte a sledujte ho z primeranej vzdialenosti. Ak už je zabezpečený, nechajte ho v tichu, tieni a bez ďalšej manipulácie.",W15 – ŠOP SR / príslušné záchranné zariadenie,Zavolajte na pohotovostný kontakt ŠOP SR,"ŠOP SR zabezpečuje nepretržitú odbornú pomoc, odber a prevoz zranených alebo inak poškodených chránených živočíchov.

Podľa vašej polohy sme vybrali príslušné záchranné zariadenie. Oznámte presné miesto nálezu, druh zvieraťa (ak ho poznáte), jeho stav a či je zviera alebo okolie v bezprostrednom nebezpečenstve. Postupujte podľa pokynov odborníka.",Áno – podľa adresy z W03a/W03b,04_KONTAKTY_SOP – mapovať obec/okres na príslušný pohotovostný kontakt; nepoužiť iba najbližšiu vzdialenosť,W19 – veterinárna klinika (BA/KE) / partnerské OZ (ostatné územie),Zavolajte na veterinárnu kliniku alebo partnerskú organizáciu,"BA/KE: zobrazte dohodnutú veterinárnu kliniku pre chránené živočíchy; používateľ musí najprv telefonicky overiť prijatie zvieraťa a podmienky. 
Ostatné územie: zobrazte partnerské OZ alebo záchrannú organizáciu podľa polohy. Zoznam partnerov ešte treba doplniť.",Áno – podľa kraja/okresu,"BA: zmluvná klinika – doplniť; KE: Klinika vtákov a exotických zvierat UVLF, 0917 637 798; ostatné: DB partnerských OZ – doplniť",Áno,3. kontakt (po W15/112 a W19),"Ak sa vám nedostala pomoc z oficiálnych zdrojov ani z druhého kontaktu, požiadajte o pomoc dobrovoľníkov Zverolinky podľa lokality a dostupnosti.",Áno – až po neúspechu všetkých kontaktov,Postupujte mimoriadne opatrne a presne podľa nasledujúcich pokynov.,,,,,,,,"ŠOP SR / záchranné zariadenie
112 / záchranná zložka
Veterinárna klinika
Partnerské OZ / záchranná organizácia
Dobrovoľník Zverolinky
Iná osoba
Pomohol/pomohla som sám/sama","Na pohotovostnom kontakte ŠOP mi nezdvihli ani na druhý pokus
ŠOP / záchranné zariadenie odmietlo pomôcť alebo prísť
ŠOP / záchranné zariadenie ma odkázalo na iný kontakt
Na čísle 112 mi neposkytli kontakt alebo pomoc
Veterinárna klinika bola zatvorená alebo nedostupná
Veterinárna klinika odmietla zviera prijať
Nemohol/nemohla som uhradiť veterinárne ošetrenie
Partnerské OZ nebolo dostupné alebo nemohlo pomôcť
Dobrovoľníci neboli k dispozícii
Zviera bolo nebezpečné alebo manipulácia nebola bezpečná
Zviera utieklo alebo sa skrylo
Nemal/a som potrebné pomôcky alebo dopravu
Zviera na mieste uhynulo
Situáciu vyriešil niekto iný
Iné","INTERNÉ PRE ZO - ešte skontrolovať postup čo v prípade, ak je živočích nie len chránený ale aj poľovnou zverou !! Tam nie je možné dať pomôžte sami ! ",FLOW-ZR-CHR-STD,FLOW PRIPRAVENÝ. DOPLŇIŤ POKYNY DO POMôŽTE SAMI 
ZRZAT-068,Zatúlané,Vtáky,Sovy,Kuvik,,,,,,,,,,,,,,,,,,,,,,,,,,,,,,,,,,,,
ZRZAT-069,Zranené,Vtáky,Sovy,Myšiarka,Druh – používa FLOW-ZR-CHR-STD,"Krváca alebo má otvorenú ranu
Má poškodené alebo ovisnuté krídlo / nevie lietať
Má poranenú nohu / nevie stáť alebo chodiť
Narazilo do skla alebo inej prekážky
Je uviaznuté, zamotané alebo zlepené
Je znečistené olejom, lepidlom alebo inou látkou
Je apatické, dezorientované alebo sa nechá ľahko chytiť
Podozrenie na otravu
Videl/a som alebo mám dôvodné podozrenie, že zviera úmyselne zranil človek (napr. bitím, postrelením alebo pascou)
Neviem
Iné","Áno
Nie
Neviem","Áno
Nie
Neviem",Iné → rozbaliť W09b,Stručne popíšte iné zranenie alebo stav zvieraťa.,W14,"• Vtáka nekŕmte a nenapájajte - hrozí vdýchnutie a zadusenie. • Pri ovisnutom krídle alebo podozrení na zlomeninu manipulujte čo najmenej. • Dravce môžu spôsobiť hlboké poranenia - často sa bránia najmä pazúrmi na nohách, niekedy aj pre ne typickým zahnutým zobákom.","• Ak je vták v bezprostrednom nebezpečí (napr. cesta, pes/mačka, riziko ďalšieho poranenia), šetrne ho prekryte látkou a presuňte len na najbližšie bezpečné miesto, dávajte pozor na pazúry.
• Ak nie je v bezprostrednom nebezpečí, nezasahujte a sledujte ho z primeranej vzdialenosti. Ak už je zabezpečený, nechajte ho v tichu, tieni a bez ďalšej manipulácie.",W15 – ŠOP SR / príslušné záchranné zariadenie,Zavolajte na pohotovostný kontakt ŠOP SR,"ŠOP SR zabezpečuje nepretržitú odbornú pomoc, odber a prevoz zranených alebo inak poškodených chránených živočíchov.

Podľa vašej polohy sme vybrali príslušné záchranné zariadenie. Oznámte presné miesto nálezu, druh zvieraťa (ak ho poznáte), jeho stav a či je zviera alebo okolie v bezprostrednom nebezpečenstve. Postupujte podľa pokynov odborníka.",Áno – podľa adresy z W03a/W03b,04_KONTAKTY_SOP – mapovať obec/okres na príslušný pohotovostný kontakt; nepoužiť iba najbližšiu vzdialenosť,W19 – veterinárna klinika (BA/KE) / partnerské OZ (ostatné územie),Zavolajte na veterinárnu kliniku alebo partnerskú organizáciu,"BA/KE: zobrazte dohodnutú veterinárnu kliniku pre chránené živočíchy; používateľ musí najprv telefonicky overiť prijatie zvieraťa a podmienky. 
Ostatné územie: zobrazte partnerské OZ alebo záchrannú organizáciu podľa polohy. Zoznam partnerov ešte treba doplniť.",Áno – podľa kraja/okresu,"BA: zmluvná klinika – doplniť; KE: Klinika vtákov a exotických zvierat UVLF, 0917 637 798; ostatné: DB partnerských OZ – doplniť",Áno,3. kontakt (po W15/112 a W19),"Ak sa vám nedostala pomoc z oficiálnych zdrojov ani z druhého kontaktu, požiadajte o pomoc dobrovoľníkov Zverolinky podľa lokality a dostupnosti.",Áno – až po neúspechu všetkých kontaktov,Postupujte mimoriadne opatrne a presne podľa nasledujúcich pokynov.,,,,,,,,"ŠOP SR / záchranné zariadenie
112 / záchranná zložka
Veterinárna klinika
Partnerské OZ / záchranná organizácia
Dobrovoľník Zverolinky
Iná osoba
Pomohol/pomohla som sám/sama","Na pohotovostnom kontakte ŠOP mi nezdvihli ani na druhý pokus
ŠOP / záchranné zariadenie odmietlo pomôcť alebo prísť
ŠOP / záchranné zariadenie ma odkázalo na iný kontakt
Na čísle 112 mi neposkytli kontakt alebo pomoc
Veterinárna klinika bola zatvorená alebo nedostupná
Veterinárna klinika odmietla zviera prijať
Nemohol/nemohla som uhradiť veterinárne ošetrenie
Partnerské OZ nebolo dostupné alebo nemohlo pomôcť
Dobrovoľníci neboli k dispozícii
Zviera bolo nebezpečné alebo manipulácia nebola bezpečná
Zviera utieklo alebo sa skrylo
Nemal/a som potrebné pomôcky alebo dopravu
Zviera na mieste uhynulo
Situáciu vyriešil niekto iný
Iné","INTERNÉ PRE ZO - ešte skontrolovať postup čo v prípade, ak je živočích nie len chránený ale aj poľovnou zverou !! Tam nie je možné dať pomôžte sami ! ",FLOW-ZR-CHR-STD,FLOW PRIPRAVENÝ. DOPLŇIŤ POKYNY DO POMôŽTE SAMI 
ZRZAT-070,Zatúlané,Vtáky,Sovy,Myšiarka,,,,,,,,,,,,,,,,,,,,,,,,,,,,,,,,,,,,
ZRZAT-071,Zranené,Vtáky,Sovy,Plamienka,Druh – používa FLOW-ZR-CHR-STD,"Krváca alebo má otvorenú ranu
Má poškodené alebo ovisnuté krídlo / nevie lietať
Má poranenú nohu / nevie stáť alebo chodiť
Narazilo do skla alebo inej prekážky
Je uviaznuté, zamotané alebo zlepené
Je znečistené olejom, lepidlom alebo inou látkou
Je apatické, dezorientované alebo sa nechá ľahko chytiť
Podozrenie na otravu
Videl/a som alebo mám dôvodné podozrenie, že zviera úmyselne zranil človek (napr. bitím, postrelením alebo pascou)
Neviem
Iné","Áno
Nie
Neviem","Áno
Nie
Neviem",Iné → rozbaliť W09b,Stručne popíšte iné zranenie alebo stav zvieraťa.,W14,"• Vtáka nekŕmte a nenapájajte - hrozí vdýchnutie a zadusenie. • Pri ovisnutom krídle alebo podozrení na zlomeninu manipulujte čo najmenej. • Dravce môžu spôsobiť hlboké poranenia - často sa bránia najmä pazúrmi na nohách, niekedy aj pre ne typickým zahnutým zobákom.","• Ak je vták v bezprostrednom nebezpečí (napr. cesta, pes/mačka, riziko ďalšieho poranenia), šetrne ho prekryte látkou a presuňte len na najbližšie bezpečné miesto, dávajte pozor na pazúry.
• Ak nie je v bezprostrednom nebezpečí, nezasahujte a sledujte ho z primeranej vzdialenosti. Ak už je zabezpečený, nechajte ho v tichu, tieni a bez ďalšej manipulácie.",W15 – ŠOP SR / príslušné záchranné zariadenie,Zavolajte na pohotovostný kontakt ŠOP SR,"ŠOP SR zabezpečuje nepretržitú odbornú pomoc, odber a prevoz zranených alebo inak poškodených chránených živočíchov.

Podľa vašej polohy sme vybrali príslušné záchranné zariadenie. Oznámte presné miesto nálezu, druh zvieraťa (ak ho poznáte), jeho stav a či je zviera alebo okolie v bezprostrednom nebezpečenstve. Postupujte podľa pokynov odborníka.",Áno – podľa adresy z W03a/W03b,04_KONTAKTY_SOP – mapovať obec/okres na príslušný pohotovostný kontakt; nepoužiť iba najbližšiu vzdialenosť,W19 – veterinárna klinika (BA/KE) / partnerské OZ (ostatné územie),Zavolajte na veterinárnu kliniku alebo partnerskú organizáciu,"BA/KE: zobrazte dohodnutú veterinárnu kliniku pre chránené živočíchy; používateľ musí najprv telefonicky overiť prijatie zvieraťa a podmienky. 
Ostatné územie: zobrazte partnerské OZ alebo záchrannú organizáciu podľa polohy. Zoznam partnerov ešte treba doplniť.",Áno – podľa kraja/okresu,"BA: zmluvná klinika – doplniť; KE: Klinika vtákov a exotických zvierat UVLF, 0917 637 798; ostatné: DB partnerských OZ – doplniť",Áno,3. kontakt (po W15/112 a W19),"Ak sa vám nedostala pomoc z oficiálnych zdrojov ani z druhého kontaktu, požiadajte o pomoc dobrovoľníkov Zverolinky podľa lokality a dostupnosti.",Áno – až po neúspechu všetkých kontaktov,Postupujte mimoriadne opatrne a presne podľa nasledujúcich pokynov.,,,,,,,,"ŠOP SR / záchranné zariadenie
112 / záchranná zložka
Veterinárna klinika
Partnerské OZ / záchranná organizácia
Dobrovoľník Zverolinky
Iná osoba
Pomohol/pomohla som sám/sama","Na pohotovostnom kontakte ŠOP mi nezdvihli ani na druhý pokus
ŠOP / záchranné zariadenie odmietlo pomôcť alebo prísť
ŠOP / záchranné zariadenie ma odkázalo na iný kontakt
Na čísle 112 mi neposkytli kontakt alebo pomoc
Veterinárna klinika bola zatvorená alebo nedostupná
Veterinárna klinika odmietla zviera prijať
Nemohol/nemohla som uhradiť veterinárne ošetrenie
Partnerské OZ nebolo dostupné alebo nemohlo pomôcť
Dobrovoľníci neboli k dispozícii
Zviera bolo nebezpečné alebo manipulácia nebola bezpečná
Zviera utieklo alebo sa skrylo
Nemal/a som potrebné pomôcky alebo dopravu
Zviera na mieste uhynulo
Situáciu vyriešil niekto iný
Iné","INTERNÉ PRE ZO - ešte skontrolovať postup čo v prípade, ak je živočích nie len chránený ale aj poľovnou zverou !! Tam nie je možné dať pomôžte sami ! ",FLOW-ZR-CHR-STD,FLOW PRIPRAVENÝ. DOPLŇIŤ POKYNY DO POMôŽTE SAMI 
ZRZAT-072,Zatúlané,Vtáky,Sovy,Plamienka,,,,,,,,,,,,,,,,,,,,,,,,,,,,,,,,,,,,
ZRZAT-073,Zranené,Vtáky,Krkavcovité vtáky,Vrana,Druh – používa FLOW-ZR-CHR-STD,"Krváca alebo má otvorenú ranu
Má poškodené alebo ovisnuté krídlo / nevie lietať
Má poranenú nohu / nevie stáť alebo chodiť
Narazilo do skla alebo inej prekážky
Je uviaznuté, zamotané alebo zlepené
Je znečistené olejom, lepidlom alebo inou látkou
Je apatické, dezorientované alebo sa nechá ľahko chytiť
Podozrenie na otravu
Videl/a som alebo mám dôvodné podozrenie, že zviera úmyselne zranil človek (napr. bitím, postrelením alebo pascou)
Neviem
Iné","Áno
Nie
Neviem","Áno
Nie
Neviem",Iné → rozbaliť W09b,Stručne popíšte iné zranenie alebo stav zvieraťa.,W14,"• Vtáka zbytočne nechytajte ani neprenášajte; neskúšajte ho púšťať alebo vyhadzovať do vzduchu.
• Nekŕmte ho a nedávajte mu vodu do zobáka.","• Ak je vták v bezprostrednom nebezpečí (napr. cesta, pes/mačka, riziko ďalšieho poranenia), šetrne ho prekryte látkou a presuňte len na najbližšie bezpečné miesto.
• Ak nie je v bezprostrednom nebezpečí, nezasahujte a sledujte ho z primeranej vzdialenosti. Ak už je zabezpečený, nechajte ho v tichu, tieni a vo vetranej krabici.",W15 – ŠOP SR / príslušné záchranné zariadenie,Zavolajte na pohotovostný kontakt ŠOP SR,"ŠOP SR zabezpečuje nepretržitú odbornú pomoc, odber a prevoz zranených alebo inak poškodených chránených živočíchov.

Podľa vašej polohy sme vybrali príslušné záchranné zariadenie. Oznámte presné miesto nálezu, druh zvieraťa (ak ho poznáte), jeho stav a či je zviera alebo okolie v bezprostrednom nebezpečenstve. Postupujte podľa pokynov odborníka.",Áno – podľa adresy z W03a/W03b,04_KONTAKTY_SOP – mapovať obec/okres na príslušný pohotovostný kontakt; nepoužiť iba najbližšiu vzdialenosť,W19 – veterinárna klinika (BA/KE) / partnerské OZ (ostatné územie),Zavolajte na veterinárnu kliniku alebo partnerskú organizáciu,"BA/KE: zobrazte dohodnutú veterinárnu kliniku pre chránené živočíchy; používateľ musí najprv telefonicky overiť prijatie zvieraťa a podmienky. 
Ostatné územie: zobrazte partnerské OZ alebo záchrannú organizáciu podľa polohy. Zoznam partnerov ešte treba doplniť.",Áno – podľa kraja/okresu,"BA: zmluvná klinika – doplniť; KE: Klinika vtákov a exotických zvierat UVLF, 0917 637 798; ostatné: DB partnerských OZ – doplniť",Áno,3. kontakt (po W15/112 a W19),"Ak sa vám nedostala pomoc z oficiálnych zdrojov ani z druhého kontaktu, požiadajte o pomoc dobrovoľníkov Zverolinky podľa lokality a dostupnosti.",Áno – až po neúspechu všetkých kontaktov,Postupujte mimoriadne opatrne a presne podľa nasledujúcich pokynov.,,,,,,,,"ŠOP SR / záchranné zariadenie
112 / záchranná zložka
Veterinárna klinika
Partnerské OZ / záchranná organizácia
Dobrovoľník Zverolinky
Iná osoba
Pomohol/pomohla som sám/sama","Na pohotovostnom kontakte ŠOP mi nezdvihli ani na druhý pokus
ŠOP / záchranné zariadenie odmietlo pomôcť alebo prísť
ŠOP / záchranné zariadenie ma odkázalo na iný kontakt
Na čísle 112 mi neposkytli kontakt alebo pomoc
Veterinárna klinika bola zatvorená alebo nedostupná
Veterinárna klinika odmietla zviera prijať
Nemohol/nemohla som uhradiť veterinárne ošetrenie
Partnerské OZ nebolo dostupné alebo nemohlo pomôcť
Dobrovoľníci neboli k dispozícii
Zviera bolo nebezpečné alebo manipulácia nebola bezpečná
Zviera utieklo alebo sa skrylo
Nemal/a som potrebné pomôcky alebo dopravu
Zviera na mieste uhynulo
Situáciu vyriešil niekto iný
Iné","INTERNÉ PRE ZO - ešte skontrolovať postup čo v prípade, ak je živočích nie len chránený ale aj poľovnou zverou !! Tam nie je možné dať pomôžte sami ! ",FLOW-ZR-CHR-STD,FLOW PRIPRAVENÝ. DOPLŇIŤ POKYNY DO POMôŽTE SAMI 
ZRZAT-074,Zatúlané,Vtáky,Krkavcovité vtáky,Vrana,,,,,,,,,,,,,,,,,,,,,,,,,,,,,,,,,,,,
ZRZAT-075,Zranené,Vtáky,Krkavcovité vtáky,Havran,Druh – používa FLOW-ZR-CHR-STD,"Krváca alebo má otvorenú ranu
Má poškodené alebo ovisnuté krídlo / nevie lietať
Má poranenú nohu / nevie stáť alebo chodiť
Narazilo do skla alebo inej prekážky
Je uviaznuté, zamotané alebo zlepené
Je znečistené olejom, lepidlom alebo inou látkou
Je apatické, dezorientované alebo sa nechá ľahko chytiť
Podozrenie na otravu
Videl/a som alebo mám dôvodné podozrenie, že zviera úmyselne zranil človek (napr. bitím, postrelením alebo pascou)
Neviem
Iné","Áno
Nie
Neviem","Áno
Nie
Neviem",Iné → rozbaliť W09b,Stručne popíšte iné zranenie alebo stav zvieraťa.,W14,"• Vtáka zbytočne nechytajte ani neprenášajte; neskúšajte ho púšťať alebo vyhadzovať do vzduchu.
• Nekŕmte ho a nedávajte mu vodu do zobáka.","• Ak je vták v bezprostrednom nebezpečí (napr. cesta, pes/mačka, riziko ďalšieho poranenia), šetrne ho prekryte látkou a presuňte len na najbližšie bezpečné miesto.
• Ak nie je v bezprostrednom nebezpečí, nezasahujte a sledujte ho z primeranej vzdialenosti. Ak už je zabezpečený, nechajte ho v tichu, tieni a vo vetranej krabici.",W15 – ŠOP SR / príslušné záchranné zariadenie,Zavolajte na pohotovostný kontakt ŠOP SR,"ŠOP SR zabezpečuje nepretržitú odbornú pomoc, odber a prevoz zranených alebo inak poškodených chránených živočíchov.

Podľa vašej polohy sme vybrali príslušné záchranné zariadenie. Oznámte presné miesto nálezu, druh zvieraťa (ak ho poznáte), jeho stav a či je zviera alebo okolie v bezprostrednom nebezpečenstve. Postupujte podľa pokynov odborníka.",Áno – podľa adresy z W03a/W03b,04_KONTAKTY_SOP – mapovať obec/okres na príslušný pohotovostný kontakt; nepoužiť iba najbližšiu vzdialenosť,W19 – veterinárna klinika (BA/KE) / partnerské OZ (ostatné územie),Zavolajte na veterinárnu kliniku alebo partnerskú organizáciu,"BA/KE: zobrazte dohodnutú veterinárnu kliniku pre chránené živočíchy; používateľ musí najprv telefonicky overiť prijatie zvieraťa a podmienky. 
Ostatné územie: zobrazte partnerské OZ alebo záchrannú organizáciu podľa polohy. Zoznam partnerov ešte treba doplniť.",Áno – podľa kraja/okresu,"BA: zmluvná klinika – doplniť; KE: Klinika vtákov a exotických zvierat UVLF, 0917 637 798; ostatné: DB partnerských OZ – doplniť",Áno,3. kontakt (po W15/112 a W19),"Ak sa vám nedostala pomoc z oficiálnych zdrojov ani z druhého kontaktu, požiadajte o pomoc dobrovoľníkov Zverolinky podľa lokality a dostupnosti.",Áno – až po neúspechu všetkých kontaktov,Postupujte mimoriadne opatrne a presne podľa nasledujúcich pokynov.,,,,,,,,"ŠOP SR / záchranné zariadenie
112 / záchranná zložka
Veterinárna klinika
Partnerské OZ / záchranná organizácia
Dobrovoľník Zverolinky
Iná osoba
Pomohol/pomohla som sám/sama","Na pohotovostnom kontakte ŠOP mi nezdvihli ani na druhý pokus
ŠOP / záchranné zariadenie odmietlo pomôcť alebo prísť
ŠOP / záchranné zariadenie ma odkázalo na iný kontakt
Na čísle 112 mi neposkytli kontakt alebo pomoc
Veterinárna klinika bola zatvorená alebo nedostupná
Veterinárna klinika odmietla zviera prijať
Nemohol/nemohla som uhradiť veterinárne ošetrenie
Partnerské OZ nebolo dostupné alebo nemohlo pomôcť
Dobrovoľníci neboli k dispozícii
Zviera bolo nebezpečné alebo manipulácia nebola bezpečná
Zviera utieklo alebo sa skrylo
Nemal/a som potrebné pomôcky alebo dopravu
Zviera na mieste uhynulo
Situáciu vyriešil niekto iný
Iné","INTERNÉ PRE ZO - ešte skontrolovať postup čo v prípade, ak je živočích nie len chránený ale aj poľovnou zverou !! Tam nie je možné dať pomôžte sami ! ",FLOW-ZR-CHR-STD,FLOW PRIPRAVENÝ. DOPLŇIŤ POKYNY DO POMôŽTE SAMI 
ZRZAT-076,Zatúlané,Vtáky,Krkavcovité vtáky,Havran,,,,,,,,,,,,,,,,,,,,,,,,,,,,,,,,,,,,
ZRZAT-077,Zranené,Vtáky,Krkavcovité vtáky,Krkavec,Druh – používa FLOW-ZR-CHR-STD,"Krváca alebo má otvorenú ranu
Má poškodené alebo ovisnuté krídlo / nevie lietať
Má poranenú nohu / nevie stáť alebo chodiť
Narazilo do skla alebo inej prekážky
Je uviaznuté, zamotané alebo zlepené
Je znečistené olejom, lepidlom alebo inou látkou
Je apatické, dezorientované alebo sa nechá ľahko chytiť
Podozrenie na otravu
Videl/a som alebo mám dôvodné podozrenie, že zviera úmyselne zranil človek (napr. bitím, postrelením alebo pascou)
Neviem
Iné","Áno
Nie
Neviem","Áno
Nie
Neviem",Iné → rozbaliť W09b,Stručne popíšte iné zranenie alebo stav zvieraťa.,W14,"• Vtáka zbytočne nechytajte ani neprenášajte; neskúšajte ho púšťať alebo vyhadzovať do vzduchu.
• Nekŕmte ho a nedávajte mu vodu do zobáka.","• Ak je vták v bezprostrednom nebezpečí (napr. cesta, pes/mačka, riziko ďalšieho poranenia), šetrne ho prekryte látkou a presuňte len na najbližšie bezpečné miesto.
• Ak nie je v bezprostrednom nebezpečí, nezasahujte a sledujte ho z primeranej vzdialenosti. Ak už je zabezpečený, nechajte ho v tichu, tieni a vo vetranej krabici.",W15 – ŠOP SR / príslušné záchranné zariadenie,Zavolajte na pohotovostný kontakt ŠOP SR,"ŠOP SR zabezpečuje nepretržitú odbornú pomoc, odber a prevoz zranených alebo inak poškodených chránených živočíchov.

Podľa vašej polohy sme vybrali príslušné záchranné zariadenie. Oznámte presné miesto nálezu, druh zvieraťa (ak ho poznáte), jeho stav a či je zviera alebo okolie v bezprostrednom nebezpečenstve. Postupujte podľa pokynov odborníka.",Áno – podľa adresy z W03a/W03b,04_KONTAKTY_SOP – mapovať obec/okres na príslušný pohotovostný kontakt; nepoužiť iba najbližšiu vzdialenosť,W19 – veterinárna klinika (BA/KE) / partnerské OZ (ostatné územie),Zavolajte na veterinárnu kliniku alebo partnerskú organizáciu,"BA/KE: zobrazte dohodnutú veterinárnu kliniku pre chránené živočíchy; používateľ musí najprv telefonicky overiť prijatie zvieraťa a podmienky. 
Ostatné územie: zobrazte partnerské OZ alebo záchrannú organizáciu podľa polohy. Zoznam partnerov ešte treba doplniť.",Áno – podľa kraja/okresu,"BA: zmluvná klinika – doplniť; KE: Klinika vtákov a exotických zvierat UVLF, 0917 637 798; ostatné: DB partnerských OZ – doplniť",Áno,3. kontakt (po W15/112 a W19),"Ak sa vám nedostala pomoc z oficiálnych zdrojov ani z druhého kontaktu, požiadajte o pomoc dobrovoľníkov Zverolinky podľa lokality a dostupnosti.",Áno – až po neúspechu všetkých kontaktov,Postupujte mimoriadne opatrne a presne podľa nasledujúcich pokynov.,,,,,,,,"ŠOP SR / záchranné zariadenie
112 / záchranná zložka
Veterinárna klinika
Partnerské OZ / záchranná organizácia
Dobrovoľník Zverolinky
Iná osoba
Pomohol/pomohla som sám/sama","Na pohotovostnom kontakte ŠOP mi nezdvihli ani na druhý pokus
ŠOP / záchranné zariadenie odmietlo pomôcť alebo prísť
ŠOP / záchranné zariadenie ma odkázalo na iný kontakt
Na čísle 112 mi neposkytli kontakt alebo pomoc
Veterinárna klinika bola zatvorená alebo nedostupná
Veterinárna klinika odmietla zviera prijať
Nemohol/nemohla som uhradiť veterinárne ošetrenie
Partnerské OZ nebolo dostupné alebo nemohlo pomôcť
Dobrovoľníci neboli k dispozícii
Zviera bolo nebezpečné alebo manipulácia nebola bezpečná
Zviera utieklo alebo sa skrylo
Nemal/a som potrebné pomôcky alebo dopravu
Zviera na mieste uhynulo
Situáciu vyriešil niekto iný
Iné","INTERNÉ PRE ZO - ešte skontrolovať postup čo v prípade, ak je živočích nie len chránený ale aj poľovnou zverou !! Tam nie je možné dať pomôžte sami ! ",FLOW-ZR-CHR-STD,FLOW PRIPRAVENÝ. DOPLŇIŤ POKYNY DO POMôŽTE SAMI 
ZRZAT-078,Zatúlané,Vtáky,Krkavcovité vtáky,Krkavec,,,,,,,,,,,,,,,,,,,,,,,,,,,,,,,,,,,,
ZRZAT-079,Zranené,Vtáky,Krkavcovité vtáky,Straka,Druh – používa FLOW-ZR-CHR-STD,"Krváca alebo má otvorenú ranu
Má poškodené alebo ovisnuté krídlo / nevie lietať
Má poranenú nohu / nevie stáť alebo chodiť
Narazilo do skla alebo inej prekážky
Je uviaznuté, zamotané alebo zlepené
Je znečistené olejom, lepidlom alebo inou látkou
Je apatické, dezorientované alebo sa nechá ľahko chytiť
Podozrenie na otravu
Videl/a som alebo mám dôvodné podozrenie, že zviera úmyselne zranil človek (napr. bitím, postrelením alebo pascou)
Neviem
Iné","Áno
Nie
Neviem","Áno
Nie
Neviem",Iné → rozbaliť W09b,Stručne popíšte iné zranenie alebo stav zvieraťa.,W14,"• Vtáka zbytočne nechytajte ani neprenášajte; neskúšajte ho púšťať alebo vyhadzovať do vzduchu.
• Nekŕmte ho a nedávajte mu vodu do zobáka.","• Ak je vták v bezprostrednom nebezpečí (napr. cesta, pes/mačka, riziko ďalšieho poranenia), šetrne ho prekryte látkou a presuňte len na najbližšie bezpečné miesto.
• Ak nie je v bezprostrednom nebezpečí, nezasahujte a sledujte ho z primeranej vzdialenosti. Ak už je zabezpečený, nechajte ho v tichu, tieni a vo vetranej krabici.",W15 – ŠOP SR / príslušné záchranné zariadenie,Zavolajte na pohotovostný kontakt ŠOP SR,"ŠOP SR zabezpečuje nepretržitú odbornú pomoc, odber a prevoz zranených alebo inak poškodených chránených živočíchov.

Podľa vašej polohy sme vybrali príslušné záchranné zariadenie. Oznámte presné miesto nálezu, druh zvieraťa (ak ho poznáte), jeho stav a či je zviera alebo okolie v bezprostrednom nebezpečenstve. Postupujte podľa pokynov odborníka.",Áno – podľa adresy z W03a/W03b,04_KONTAKTY_SOP – mapovať obec/okres na príslušný pohotovostný kontakt; nepoužiť iba najbližšiu vzdialenosť,W19 – veterinárna klinika (BA/KE) / partnerské OZ (ostatné územie),Zavolajte na veterinárnu kliniku alebo partnerskú organizáciu,"BA/KE: zobrazte dohodnutú veterinárnu kliniku pre chránené živočíchy; používateľ musí najprv telefonicky overiť prijatie zvieraťa a podmienky. 
Ostatné územie: zobrazte partnerské OZ alebo záchrannú organizáciu podľa polohy. Zoznam partnerov ešte treba doplniť.",Áno – podľa kraja/okresu,"BA: zmluvná klinika – doplniť; KE: Klinika vtákov a exotických zvierat UVLF, 0917 637 798; ostatné: DB partnerských OZ – doplniť",Áno,3. kontakt (po W15/112 a W19),"Ak sa vám nedostala pomoc z oficiálnych zdrojov ani z druhého kontaktu, požiadajte o pomoc dobrovoľníkov Zverolinky podľa lokality a dostupnosti.",Áno – až po neúspechu všetkých kontaktov,Postupujte mimoriadne opatrne a presne podľa nasledujúcich pokynov.,,,,,,,,"ŠOP SR / záchranné zariadenie
112 / záchranná zložka
Veterinárna klinika
Partnerské OZ / záchranná organizácia
Dobrovoľník Zverolinky
Iná osoba
Pomohol/pomohla som sám/sama","Na pohotovostnom kontakte ŠOP mi nezdvihli ani na druhý pokus
ŠOP / záchranné zariadenie odmietlo pomôcť alebo prísť
ŠOP / záchranné zariadenie ma odkázalo na iný kontakt
Na čísle 112 mi neposkytli kontakt alebo pomoc
Veterinárna klinika bola zatvorená alebo nedostupná
Veterinárna klinika odmietla zviera prijať
Nemohol/nemohla som uhradiť veterinárne ošetrenie
Partnerské OZ nebolo dostupné alebo nemohlo pomôcť
Dobrovoľníci neboli k dispozícii
Zviera bolo nebezpečné alebo manipulácia nebola bezpečná
Zviera utieklo alebo sa skrylo
Nemal/a som potrebné pomôcky alebo dopravu
Zviera na mieste uhynulo
Situáciu vyriešil niekto iný
Iné","INTERNÉ PRE ZO - ešte skontrolovať postup čo v prípade, ak je živočích nie len chránený ale aj poľovnou zverou !! Tam nie je možné dať pomôžte sami ! ",FLOW-ZR-CHR-STD,FLOW PRIPRAVENÝ. DOPLŇIŤ POKYNY DO POMôŽTE SAMI 
ZRZAT-080,Zatúlané,Vtáky,Krkavcovité vtáky,Straka,,,,,,,,,,,,,,,,,,,,,,,,,,,,,,,,,,,,
ZRZAT-081,Zranené,Vtáky,Krkavcovité vtáky,Sojka,Druh – používa FLOW-ZR-CHR-STD,"Krváca alebo má otvorenú ranu
Má poškodené alebo ovisnuté krídlo / nevie lietať
Má poranenú nohu / nevie stáť alebo chodiť
Narazilo do skla alebo inej prekážky
Je uviaznuté, zamotané alebo zlepené
Je znečistené olejom, lepidlom alebo inou látkou
Je apatické, dezorientované alebo sa nechá ľahko chytiť
Podozrenie na otravu
Videl/a som alebo mám dôvodné podozrenie, že zviera úmyselne zranil človek (napr. bitím, postrelením alebo pascou)
Neviem
Iné","Áno
Nie
Neviem","Áno
Nie
Neviem",Iné → rozbaliť W09b,Stručne popíšte iné zranenie alebo stav zvieraťa.,W14,"• Vtáka zbytočne nechytajte ani neprenášajte; neskúšajte ho púšťať alebo vyhadzovať do vzduchu.
• Nekŕmte ho a nedávajte mu vodu do zobáka.","• Ak je vták v bezprostrednom nebezpečí (napr. cesta, pes/mačka, riziko ďalšieho poranenia), šetrne ho prekryte látkou a presuňte len na najbližšie bezpečné miesto.
• Ak nie je v bezprostrednom nebezpečí, nezasahujte a sledujte ho z primeranej vzdialenosti. Ak už je zabezpečený, nechajte ho v tichu, tieni a vo vetranej krabici.",W15 – ŠOP SR / príslušné záchranné zariadenie,Zavolajte na pohotovostný kontakt ŠOP SR,"ŠOP SR zabezpečuje nepretržitú odbornú pomoc, odber a prevoz zranených alebo inak poškodených chránených živočíchov.

Podľa vašej polohy sme vybrali príslušné záchranné zariadenie. Oznámte presné miesto nálezu, druh zvieraťa (ak ho poznáte), jeho stav a či je zviera alebo okolie v bezprostrednom nebezpečenstve. Postupujte podľa pokynov odborníka.",Áno – podľa adresy z W03a/W03b,04_KONTAKTY_SOP – mapovať obec/okres na príslušný pohotovostný kontakt; nepoužiť iba najbližšiu vzdialenosť,W19 – veterinárna klinika (BA/KE) / partnerské OZ (ostatné územie),Zavolajte na veterinárnu kliniku alebo partnerskú organizáciu,"BA/KE: zobrazte dohodnutú veterinárnu kliniku pre chránené živočíchy; používateľ musí najprv telefonicky overiť prijatie zvieraťa a podmienky. 
Ostatné územie: zobrazte partnerské OZ alebo záchrannú organizáciu podľa polohy. Zoznam partnerov ešte treba doplniť.",Áno – podľa kraja/okresu,"BA: zmluvná klinika – doplniť; KE: Klinika vtákov a exotických zvierat UVLF, 0917 637 798; ostatné: DB partnerských OZ – doplniť",Áno,3. kontakt (po W15/112 a W19),"Ak sa vám nedostala pomoc z oficiálnych zdrojov ani z druhého kontaktu, požiadajte o pomoc dobrovoľníkov Zverolinky podľa lokality a dostupnosti.",Áno – až po neúspechu všetkých kontaktov,Postupujte mimoriadne opatrne a presne podľa nasledujúcich pokynov.,,,,,,,,"ŠOP SR / záchranné zariadenie
112 / záchranná zložka
Veterinárna klinika
Partnerské OZ / záchranná organizácia
Dobrovoľník Zverolinky
Iná osoba
Pomohol/pomohla som sám/sama","Na pohotovostnom kontakte ŠOP mi nezdvihli ani na druhý pokus
ŠOP / záchranné zariadenie odmietlo pomôcť alebo prísť
ŠOP / záchranné zariadenie ma odkázalo na iný kontakt
Na čísle 112 mi neposkytli kontakt alebo pomoc
Veterinárna klinika bola zatvorená alebo nedostupná
Veterinárna klinika odmietla zviera prijať
Nemohol/nemohla som uhradiť veterinárne ošetrenie
Partnerské OZ nebolo dostupné alebo nemohlo pomôcť
Dobrovoľníci neboli k dispozícii
Zviera bolo nebezpečné alebo manipulácia nebola bezpečná
Zviera utieklo alebo sa skrylo
Nemal/a som potrebné pomôcky alebo dopravu
Zviera na mieste uhynulo
Situáciu vyriešil niekto iný
Iné","INTERNÉ PRE ZO - ešte skontrolovať postup čo v prípade, ak je živočích nie len chránený ale aj poľovnou zverou !! Tam nie je možné dať pomôžte sami ! ",FLOW-ZR-CHR-STD,FLOW PRIPRAVENÝ. DOPLŇIŤ POKYNY DO POMôŽTE SAMI 
ZRZAT-082,Zatúlané,Vtáky,Krkavcovité vtáky,Sojka,,,,,,,,,,,,,,,,,,,,,,,,,,,,,,,,,,,,
ZRZAT-083,Zranené,Vtáky,Krkavcovité vtáky,Kavka,Druh – používa FLOW-ZR-CHR-STD,"Krváca alebo má otvorenú ranu
Má poškodené alebo ovisnuté krídlo / nevie lietať
Má poranenú nohu / nevie stáť alebo chodiť
Narazilo do skla alebo inej prekážky
Je uviaznuté, zamotané alebo zlepené
Je znečistené olejom, lepidlom alebo inou látkou
Je apatické, dezorientované alebo sa nechá ľahko chytiť
Podozrenie na otravu
Videl/a som alebo mám dôvodné podozrenie, že zviera úmyselne zranil človek (napr. bitím, postrelením alebo pascou)
Neviem
Iné","Áno
Nie
Neviem","Áno
Nie
Neviem",Iné → rozbaliť W09b,Stručne popíšte iné zranenie alebo stav zvieraťa.,W14,"• Vtáka zbytočne nechytajte ani neprenášajte; neskúšajte ho púšťať alebo vyhadzovať do vzduchu.
• Nekŕmte ho a nedávajte mu vodu do zobáka.","• Ak je vták v bezprostrednom nebezpečí (napr. cesta, pes/mačka, riziko ďalšieho poranenia), šetrne ho prekryte látkou a presuňte len na najbližšie bezpečné miesto.
• Ak nie je v bezprostrednom nebezpečí, nezasahujte a sledujte ho z primeranej vzdialenosti. Ak už je zabezpečený, nechajte ho v tichu, tieni a vo vetranej krabici.",W15 – ŠOP SR / príslušné záchranné zariadenie,Zavolajte na pohotovostný kontakt ŠOP SR,"ŠOP SR zabezpečuje nepretržitú odbornú pomoc, odber a prevoz zranených alebo inak poškodených chránených živočíchov.

Podľa vašej polohy sme vybrali príslušné záchranné zariadenie. Oznámte presné miesto nálezu, druh zvieraťa (ak ho poznáte), jeho stav a či je zviera alebo okolie v bezprostrednom nebezpečenstve. Postupujte podľa pokynov odborníka.",Áno – podľa adresy z W03a/W03b,04_KONTAKTY_SOP – mapovať obec/okres na príslušný pohotovostný kontakt; nepoužiť iba najbližšiu vzdialenosť,W19 – veterinárna klinika (BA/KE) / partnerské OZ (ostatné územie),Zavolajte na veterinárnu kliniku alebo partnerskú organizáciu,"BA/KE: zobrazte dohodnutú veterinárnu kliniku pre chránené živočíchy; používateľ musí najprv telefonicky overiť prijatie zvieraťa a podmienky. 
Ostatné územie: zobrazte partnerské OZ alebo záchrannú organizáciu podľa polohy. Zoznam partnerov ešte treba doplniť.",Áno – podľa kraja/okresu,"BA: zmluvná klinika – doplniť; KE: Klinika vtákov a exotických zvierat UVLF, 0917 637 798; ostatné: DB partnerských OZ – doplniť",Áno,3. kontakt (po W15/112 a W19),"Ak sa vám nedostala pomoc z oficiálnych zdrojov ani z druhého kontaktu, požiadajte o pomoc dobrovoľníkov Zverolinky podľa lokality a dostupnosti.",Áno – až po neúspechu všetkých kontaktov,Postupujte mimoriadne opatrne a presne podľa nasledujúcich pokynov.,,,,,,,,"ŠOP SR / záchranné zariadenie
112 / záchranná zložka
Veterinárna klinika
Partnerské OZ / záchranná organizácia
Dobrovoľník Zverolinky
Iná osoba
Pomohol/pomohla som sám/sama","Na pohotovostnom kontakte ŠOP mi nezdvihli ani na druhý pokus
ŠOP / záchranné zariadenie odmietlo pomôcť alebo prísť
ŠOP / záchranné zariadenie ma odkázalo na iný kontakt
Na čísle 112 mi neposkytli kontakt alebo pomoc
Veterinárna klinika bola zatvorená alebo nedostupná
Veterinárna klinika odmietla zviera prijať
Nemohol/nemohla som uhradiť veterinárne ošetrenie
Partnerské OZ nebolo dostupné alebo nemohlo pomôcť
Dobrovoľníci neboli k dispozícii
Zviera bolo nebezpečné alebo manipulácia nebola bezpečná
Zviera utieklo alebo sa skrylo
Nemal/a som potrebné pomôcky alebo dopravu
Zviera na mieste uhynulo
Situáciu vyriešil niekto iný
Iné","INTERNÉ PRE ZO - ešte skontrolovať postup čo v prípade, ak je živočích nie len chránený ale aj poľovnou zverou !! Tam nie je možné dať pomôžte sami ! ",FLOW-ZR-CHR-STD,FLOW PRIPRAVENÝ. DOPLŇIŤ POKYNY DO POMôŽTE SAMI 
ZRZAT-084,Zatúlané,Vtáky,Krkavcovité vtáky,Kavka,,,,,,,,,,,,,,,,,,,,,,,,,,,,,,,,,,,,
ZRZAT-085,Zranené,Vtáky,Vodné vtáky,Labuť,Druh – používa FLOW-ZR-CHR-STD,"Krváca alebo má otvorenú ranu
Má poškodené alebo ovisnuté krídlo / nevie lietať
Má poranenú nohu / nevie stáť alebo chodiť
Narazilo do skla alebo inej prekážky
Je zachytené na vlasci, háčiku, sieti alebo v ľade
Je uviaznuté, zamotané alebo zlepené
Je znečistené olejom, lepidlom alebo inou látkou
Je apatické, dezorientované alebo sa nechá ľahko chytiť
Podozrenie na otravu
Videl/a som alebo mám dôvodné podozrenie, že zviera úmyselne zranil človek (napr. bitím, postrelením alebo pascou)
Neviem
Iné","Áno
Nie
Neviem","Áno
Nie
Neviem",Iné → rozbaliť W09b,Stručne popíšte iné zranenie alebo stav zvieraťa.,W14,"• Vtáka zbytočne nechytajte ani neprenášajte; nevstupujte za ním do hlbokej alebo studenej vody.
• Nekŕmte ho a nedávajte mu vodu do zobáka.","• Ak je vták na ceste alebo brehu v bezprostrednom nebezpečí, držte ľudí a psy ďalej; presúvajte ho len vtedy, ak to viete urobiť bezpečne a bez vstupu do vody.
• Ak nie je v bezprostrednom nebezpečí, nezasahujte a sledujte ho z primeranej vzdialenosti. Ak už je zabezpečený, nechajte ho v tichu, tieni a bez ďalšej manipulácie.",W15 – ŠOP SR / príslušné záchranné zariadenie,Zavolajte na pohotovostný kontakt ŠOP SR,"ŠOP SR zabezpečuje nepretržitú odbornú pomoc, odber a prevoz zranených alebo inak poškodených chránených živočíchov.

Podľa vašej polohy sme vybrali príslušné záchranné zariadenie. Oznámte presné miesto nálezu, druh zvieraťa (ak ho poznáte), jeho stav a či je zviera alebo okolie v bezprostrednom nebezpečenstve. Postupujte podľa pokynov odborníka.",Áno – podľa adresy z W03a/W03b,04_KONTAKTY_SOP – mapovať obec/okres na príslušný pohotovostný kontakt; nepoužiť iba najbližšiu vzdialenosť,W19 – veterinárna klinika (BA/KE) / partnerské OZ (ostatné územie),Zavolajte na veterinárnu kliniku alebo partnerskú organizáciu,"BA/KE: zobrazte dohodnutú veterinárnu kliniku pre chránené živočíchy; používateľ musí najprv telefonicky overiť prijatie zvieraťa a podmienky. 
Ostatné územie: zobrazte partnerské OZ alebo záchrannú organizáciu podľa polohy. Zoznam partnerov ešte treba doplniť.",Áno – podľa kraja/okresu,"BA: zmluvná klinika – doplniť; KE: Klinika vtákov a exotických zvierat UVLF, 0917 637 798; ostatné: DB partnerských OZ – doplniť",Áno,3. kontakt (po W15/112 a W19),"Ak sa vám nedostala pomoc z oficiálnych zdrojov ani z druhého kontaktu, požiadajte o pomoc dobrovoľníkov Zverolinky podľa lokality a dostupnosti.",Áno – až po neúspechu všetkých kontaktov,Postupujte mimoriadne opatrne a presne podľa nasledujúcich pokynov.,,,,,,,,"ŠOP SR / záchranné zariadenie
112 / záchranná zložka
Veterinárna klinika
Partnerské OZ / záchranná organizácia
Dobrovoľník Zverolinky
Iná osoba
Pomohol/pomohla som sám/sama","Na pohotovostnom kontakte ŠOP mi nezdvihli ani na druhý pokus
ŠOP / záchranné zariadenie odmietlo pomôcť alebo prísť
ŠOP / záchranné zariadenie ma odkázalo na iný kontakt
Na čísle 112 mi neposkytli kontakt alebo pomoc
Veterinárna klinika bola zatvorená alebo nedostupná
Veterinárna klinika odmietla zviera prijať
Nemohol/nemohla som uhradiť veterinárne ošetrenie
Partnerské OZ nebolo dostupné alebo nemohlo pomôcť
Dobrovoľníci neboli k dispozícii
Zviera bolo nebezpečné alebo manipulácia nebola bezpečná
Zviera utieklo alebo sa skrylo
Nemal/a som potrebné pomôcky alebo dopravu
Zviera na mieste uhynulo
Situáciu vyriešil niekto iný
Iné","INTERNÉ PRE ZO - ešte skontrolovať postup čo v prípade, ak je živočích nie len chránený ale aj poľovnou zverou !! Tam nie je možné dať pomôžte sami ! ",FLOW-ZR-CHR-STD,FLOW PRIPRAVENÝ. DOPLŇIŤ POKYNY DO POMôŽTE SAMI 
ZRZAT-086,Zatúlané,Vtáky,Vodné vtáky,Labuť,,,,,,,,,,,,,,,,,,,,,,,,,,,,,,,,,,,,
ZRZAT-087,Zranené,Vtáky,Vodné vtáky,Kačica,Druh – používa FLOW-ZR-CHR-STD,"Krváca alebo má otvorenú ranu
Má poškodené alebo ovisnuté krídlo / nevie lietať
Má poranenú nohu / nevie stáť alebo chodiť
Narazilo do skla alebo inej prekážky
Je zachytené na vlasci, háčiku, sieti alebo v ľade
Je uviaznuté, zamotané alebo zlepené
Je znečistené olejom, lepidlom alebo inou látkou
Je apatické, dezorientované alebo sa nechá ľahko chytiť
Podozrenie na otravu
Videl/a som alebo mám dôvodné podozrenie, že zviera úmyselne zranil človek (napr. bitím, postrelením alebo pascou)
Neviem
Iné","Áno
Nie
Neviem","Áno
Nie
Neviem",Iné → rozbaliť W09b,Stručne popíšte iné zranenie alebo stav zvieraťa.,W14,"• Vtáka zbytočne nechytajte ani neprenášajte; nevstupujte za ním do hlbokej alebo studenej vody.
• Nekŕmte ho a nedávajte mu vodu do zobáka.","• Ak je vták na ceste alebo brehu v bezprostrednom nebezpečí, držte ľudí a psy ďalej; presúvajte ho len vtedy, ak to viete urobiť bezpečne a bez vstupu do vody.
• Ak nie je v bezprostrednom nebezpečí, nezasahujte a sledujte ho z primeranej vzdialenosti. Ak už je zabezpečený, nechajte ho v tichu, tieni a bez ďalšej manipulácie.",W15 – ŠOP SR / príslušné záchranné zariadenie,Zavolajte na pohotovostný kontakt ŠOP SR,"ŠOP SR zabezpečuje nepretržitú odbornú pomoc, odber a prevoz zranených alebo inak poškodených chránených živočíchov.

Podľa vašej polohy sme vybrali príslušné záchranné zariadenie. Oznámte presné miesto nálezu, druh zvieraťa (ak ho poznáte), jeho stav a či je zviera alebo okolie v bezprostrednom nebezpečenstve. Postupujte podľa pokynov odborníka.",Áno – podľa adresy z W03a/W03b,04_KONTAKTY_SOP – mapovať obec/okres na príslušný pohotovostný kontakt; nepoužiť iba najbližšiu vzdialenosť,W19 – veterinárna klinika (BA/KE) / partnerské OZ (ostatné územie),Zavolajte na veterinárnu kliniku alebo partnerskú organizáciu,"BA/KE: zobrazte dohodnutú veterinárnu kliniku pre chránené živočíchy; používateľ musí najprv telefonicky overiť prijatie zvieraťa a podmienky. 
Ostatné územie: zobrazte partnerské OZ alebo záchrannú organizáciu podľa polohy. Zoznam partnerov ešte treba doplniť.",Áno – podľa kraja/okresu,"BA: zmluvná klinika – doplniť; KE: Klinika vtákov a exotických zvierat UVLF, 0917 637 798; ostatné: DB partnerských OZ – doplniť",Áno,3. kontakt (po W15/112 a W19),"Ak sa vám nedostala pomoc z oficiálnych zdrojov ani z druhého kontaktu, požiadajte o pomoc dobrovoľníkov Zverolinky podľa lokality a dostupnosti.",Áno – až po neúspechu všetkých kontaktov,Postupujte mimoriadne opatrne a presne podľa nasledujúcich pokynov.,,,,,,,,"ŠOP SR / záchranné zariadenie
112 / záchranná zložka
Veterinárna klinika
Partnerské OZ / záchranná organizácia
Dobrovoľník Zverolinky
Iná osoba
Pomohol/pomohla som sám/sama","Na pohotovostnom kontakte ŠOP mi nezdvihli ani na druhý pokus
ŠOP / záchranné zariadenie odmietlo pomôcť alebo prísť
ŠOP / záchranné zariadenie ma odkázalo na iný kontakt
Na čísle 112 mi neposkytli kontakt alebo pomoc
Veterinárna klinika bola zatvorená alebo nedostupná
Veterinárna klinika odmietla zviera prijať
Nemohol/nemohla som uhradiť veterinárne ošetrenie
Partnerské OZ nebolo dostupné alebo nemohlo pomôcť
Dobrovoľníci neboli k dispozícii
Zviera bolo nebezpečné alebo manipulácia nebola bezpečná
Zviera utieklo alebo sa skrylo
Nemal/a som potrebné pomôcky alebo dopravu
Zviera na mieste uhynulo
Situáciu vyriešil niekto iný
Iné","INTERNÉ PRE ZO - ešte skontrolovať postup čo v prípade, ak je živočích nie len chránený ale aj poľovnou zverou !! Tam nie je možné dať pomôžte sami ! ",FLOW-ZR-CHR-STD,FLOW PRIPRAVENÝ. DOPLŇIŤ POKYNY DO POMôŽTE SAMI 
ZRZAT-088,Zatúlané,Vtáky,Vodné vtáky,Kačica,,,,,,,,,,,,,,,,,,,,,,,,,,,,,,,,,,,,
ZRZAT-089,Zranené,Vtáky,Vodné vtáky,Hus,Druh – používa FLOW-ZR-CHR-STD,"Krváca alebo má otvorenú ranu
Má poškodené alebo ovisnuté krídlo / nevie lietať
Má poranenú nohu / nevie stáť alebo chodiť
Narazilo do skla alebo inej prekážky
Je zachytené na vlasci, háčiku, sieti alebo v ľade
Je uviaznuté, zamotané alebo zlepené
Je znečistené olejom, lepidlom alebo inou látkou
Je apatické, dezorientované alebo sa nechá ľahko chytiť
Podozrenie na otravu
Videl/a som alebo mám dôvodné podozrenie, že zviera úmyselne zranil človek (napr. bitím, postrelením alebo pascou)
Neviem
Iné","Áno
Nie
Neviem","Áno
Nie
Neviem",Iné → rozbaliť W09b,Stručne popíšte iné zranenie alebo stav zvieraťa.,W14,"• Vtáka zbytočne nechytajte ani neprenášajte; nevstupujte za ním do hlbokej alebo studenej vody.
• Nekŕmte ho a nedávajte mu vodu do zobáka.","• Ak je vták na ceste alebo brehu v bezprostrednom nebezpečí, držte ľudí a psy ďalej; presúvajte ho len vtedy, ak to viete urobiť bezpečne a bez vstupu do vody.
• Ak nie je v bezprostrednom nebezpečí, nezasahujte a sledujte ho z primeranej vzdialenosti. Ak už je zabezpečený, nechajte ho v tichu, tieni a bez ďalšej manipulácie.",W15 – ŠOP SR / príslušné záchranné zariadenie,Zavolajte na pohotovostný kontakt ŠOP SR,"ŠOP SR zabezpečuje nepretržitú odbornú pomoc, odber a prevoz zranených alebo inak poškodených chránených živočíchov.

Podľa vašej polohy sme vybrali príslušné záchranné zariadenie. Oznámte presné miesto nálezu, druh zvieraťa (ak ho poznáte), jeho stav a či je zviera alebo okolie v bezprostrednom nebezpečenstve. Postupujte podľa pokynov odborníka.",Áno – podľa adresy z W03a/W03b,04_KONTAKTY_SOP – mapovať obec/okres na príslušný pohotovostný kontakt; nepoužiť iba najbližšiu vzdialenosť,W19 – veterinárna klinika (BA/KE) / partnerské OZ (ostatné územie),Zavolajte na veterinárnu kliniku alebo partnerskú organizáciu,"BA/KE: zobrazte dohodnutú veterinárnu kliniku pre chránené živočíchy; používateľ musí najprv telefonicky overiť prijatie zvieraťa a podmienky. 
Ostatné územie: zobrazte partnerské OZ alebo záchrannú organizáciu podľa polohy. Zoznam partnerov ešte treba doplniť.",Áno – podľa kraja/okresu,"BA: zmluvná klinika – doplniť; KE: Klinika vtákov a exotických zvierat UVLF, 0917 637 798; ostatné: DB partnerských OZ – doplniť",Áno,3. kontakt (po W15/112 a W19),"Ak sa vám nedostala pomoc z oficiálnych zdrojov ani z druhého kontaktu, požiadajte o pomoc dobrovoľníkov Zverolinky podľa lokality a dostupnosti.",Áno – až po neúspechu všetkých kontaktov,Postupujte mimoriadne opatrne a presne podľa nasledujúcich pokynov.,,,,,,,,"ŠOP SR / záchranné zariadenie
112 / záchranná zložka
Veterinárna klinika
Partnerské OZ / záchranná organizácia
Dobrovoľník Zverolinky
Iná osoba
Pomohol/pomohla som sám/sama","Na pohotovostnom kontakte ŠOP mi nezdvihli ani na druhý pokus
ŠOP / záchranné zariadenie odmietlo pomôcť alebo prísť
ŠOP / záchranné zariadenie ma odkázalo na iný kontakt
Na čísle 112 mi neposkytli kontakt alebo pomoc
Veterinárna klinika bola zatvorená alebo nedostupná
Veterinárna klinika odmietla zviera prijať
Nemohol/nemohla som uhradiť veterinárne ošetrenie
Partnerské OZ nebolo dostupné alebo nemohlo pomôcť
Dobrovoľníci neboli k dispozícii
Zviera bolo nebezpečné alebo manipulácia nebola bezpečná
Zviera utieklo alebo sa skrylo
Nemal/a som potrebné pomôcky alebo dopravu
Zviera na mieste uhynulo
Situáciu vyriešil niekto iný
Iné","INTERNÉ PRE ZO - ešte skontrolovať postup čo v prípade, ak je živočích nie len chránený ale aj poľovnou zverou !! Tam nie je možné dať pomôžte sami ! ",FLOW-ZR-CHR-STD,FLOW PRIPRAVENÝ. DOPLŇIŤ POKYNY DO POMôŽTE SAMI 
ZRZAT-090,Zatúlané,Vtáky,Vodné vtáky,Hus,,,,,,,,,,,,,,,,,,,,,,,,,,,,,,,,,,,,
ZRZAT-091,Zranené,Vtáky,Vodné vtáky,Volavka,Druh – používa FLOW-ZR-CHR-STD,"Krváca alebo má otvorenú ranu
Má poškodené alebo ovisnuté krídlo / nevie lietať
Má poranenú nohu / nevie stáť alebo chodiť
Narazilo do skla alebo inej prekážky
Je zachytené na vlasci, háčiku, sieti alebo v ľade
Je uviaznuté, zamotané alebo zlepené
Je znečistené olejom, lepidlom alebo inou látkou
Je apatické, dezorientované alebo sa nechá ľahko chytiť
Podozrenie na otravu
Videl/a som alebo mám dôvodné podozrenie, že zviera úmyselne zranil človek (napr. bitím, postrelením alebo pascou)
Neviem
Iné","Áno
Nie
Neviem","Áno
Nie
Neviem",Iné → rozbaliť W09b,Stručne popíšte iné zranenie alebo stav zvieraťa.,W14,"• Vtáka zbytočne nechytajte ani neprenášajte; nepribližujte sa tvárou ani rukami k zobáku.
• Nekŕmte ho a nedávajte mu vodu do zobáka.","• Ak je vták v bezprostrednom nebezpečí (napr. cesta, pes/mačka, riziko ďalšieho poranenia) a viete to urobiť bezpečne, prekryte ho veľkou látkou/dekou, držte zobák mimo tváre a presuňte len na najbližšie bezpečné miesto.
• Ak nie je v bezprostrednom nebezpečí, nezasahujte a sledujte ho z primeranej vzdialenosti. Ak už je zabezpečený, nechajte ho v tichu, tieni a bez ďalšej manipulácie.",W15 – ŠOP SR / príslušné záchranné zariadenie,Zavolajte na pohotovostný kontakt ŠOP SR,"ŠOP SR zabezpečuje nepretržitú odbornú pomoc, odber a prevoz zranených alebo inak poškodených chránených živočíchov.

Podľa vašej polohy sme vybrali príslušné záchranné zariadenie. Oznámte presné miesto nálezu, druh zvieraťa (ak ho poznáte), jeho stav a či je zviera alebo okolie v bezprostrednom nebezpečenstve. Postupujte podľa pokynov odborníka.",Áno – podľa adresy z W03a/W03b,04_KONTAKTY_SOP – mapovať obec/okres na príslušný pohotovostný kontakt; nepoužiť iba najbližšiu vzdialenosť,W19 – veterinárna klinika (BA/KE) / partnerské OZ (ostatné územie),Zavolajte na veterinárnu kliniku alebo partnerskú organizáciu,"BA/KE: zobrazte dohodnutú veterinárnu kliniku pre chránené živočíchy; používateľ musí najprv telefonicky overiť prijatie zvieraťa a podmienky. 
Ostatné územie: zobrazte partnerské OZ alebo záchrannú organizáciu podľa polohy. Zoznam partnerov ešte treba doplniť.",Áno – podľa kraja/okresu,"BA: zmluvná klinika – doplniť; KE: Klinika vtákov a exotických zvierat UVLF, 0917 637 798; ostatné: DB partnerských OZ – doplniť",Áno,3. kontakt (po W15/112 a W19),"Ak sa vám nedostala pomoc z oficiálnych zdrojov ani z druhého kontaktu, požiadajte o pomoc dobrovoľníkov Zverolinky podľa lokality a dostupnosti.",Áno – až po neúspechu všetkých kontaktov,Postupujte mimoriadne opatrne a presne podľa nasledujúcich pokynov.,,,,,,,,"ŠOP SR / záchranné zariadenie
112 / záchranná zložka
Veterinárna klinika
Partnerské OZ / záchranná organizácia
Dobrovoľník Zverolinky
Iná osoba
Pomohol/pomohla som sám/sama","Na pohotovostnom kontakte ŠOP mi nezdvihli ani na druhý pokus
ŠOP / záchranné zariadenie odmietlo pomôcť alebo prísť
ŠOP / záchranné zariadenie ma odkázalo na iný kontakt
Na čísle 112 mi neposkytli kontakt alebo pomoc
Veterinárna klinika bola zatvorená alebo nedostupná
Veterinárna klinika odmietla zviera prijať
Nemohol/nemohla som uhradiť veterinárne ošetrenie
Partnerské OZ nebolo dostupné alebo nemohlo pomôcť
Dobrovoľníci neboli k dispozícii
Zviera bolo nebezpečné alebo manipulácia nebola bezpečná
Zviera utieklo alebo sa skrylo
Nemal/a som potrebné pomôcky alebo dopravu
Zviera na mieste uhynulo
Situáciu vyriešil niekto iný
Iné","INTERNÉ PRE ZO - ešte skontrolovať postup čo v prípade, ak je živočích nie len chránený ale aj poľovnou zverou !! Tam nie je možné dať pomôžte sami ! ",FLOW-ZR-CHR-STD,FLOW PRIPRAVENÝ. DOPLŇIŤ POKYNY DO POMôŽTE SAMI 
ZRZAT-092,Zatúlané,Vtáky,Vodné vtáky,Volavka,,,,,,,,,,,,,,,,,,,,,,,,,,,,,,,,,,,,
ZRZAT-093,Zranené,Vtáky,Vodné vtáky,Kormorán,Druh – používa FLOW-ZR-CHR-STD,"Krváca alebo má otvorenú ranu
Má poškodené alebo ovisnuté krídlo / nevie lietať
Má poranenú nohu / nevie stáť alebo chodiť
Narazilo do skla alebo inej prekážky
Je zachytené na vlasci, háčiku, sieti alebo v ľade
Je uviaznuté, zamotané alebo zlepené
Je znečistené olejom, lepidlom alebo inou látkou
Je apatické, dezorientované alebo sa nechá ľahko chytiť
Podozrenie na otravu
Videl/a som alebo mám dôvodné podozrenie, že zviera úmyselne zranil človek (napr. bitím, postrelením alebo pascou)
Neviem
Iné","Áno
Nie
Neviem","Áno
Nie
Neviem",Iné → rozbaliť W09b,Stručne popíšte iné zranenie alebo stav zvieraťa.,,,,W15 – ŠOP SR / príslušné záchranné zariadenie,Zavolajte na pohotovostný kontakt ŠOP SR,"ŠOP SR zabezpečuje nepretržitú odbornú pomoc, odber a prevoz zranených alebo inak poškodených chránených živočíchov.

Podľa vašej polohy sme vybrali príslušné záchranné zariadenie. Oznámte presné miesto nálezu, druh zvieraťa (ak ho poznáte), jeho stav a či je zviera alebo okolie v bezprostrednom nebezpečenstve. Postupujte podľa pokynov odborníka.",Áno – podľa adresy z W03a/W03b,04_KONTAKTY_SOP – mapovať obec/okres na príslušný pohotovostný kontakt; nepoužiť iba najbližšiu vzdialenosť,W19 – veterinárna klinika (BA/KE) / partnerské OZ (ostatné územie),Zavolajte na veterinárnu kliniku alebo partnerskú organizáciu,"BA/KE: zobrazte dohodnutú veterinárnu kliniku pre chránené živočíchy; používateľ musí najprv telefonicky overiť prijatie zvieraťa a podmienky. 
Ostatné územie: zobrazte partnerské OZ alebo záchrannú organizáciu podľa polohy. Zoznam partnerov ešte treba doplniť.",Áno – podľa kraja/okresu,"BA: zmluvná klinika – doplniť; KE: Klinika vtákov a exotických zvierat UVLF, 0917 637 798; ostatné: DB partnerských OZ – doplniť",Áno,3. kontakt (po W15/112 a W19),"Ak sa vám nedostala pomoc z oficiálnych zdrojov ani z druhého kontaktu, požiadajte o pomoc dobrovoľníkov Zverolinky podľa lokality a dostupnosti.",Áno – až po neúspechu všetkých kontaktov,Postupujte mimoriadne opatrne a presne podľa nasledujúcich pokynov.,,,,,,,,"ŠOP SR / záchranné zariadenie
112 / záchranná zložka
Veterinárna klinika
Partnerské OZ / záchranná organizácia
Dobrovoľník Zverolinky
Iná osoba
Pomohol/pomohla som sám/sama","Na pohotovostnom kontakte ŠOP mi nezdvihli ani na druhý pokus
ŠOP / záchranné zariadenie odmietlo pomôcť alebo prísť
ŠOP / záchranné zariadenie ma odkázalo na iný kontakt
Na čísle 112 mi neposkytli kontakt alebo pomoc
Veterinárna klinika bola zatvorená alebo nedostupná
Veterinárna klinika odmietla zviera prijať
Nemohol/nemohla som uhradiť veterinárne ošetrenie
Partnerské OZ nebolo dostupné alebo nemohlo pomôcť
Dobrovoľníci neboli k dispozícii
Zviera bolo nebezpečné alebo manipulácia nebola bezpečná
Zviera utieklo alebo sa skrylo
Nemal/a som potrebné pomôcky alebo dopravu
Zviera na mieste uhynulo
Situáciu vyriešil niekto iný
Iné","INTERNÉ PRE ZO - ešte skontrolovať postup čo v prípade, ak je živočích nie len chránený ale aj poľovnou zverou !! Tam nie je možné dať pomôžte sami ! ",FLOW-ZR-CHR-STD,FLOW PRIPRAVENÝ. DOPLŇIŤ POKYNY DO POMôŽTE SAMI 
ZRZAT-094,Zatúlané,Vtáky,Vodné vtáky,Kormorán,,,,,,,,,,,,,,,,,,,,,,,,,,,,,,,,,,,,
ZRZAT-095,Zranené,Vtáky,Vodné vtáky,Čajka,Druh – používa FLOW-ZR-CHR-STD,"Krváca alebo má otvorenú ranu
Má poškodené alebo ovisnuté krídlo / nevie lietať
Má poranenú nohu / nevie stáť alebo chodiť
Narazilo do skla alebo inej prekážky
Je zachytené na vlasci, háčiku, sieti alebo v ľade
Je uviaznuté, zamotané alebo zlepené
Je znečistené olejom, lepidlom alebo inou látkou
Je apatické, dezorientované alebo sa nechá ľahko chytiť
Podozrenie na otravu
Videl/a som alebo mám dôvodné podozrenie, že zviera úmyselne zranil človek (napr. bitím, postrelením alebo pascou)
Neviem
Iné","Áno
Nie
Neviem","Áno
Nie
Neviem",Iné → rozbaliť W09b,Stručne popíšte iné zranenie alebo stav zvieraťa.,,,,W15 – ŠOP SR / príslušné záchranné zariadenie,Zavolajte na pohotovostný kontakt ŠOP SR,"ŠOP SR zabezpečuje nepretržitú odbornú pomoc, odber a prevoz zranených alebo inak poškodených chránených živočíchov.

Podľa vašej polohy sme vybrali príslušné záchranné zariadenie. Oznámte presné miesto nálezu, druh zvieraťa (ak ho poznáte), jeho stav a či je zviera alebo okolie v bezprostrednom nebezpečenstve. Postupujte podľa pokynov odborníka.",Áno – podľa adresy z W03a/W03b,04_KONTAKTY_SOP – mapovať obec/okres na príslušný pohotovostný kontakt; nepoužiť iba najbližšiu vzdialenosť,W19 – veterinárna klinika (BA/KE) / partnerské OZ (ostatné územie),Zavolajte na veterinárnu kliniku alebo partnerskú organizáciu,"BA/KE: zobrazte dohodnutú veterinárnu kliniku pre chránené živočíchy; používateľ musí najprv telefonicky overiť prijatie zvieraťa a podmienky. 
Ostatné územie: zobrazte partnerské OZ alebo záchrannú organizáciu podľa polohy. Zoznam partnerov ešte treba doplniť.",Áno – podľa kraja/okresu,"BA: zmluvná klinika – doplniť; KE: Klinika vtákov a exotických zvierat UVLF, 0917 637 798; ostatné: DB partnerských OZ – doplniť",Áno,3. kontakt (po W15/112 a W19),"Ak sa vám nedostala pomoc z oficiálnych zdrojov ani z druhého kontaktu, požiadajte o pomoc dobrovoľníkov Zverolinky podľa lokality a dostupnosti.",Áno – až po neúspechu všetkých kontaktov,Postupujte mimoriadne opatrne a presne podľa nasledujúcich pokynov.,,,,,,,,"ŠOP SR / záchranné zariadenie
112 / záchranná zložka
Veterinárna klinika
Partnerské OZ / záchranná organizácia
Dobrovoľník Zverolinky
Iná osoba
Pomohol/pomohla som sám/sama","Na pohotovostnom kontakte ŠOP mi nezdvihli ani na druhý pokus
ŠOP / záchranné zariadenie odmietlo pomôcť alebo prísť
ŠOP / záchranné zariadenie ma odkázalo na iný kontakt
Na čísle 112 mi neposkytli kontakt alebo pomoc
Veterinárna klinika bola zatvorená alebo nedostupná
Veterinárna klinika odmietla zviera prijať
Nemohol/nemohla som uhradiť veterinárne ošetrenie
Partnerské OZ nebolo dostupné alebo nemohlo pomôcť
Dobrovoľníci neboli k dispozícii
Zviera bolo nebezpečné alebo manipulácia nebola bezpečná
Zviera utieklo alebo sa skrylo
Nemal/a som potrebné pomôcky alebo dopravu
Zviera na mieste uhynulo
Situáciu vyriešil niekto iný
Iné","INTERNÉ PRE ZO - ešte skontrolovať postup čo v prípade, ak je živočích nie len chránený ale aj poľovnou zverou !! Tam nie je možné dať pomôžte sami ! ",FLOW-ZR-CHR-STD,FLOW PRIPRAVENÝ. DOPLŇIŤ POKYNY DO POMôŽTE SAMI 
ZRZAT-096,Zatúlané,Vtáky,Vodné vtáky,Čajka,,,,,,,,,,,,,,,,,,,,,,,,,,,,,,,,,,,,
ZRZAT-097,Zranené,Vtáky,Vodné vtáky,Potápka,Druh – používa FLOW-ZR-CHR-STD,"Krváca alebo má otvorenú ranu
Má poškodené alebo ovisnuté krídlo / nevie lietať
Má poranenú nohu / nevie stáť alebo chodiť
Narazilo do skla alebo inej prekážky
Je zachytené na vlasci, háčiku, sieti alebo v ľade
Je uviaznuté, zamotané alebo zlepené
Je znečistené olejom, lepidlom alebo inou látkou
Je apatické, dezorientované alebo sa nechá ľahko chytiť
Podozrenie na otravu
Videl/a som alebo mám dôvodné podozrenie, že zviera úmyselne zranil človek (napr. bitím, postrelením alebo pascou)
Neviem
Iné","Áno
Nie
Neviem","Áno
Nie
Neviem",Iné → rozbaliť W09b,Stručne popíšte iné zranenie alebo stav zvieraťa.,W14,"• Vtáka zbytočne nechytajte ani neprenášajte; nevstupujte za ním do hlbokej alebo studenej vody.
• Nekŕmte ho a nedávajte mu vodu do zobáka.","• Ak je vták na ceste alebo brehu v bezprostrednom nebezpečí, držte ľudí a psy ďalej; presúvajte ho len vtedy, ak to viete urobiť bezpečne a bez vstupu do vody.
• Ak nie je v bezprostrednom nebezpečí, nezasahujte a sledujte ho z primeranej vzdialenosti. Ak už je zabezpečený, nechajte ho v tichu, tieni a bez ďalšej manipulácie.",W15 – ŠOP SR / príslušné záchranné zariadenie,Zavolajte na pohotovostný kontakt ŠOP SR,"ŠOP SR zabezpečuje nepretržitú odbornú pomoc, odber a prevoz zranených alebo inak poškodených chránených živočíchov.

Podľa vašej polohy sme vybrali príslušné záchranné zariadenie. Oznámte presné miesto nálezu, druh zvieraťa (ak ho poznáte), jeho stav a či je zviera alebo okolie v bezprostrednom nebezpečenstve. Postupujte podľa pokynov odborníka.",Áno – podľa adresy z W03a/W03b,04_KONTAKTY_SOP – mapovať obec/okres na príslušný pohotovostný kontakt; nepoužiť iba najbližšiu vzdialenosť,W19 – veterinárna klinika (BA/KE) / partnerské OZ (ostatné územie),Zavolajte na veterinárnu kliniku alebo partnerskú organizáciu,"BA/KE: zobrazte dohodnutú veterinárnu kliniku pre chránené živočíchy; používateľ musí najprv telefonicky overiť prijatie zvieraťa a podmienky. 
Ostatné územie: zobrazte partnerské OZ alebo záchrannú organizáciu podľa polohy. Zoznam partnerov ešte treba doplniť.",Áno – podľa kraja/okresu,"BA: zmluvná klinika – doplniť; KE: Klinika vtákov a exotických zvierat UVLF, 0917 637 798; ostatné: DB partnerských OZ – doplniť",Áno,3. kontakt (po W15/112 a W19),"Ak sa vám nedostala pomoc z oficiálnych zdrojov ani z druhého kontaktu, požiadajte o pomoc dobrovoľníkov Zverolinky podľa lokality a dostupnosti.",Áno – až po neúspechu všetkých kontaktov,Postupujte mimoriadne opatrne a presne podľa nasledujúcich pokynov.,,,,,,,,"ŠOP SR / záchranné zariadenie
112 / záchranná zložka
Veterinárna klinika
Partnerské OZ / záchranná organizácia
Dobrovoľník Zverolinky
Iná osoba
Pomohol/pomohla som sám/sama","Na pohotovostnom kontakte ŠOP mi nezdvihli ani na druhý pokus
ŠOP / záchranné zariadenie odmietlo pomôcť alebo prísť
ŠOP / záchranné zariadenie ma odkázalo na iný kontakt
Na čísle 112 mi neposkytli kontakt alebo pomoc
Veterinárna klinika bola zatvorená alebo nedostupná
Veterinárna klinika odmietla zviera prijať
Nemohol/nemohla som uhradiť veterinárne ošetrenie
Partnerské OZ nebolo dostupné alebo nemohlo pomôcť
Dobrovoľníci neboli k dispozícii
Zviera bolo nebezpečné alebo manipulácia nebola bezpečná
Zviera utieklo alebo sa skrylo
Nemal/a som potrebné pomôcky alebo dopravu
Zviera na mieste uhynulo
Situáciu vyriešil niekto iný
Iné","INTERNÉ PRE ZO - ešte skontrolovať postup čo v prípade, ak je živočích nie len chránený ale aj poľovnou zverou !! Tam nie je možné dať pomôžte sami ! ",FLOW-ZR-CHR-STD,FLOW PRIPRAVENÝ. DOPLŇIŤ POKYNY DO POMôŽTE SAMI 
ZRZAT-098,Zatúlané,Vtáky,Vodné vtáky,Potápka,,,,,,,,,,,,,,,,,,,,,,,,,,,,,,,,,,,,
ZRZAT-099,Zranené,Vtáky,Bociany a brodivé vtáky,Bocian biely,Druh – používa FLOW-ZR-CHR-STD,"Krváca alebo má otvorenú ranu
Má poškodené alebo ovisnuté krídlo / nevie lietať
Má poranenú nohu / nevie stáť alebo chodiť
Narazilo do skla alebo inej prekážky
Je uviaznuté, zamotané alebo zlepené
Bolo zasiahnuté elektrickým prúdom
Je znečistené olejom, lepidlom alebo inou látkou
Je apatické, dezorientované alebo sa nechá ľahko chytiť
Podozrenie na otravu
Videl/a som alebo mám dôvodné podozrenie, že zviera úmyselne zranil človek (napr. bitím, postrelením alebo pascou)
Neviem
Iné","Áno
Nie
Neviem","Áno
Nie
Neviem",Iné → rozbaliť W09b,Stručne popíšte iné zranenie alebo stav zvieraťa.,W14,"• Vtáka zbytočne nechytajte ani neprenášajte; nepribližujte sa tvárou ani rukami k zobáku.
• Nekŕmte ho a nedávajte mu vodu do zobáka.","• Ak je vták v bezprostrednom nebezpečí (napr. cesta, pes/mačka, riziko ďalšieho poranenia)a viete to urobiť bezpečne, prekryte ho veľkou látkou/dekou, držte zobák mimo tváre a presuňte len na najbližšie bezpečné miesto.
• Ak nie je v bezprostrednom nebezpečí, nezasahujte a sledujte ho z primeranej vzdialenosti. Ak už je zabezpečený, nechajte ho v tichu, tieni a bez ďalšej manipulácie.",W15 – ŠOP SR / príslušné záchranné zariadenie,Zavolajte na pohotovostný kontakt ŠOP SR,"ŠOP SR zabezpečuje nepretržitú odbornú pomoc, odber a prevoz zranených alebo inak poškodených chránených živočíchov.

Podľa vašej polohy sme vybrali príslušné záchranné zariadenie. Oznámte presné miesto nálezu, druh zvieraťa (ak ho poznáte), jeho stav a či je zviera alebo okolie v bezprostrednom nebezpečenstve. Postupujte podľa pokynov odborníka.",Áno – podľa adresy z W03a/W03b,04_KONTAKTY_SOP – mapovať obec/okres na príslušný pohotovostný kontakt; nepoužiť iba najbližšiu vzdialenosť,W19 – veterinárna klinika (BA/KE) / partnerské OZ (ostatné územie),Zavolajte na veterinárnu kliniku alebo partnerskú organizáciu,"BA/KE: zobrazte dohodnutú veterinárnu kliniku pre chránené živočíchy; používateľ musí najprv telefonicky overiť prijatie zvieraťa a podmienky. 
Ostatné územie: zobrazte partnerské OZ alebo záchrannú organizáciu podľa polohy. Zoznam partnerov ešte treba doplniť.",Áno – podľa kraja/okresu,"BA: zmluvná klinika – doplniť; KE: Klinika vtákov a exotických zvierat UVLF, 0917 637 798; ostatné: DB partnerských OZ – doplniť",Áno,3. kontakt (po W15/112 a W19),"Ak sa vám nedostala pomoc z oficiálnych zdrojov ani z druhého kontaktu, požiadajte o pomoc dobrovoľníkov Zverolinky podľa lokality a dostupnosti.",Áno – až po neúspechu všetkých kontaktov,Postupujte mimoriadne opatrne a presne podľa nasledujúcich pokynov.,,,,,,,,"ŠOP SR / záchranné zariadenie
112 / záchranná zložka
Veterinárna klinika
Partnerské OZ / záchranná organizácia
Dobrovoľník Zverolinky
Iná osoba
Pomohol/pomohla som sám/sama","Na pohotovostnom kontakte ŠOP mi nezdvihli ani na druhý pokus
ŠOP / záchranné zariadenie odmietlo pomôcť alebo prísť
ŠOP / záchranné zariadenie ma odkázalo na iný kontakt
Na čísle 112 mi neposkytli kontakt alebo pomoc
Veterinárna klinika bola zatvorená alebo nedostupná
Veterinárna klinika odmietla zviera prijať
Nemohol/nemohla som uhradiť veterinárne ošetrenie
Partnerské OZ nebolo dostupné alebo nemohlo pomôcť
Dobrovoľníci neboli k dispozícii
Zviera bolo nebezpečné alebo manipulácia nebola bezpečná
Zviera utieklo alebo sa skrylo
Nemal/a som potrebné pomôcky alebo dopravu
Zviera na mieste uhynulo
Situáciu vyriešil niekto iný
Iné","INTERNÉ PRE ZO - ešte skontrolovať postup čo v prípade, ak je živočích nie len chránený ale aj poľovnou zverou !! Tam nie je možné dať pomôžte sami ! ",FLOW-ZR-CHR-STD,FLOW PRIPRAVENÝ. DOPLŇIŤ POKYNY DO POMôŽTE SAMI 
ZRZAT-100,Zatúlané,Vtáky,Bociany a brodivé vtáky,Bocian biely,,,,,,,,,,,,,,,,,,,,,,,,,,,,,,,,,,,,
ZRZAT-101,Zranené,Vtáky,Bociany a brodivé vtáky,Bocian čierny,Druh – používa FLOW-ZR-CHR-STD,"Krváca alebo má otvorenú ranu
Má poškodené alebo ovisnuté krídlo / nevie lietať
Má poranenú nohu / nevie stáť alebo chodiť
Narazilo do skla alebo inej prekážky
Je uviaznuté, zamotané alebo zlepené
Bolo zasiahnuté elektrickým prúdom
Je znečistené olejom, lepidlom alebo inou látkou
Je apatické, dezorientované alebo sa nechá ľahko chytiť
Podozrenie na otravu
Videl/a som alebo mám dôvodné podozrenie, že zviera úmyselne zranil človek (napr. bitím, postrelením alebo pascou)
Neviem
Iné","Áno
Nie
Neviem","Áno
Nie
Neviem",Iné → rozbaliť W09b,Stručne popíšte iné zranenie alebo stav zvieraťa.,W14,"• Vtáka zbytočne nechytajte ani neprenášajte; nepribližujte sa tvárou ani rukami k zobáku.
• Nekŕmte ho a nedávajte mu vodu do zobáka.","• Ak je vták v bezprostrednom nebezpečí (napr. cesta, pes/mačka, riziko ďalšieho poranenia)a viete to urobiť bezpečne, prekryte ho veľkou látkou/dekou, držte zobák mimo tváre a presuňte len na najbližšie bezpečné miesto.
• Ak nie je v bezprostrednom nebezpečí, nezasahujte a sledujte ho z primeranej vzdialenosti. Ak už je zabezpečený, nechajte ho v tichu, tieni a bez ďalšej manipulácie.",W15 – ŠOP SR / príslušné záchranné zariadenie,Zavolajte na pohotovostný kontakt ŠOP SR,"ŠOP SR zabezpečuje nepretržitú odbornú pomoc, odber a prevoz zranených alebo inak poškodených chránených živočíchov.

Podľa vašej polohy sme vybrali príslušné záchranné zariadenie. Oznámte presné miesto nálezu, druh zvieraťa (ak ho poznáte), jeho stav a či je zviera alebo okolie v bezprostrednom nebezpečenstve. Postupujte podľa pokynov odborníka.",Áno – podľa adresy z W03a/W03b,04_KONTAKTY_SOP – mapovať obec/okres na príslušný pohotovostný kontakt; nepoužiť iba najbližšiu vzdialenosť,W19 – veterinárna klinika (BA/KE) / partnerské OZ (ostatné územie),Zavolajte na veterinárnu kliniku alebo partnerskú organizáciu,"BA/KE: zobrazte dohodnutú veterinárnu kliniku pre chránené živočíchy; používateľ musí najprv telefonicky overiť prijatie zvieraťa a podmienky. 
Ostatné územie: zobrazte partnerské OZ alebo záchrannú organizáciu podľa polohy. Zoznam partnerov ešte treba doplniť.",Áno – podľa kraja/okresu,"BA: zmluvná klinika – doplniť; KE: Klinika vtákov a exotických zvierat UVLF, 0917 637 798; ostatné: DB partnerských OZ – doplniť",Áno,3. kontakt (po W15/112 a W19),"Ak sa vám nedostala pomoc z oficiálnych zdrojov ani z druhého kontaktu, požiadajte o pomoc dobrovoľníkov Zverolinky podľa lokality a dostupnosti.",Áno – až po neúspechu všetkých kontaktov,Postupujte mimoriadne opatrne a presne podľa nasledujúcich pokynov.,,,,,,,,"ŠOP SR / záchranné zariadenie
112 / záchranná zložka
Veterinárna klinika
Partnerské OZ / záchranná organizácia
Dobrovoľník Zverolinky
Iná osoba
Pomohol/pomohla som sám/sama","Na pohotovostnom kontakte ŠOP mi nezdvihli ani na druhý pokus
ŠOP / záchranné zariadenie odmietlo pomôcť alebo prísť
ŠOP / záchranné zariadenie ma odkázalo na iný kontakt
Na čísle 112 mi neposkytli kontakt alebo pomoc
Veterinárna klinika bola zatvorená alebo nedostupná
Veterinárna klinika odmietla zviera prijať
Nemohol/nemohla som uhradiť veterinárne ošetrenie
Partnerské OZ nebolo dostupné alebo nemohlo pomôcť
Dobrovoľníci neboli k dispozícii
Zviera bolo nebezpečné alebo manipulácia nebola bezpečná
Zviera utieklo alebo sa skrylo
Nemal/a som potrebné pomôcky alebo dopravu
Zviera na mieste uhynulo
Situáciu vyriešil niekto iný
Iné","INTERNÉ PRE ZO - ešte skontrolovať postup čo v prípade, ak je živočích nie len chránený ale aj poľovnou zverou !! Tam nie je možné dať pomôžte sami ! ",FLOW-ZR-CHR-STD,FLOW PRIPRAVENÝ. DOPLŇIŤ POKYNY DO POMôŽTE SAMI 
ZRZAT-102,Zatúlané,Vtáky,Bociany a brodivé vtáky,Bocian čierny,,,,,,,,,,,,,,,,,,,,,,,,,,,,,,,,,,,,
ZRZAT-103,Zranené,Vtáky,Bociany a brodivé vtáky,Volavka,Druh – používa FLOW-ZR-CHR-STD,"Krváca alebo má otvorenú ranu
Má poškodené alebo ovisnuté krídlo / nevie lietať
Má poranenú nohu / nevie stáť alebo chodiť
Narazilo do skla alebo inej prekážky
Je zachytené na vlasci, háčiku, sieti alebo v ľade
Je uviaznuté, zamotané alebo zlepené
Je znečistené olejom, lepidlom alebo inou látkou
Je apatické, dezorientované alebo sa nechá ľahko chytiť
Podozrenie na otravu
Videl/a som alebo mám dôvodné podozrenie, že zviera úmyselne zranil človek (napr. bitím, postrelením alebo pascou)
Neviem
Iné","Áno
Nie
Neviem","Áno
Nie
Neviem",Iné → rozbaliť W09b,Stručne popíšte iné zranenie alebo stav zvieraťa.,W14,"• Vtáka zbytočne nechytajte ani neprenášajte; nepribližujte sa tvárou ani rukami k zobáku.
• Nekŕmte ho a nedávajte mu vodu do zobáka.","• Ak je vták v bezprostrednom nebezpečí (napr. cesta, pes/mačka, riziko ďalšieho poranenia) a viete to urobiť bezpečne, prekryte ho veľkou látkou/dekou, držte zobák mimo tváre a presuňte len na najbližšie bezpečné miesto.
• Ak nie je v bezprostrednom nebezpečí, nezasahujte a sledujte ho z primeranej vzdialenosti. Ak už je zabezpečený, nechajte ho v tichu, tieni a bez ďalšej manipulácie.",W15 – ŠOP SR / príslušné záchranné zariadenie,Zavolajte na pohotovostný kontakt ŠOP SR,"ŠOP SR zabezpečuje nepretržitú odbornú pomoc, odber a prevoz zranených alebo inak poškodených chránených živočíchov.

Podľa vašej polohy sme vybrali príslušné záchranné zariadenie. Oznámte presné miesto nálezu, druh zvieraťa (ak ho poznáte), jeho stav a či je zviera alebo okolie v bezprostrednom nebezpečenstve. Postupujte podľa pokynov odborníka.",Áno – podľa adresy z W03a/W03b,04_KONTAKTY_SOP – mapovať obec/okres na príslušný pohotovostný kontakt; nepoužiť iba najbližšiu vzdialenosť,W19 – veterinárna klinika (BA/KE) / partnerské OZ (ostatné územie),Zavolajte na veterinárnu kliniku alebo partnerskú organizáciu,"BA/KE: zobrazte dohodnutú veterinárnu kliniku pre chránené živočíchy; používateľ musí najprv telefonicky overiť prijatie zvieraťa a podmienky. 
Ostatné územie: zobrazte partnerské OZ alebo záchrannú organizáciu podľa polohy. Zoznam partnerov ešte treba doplniť.",Áno – podľa kraja/okresu,"BA: zmluvná klinika – doplniť; KE: Klinika vtákov a exotických zvierat UVLF, 0917 637 798; ostatné: DB partnerských OZ – doplniť",Áno,3. kontakt (po W15/112 a W19),"Ak sa vám nedostala pomoc z oficiálnych zdrojov ani z druhého kontaktu, požiadajte o pomoc dobrovoľníkov Zverolinky podľa lokality a dostupnosti.",Áno – až po neúspechu všetkých kontaktov,Postupujte mimoriadne opatrne a presne podľa nasledujúcich pokynov.,,,,,,,,"ŠOP SR / záchranné zariadenie
112 / záchranná zložka
Veterinárna klinika
Partnerské OZ / záchranná organizácia
Dobrovoľník Zverolinky
Iná osoba
Pomohol/pomohla som sám/sama","Na pohotovostnom kontakte ŠOP mi nezdvihli ani na druhý pokus
ŠOP / záchranné zariadenie odmietlo pomôcť alebo prísť
ŠOP / záchranné zariadenie ma odkázalo na iný kontakt
Na čísle 112 mi neposkytli kontakt alebo pomoc
Veterinárna klinika bola zatvorená alebo nedostupná
Veterinárna klinika odmietla zviera prijať
Nemohol/nemohla som uhradiť veterinárne ošetrenie
Partnerské OZ nebolo dostupné alebo nemohlo pomôcť
Dobrovoľníci neboli k dispozícii
Zviera bolo nebezpečné alebo manipulácia nebola bezpečná
Zviera utieklo alebo sa skrylo
Nemal/a som potrebné pomôcky alebo dopravu
Zviera na mieste uhynulo
Situáciu vyriešil niekto iný
Iné","INTERNÉ PRE ZO - ešte skontrolovať postup čo v prípade, ak je živočích nie len chránený ale aj poľovnou zverou !! Tam nie je možné dať pomôžte sami ! ",FLOW-ZR-CHR-STD,FLOW PRIPRAVENÝ. DOPLŇIŤ POKYNY DO POMôŽTE SAMI 
ZRZAT-104,Zatúlané,Vtáky,Bociany a brodivé vtáky,Volavka,,,,,,,,,,,,,,,,,,,,,,,,,,,,,,,,,,,,
ZRZAT-105,Zranené,Vtáky,Bociany a brodivé vtáky,Žeriav,Druh – používa FLOW-ZR-CHR-STD,"Krváca alebo má otvorenú ranu
Má poškodené alebo ovisnuté krídlo / nevie lietať
Má poranenú nohu / nevie stáť alebo chodiť
Narazilo do skla alebo inej prekážky
Je uviaznuté, zamotané alebo zlepené
Bolo zasiahnuté elektrickým prúdom
Je znečistené olejom, lepidlom alebo inou látkou
Je apatické, dezorientované alebo sa nechá ľahko chytiť
Podozrenie na otravu
Videl/a som alebo mám dôvodné podozrenie, že zviera úmyselne zranil človek (napr. bitím, postrelením alebo pascou)
Neviem
Iné","Áno
Nie
Neviem","Áno
Nie
Neviem",Iné → rozbaliť W09b,Stručne popíšte iné zranenie alebo stav zvieraťa.,W14,"• Vtáka zbytočne nechytajte ani neprenášajte; nepribližujte sa tvárou ani rukami k zobáku.
• Nekŕmte ho a nedávajte mu vodu do zobáka.","• Ak je vták v bezprostrednom nebezpečí (napr. cesta, pes/mačka, riziko ďalšieho poranenia)a viete to urobiť bezpečne, prekryte ho veľkou látkou/dekou, držte zobák mimo tváre a presuňte len na najbližšie bezpečné miesto.
• Ak nie je v bezprostrednom nebezpečí, nezasahujte a sledujte ho z primeranej vzdialenosti. Ak už je zabezpečený, nechajte ho v tichu, tieni a bez ďalšej manipulácie.",W15 – ŠOP SR / príslušné záchranné zariadenie,Zavolajte na pohotovostný kontakt ŠOP SR,"ŠOP SR zabezpečuje nepretržitú odbornú pomoc, odber a prevoz zranených alebo inak poškodených chránených živočíchov.

Podľa vašej polohy sme vybrali príslušné záchranné zariadenie. Oznámte presné miesto nálezu, druh zvieraťa (ak ho poznáte), jeho stav a či je zviera alebo okolie v bezprostrednom nebezpečenstve. Postupujte podľa pokynov odborníka.",Áno – podľa adresy z W03a/W03b,04_KONTAKTY_SOP – mapovať obec/okres na príslušný pohotovostný kontakt; nepoužiť iba najbližšiu vzdialenosť,W19 – veterinárna klinika (BA/KE) / partnerské OZ (ostatné územie),Zavolajte na veterinárnu kliniku alebo partnerskú organizáciu,"BA/KE: zobrazte dohodnutú veterinárnu kliniku pre chránené živočíchy; používateľ musí najprv telefonicky overiť prijatie zvieraťa a podmienky. 
Ostatné územie: zobrazte partnerské OZ alebo záchrannú organizáciu podľa polohy. Zoznam partnerov ešte treba doplniť.",Áno – podľa kraja/okresu,"BA: zmluvná klinika – doplniť; KE: Klinika vtákov a exotických zvierat UVLF, 0917 637 798; ostatné: DB partnerských OZ – doplniť",Áno,3. kontakt (po W15/112 a W19),"Ak sa vám nedostala pomoc z oficiálnych zdrojov ani z druhého kontaktu, požiadajte o pomoc dobrovoľníkov Zverolinky podľa lokality a dostupnosti.",Áno – až po neúspechu všetkých kontaktov,Postupujte mimoriadne opatrne a presne podľa nasledujúcich pokynov.,,,,,,,,"ŠOP SR / záchranné zariadenie
112 / záchranná zložka
Veterinárna klinika
Partnerské OZ / záchranná organizácia
Dobrovoľník Zverolinky
Iná osoba
Pomohol/pomohla som sám/sama","Na pohotovostnom kontakte ŠOP mi nezdvihli ani na druhý pokus
ŠOP / záchranné zariadenie odmietlo pomôcť alebo prísť
ŠOP / záchranné zariadenie ma odkázalo na iný kontakt
Na čísle 112 mi neposkytli kontakt alebo pomoc
Veterinárna klinika bola zatvorená alebo nedostupná
Veterinárna klinika odmietla zviera prijať
Nemohol/nemohla som uhradiť veterinárne ošetrenie
Partnerské OZ nebolo dostupné alebo nemohlo pomôcť
Dobrovoľníci neboli k dispozícii
Zviera bolo nebezpečné alebo manipulácia nebola bezpečná
Zviera utieklo alebo sa skrylo
Nemal/a som potrebné pomôcky alebo dopravu
Zviera na mieste uhynulo
Situáciu vyriešil niekto iný
Iné","INTERNÉ PRE ZO - ešte skontrolovať postup čo v prípade, ak je živočích nie len chránený ale aj poľovnou zverou !! Tam nie je možné dať pomôžte sami ! ",FLOW-ZR-CHR-STD,FLOW PRIPRAVENÝ. DOPLŇIŤ POKYNY DO POMôŽTE SAMI 
ZRZAT-106,Zatúlané,Vtáky,Bociany a brodivé vtáky,Žeriav,,,,,,,,,,,,,,,,,,,,,,,,,,,,,,,,,,,,
ZRZAT-107,Zranené,Vtáky,Malé vtáky a spevavce,Sýkorka,Druh – používa FLOW-ZR-CHR-STD,"Krváca alebo má otvorenú ranu
Má poškodené alebo ovisnuté krídlo / nevie lietať
Má poranenú nohu / nevie stáť alebo chodiť
Narazilo do skla alebo inej prekážky
Je uviaznuté, zamotané alebo zlepené
Je znečistené olejom, lepidlom alebo inou látkou
Je apatické, dezorientované alebo sa nechá ľahko chytiť
Podozrenie na otravu
Videl/a som alebo mám dôvodné podozrenie, že zviera úmyselne zranil človek (napr. bitím, postrelením alebo pascou)
Neviem
Iné","Áno
Nie
Neviem","Áno
Nie
Neviem",Iné → rozbaliť W09b,Stručne popíšte iné zranenie alebo stav zvieraťa.,W14,"• Vtáka zbytočne nechytajte ani neprenášajte; neskúšajte ho púšťať alebo vyhadzovať do vzduchu.
• Nekŕmte ho a nedávajte mu vodu do zobáka.","• Ak je vták v bezprostrednom nebezpečí (napr. cesta, pes/mačka, riziko ďalšieho poranenia), šetrne ho prekryte látkou a presuňte len na najbližšie bezpečné miesto.
• Ak nie je v bezprostrednom nebezpečí, nezasahujte a sledujte ho z primeranej vzdialenosti. Ak už je zabezpečený, nechajte ho v tichu, tieni a vo vetranej krabici.",W15 – ŠOP SR / príslušné záchranné zariadenie,Zavolajte na pohotovostný kontakt ŠOP SR,"ŠOP SR zabezpečuje nepretržitú odbornú pomoc, odber a prevoz zranených alebo inak poškodených chránených živočíchov.

Podľa vašej polohy sme vybrali príslušné záchranné zariadenie. Oznámte presné miesto nálezu, druh zvieraťa (ak ho poznáte), jeho stav a či je zviera alebo okolie v bezprostrednom nebezpečenstve. Postupujte podľa pokynov odborníka.",Áno – podľa adresy z W03a/W03b,04_KONTAKTY_SOP – mapovať obec/okres na príslušný pohotovostný kontakt; nepoužiť iba najbližšiu vzdialenosť,W19 – veterinárna klinika (BA/KE) / partnerské OZ (ostatné územie),Zavolajte na veterinárnu kliniku alebo partnerskú organizáciu,"BA/KE: zobrazte dohodnutú veterinárnu kliniku pre chránené živočíchy; používateľ musí najprv telefonicky overiť prijatie zvieraťa a podmienky. 
Ostatné územie: zobrazte partnerské OZ alebo záchrannú organizáciu podľa polohy. Zoznam partnerov ešte treba doplniť.",Áno – podľa kraja/okresu,"BA: zmluvná klinika – doplniť; KE: Klinika vtákov a exotických zvierat UVLF, 0917 637 798; ostatné: DB partnerských OZ – doplniť",Áno,3. kontakt (po W15/112 a W19),"Ak sa vám nedostala pomoc z oficiálnych zdrojov ani z druhého kontaktu, požiadajte o pomoc dobrovoľníkov Zverolinky podľa lokality a dostupnosti.",Áno – až po neúspechu všetkých kontaktov,Postupujte mimoriadne opatrne a presne podľa nasledujúcich pokynov.,,,,,,,,"ŠOP SR / záchranné zariadenie
112 / záchranná zložka
Veterinárna klinika
Partnerské OZ / záchranná organizácia
Dobrovoľník Zverolinky
Iná osoba
Pomohol/pomohla som sám/sama","Na pohotovostnom kontakte ŠOP mi nezdvihli ani na druhý pokus
ŠOP / záchranné zariadenie odmietlo pomôcť alebo prísť
ŠOP / záchranné zariadenie ma odkázalo na iný kontakt
Na čísle 112 mi neposkytli kontakt alebo pomoc
Veterinárna klinika bola zatvorená alebo nedostupná
Veterinárna klinika odmietla zviera prijať
Nemohol/nemohla som uhradiť veterinárne ošetrenie
Partnerské OZ nebolo dostupné alebo nemohlo pomôcť
Dobrovoľníci neboli k dispozícii
Zviera bolo nebezpečné alebo manipulácia nebola bezpečná
Zviera utieklo alebo sa skrylo
Nemal/a som potrebné pomôcky alebo dopravu
Zviera na mieste uhynulo
Situáciu vyriešil niekto iný
Iné","INTERNÉ PRE ZO - ešte skontrolovať postup čo v prípade, ak je živočích nie len chránený ale aj poľovnou zverou !! Tam nie je možné dať pomôžte sami ! ",FLOW-ZR-CHR-STD,FLOW PRIPRAVENÝ. DOPLŇIŤ POKYNY DO POMôŽTE SAMI 
ZRZAT-108,Zatúlané,Vtáky,Malé vtáky a spevavce,Sýkorka,,,,,,,,,,,,,,,,,,,,,,,,,,,,,,,,,,,,
ZRZAT-109,Zranené,Vtáky,Malé vtáky a spevavce,Vrabec,Druh – používa FLOW-ZR-CHR-STD,"Krváca alebo má otvorenú ranu
Má poškodené alebo ovisnuté krídlo / nevie lietať
Má poranenú nohu / nevie stáť alebo chodiť
Narazilo do skla alebo inej prekážky
Je uviaznuté, zamotané alebo zlepené
Je znečistené olejom, lepidlom alebo inou látkou
Je apatické, dezorientované alebo sa nechá ľahko chytiť
Podozrenie na otravu
Videl/a som alebo mám dôvodné podozrenie, že zviera úmyselne zranil človek (napr. bitím, postrelením alebo pascou)
Neviem
Iné","Áno
Nie
Neviem","Áno
Nie
Neviem",Iné → rozbaliť W09b,Stručne popíšte iné zranenie alebo stav zvieraťa.,W14,"• Vtáka zbytočne nechytajte ani neprenášajte; neskúšajte ho púšťať alebo vyhadzovať do vzduchu.
• Nekŕmte ho a nedávajte mu vodu do zobáka.","• Ak je vták v bezprostrednom nebezpečí (napr. cesta, pes/mačka, riziko ďalšieho poranenia), šetrne ho prekryte látkou a presuňte len na najbližšie bezpečné miesto.
• Ak nie je v bezprostrednom nebezpečí, nezasahujte a sledujte ho z primeranej vzdialenosti. Ak už je zabezpečený, nechajte ho v tichu, tieni a vo vetranej krabici.",W15 – ŠOP SR / príslušné záchranné zariadenie,Zavolajte na pohotovostný kontakt ŠOP SR,"ŠOP SR zabezpečuje nepretržitú odbornú pomoc, odber a prevoz zranených alebo inak poškodených chránených živočíchov.

Podľa vašej polohy sme vybrali príslušné záchranné zariadenie. Oznámte presné miesto nálezu, druh zvieraťa (ak ho poznáte), jeho stav a či je zviera alebo okolie v bezprostrednom nebezpečenstve. Postupujte podľa pokynov odborníka.",Áno – podľa adresy z W03a/W03b,04_KONTAKTY_SOP – mapovať obec/okres na príslušný pohotovostný kontakt; nepoužiť iba najbližšiu vzdialenosť,W19 – veterinárna klinika (BA/KE) / partnerské OZ (ostatné územie),Zavolajte na veterinárnu kliniku alebo partnerskú organizáciu,"BA/KE: zobrazte dohodnutú veterinárnu kliniku pre chránené živočíchy; používateľ musí najprv telefonicky overiť prijatie zvieraťa a podmienky. 
Ostatné územie: zobrazte partnerské OZ alebo záchrannú organizáciu podľa polohy. Zoznam partnerov ešte treba doplniť.",Áno – podľa kraja/okresu,"BA: zmluvná klinika – doplniť; KE: Klinika vtákov a exotických zvierat UVLF, 0917 637 798; ostatné: DB partnerských OZ – doplniť",Áno,3. kontakt (po W15/112 a W19),"Ak sa vám nedostala pomoc z oficiálnych zdrojov ani z druhého kontaktu, požiadajte o pomoc dobrovoľníkov Zverolinky podľa lokality a dostupnosti.",Áno – až po neúspechu všetkých kontaktov,Postupujte mimoriadne opatrne a presne podľa nasledujúcich pokynov.,,,,,,,,"ŠOP SR / záchranné zariadenie
112 / záchranná zložka
Veterinárna klinika
Partnerské OZ / záchranná organizácia
Dobrovoľník Zverolinky
Iná osoba
Pomohol/pomohla som sám/sama","Na pohotovostnom kontakte ŠOP mi nezdvihli ani na druhý pokus
ŠOP / záchranné zariadenie odmietlo pomôcť alebo prísť
ŠOP / záchranné zariadenie ma odkázalo na iný kontakt
Na čísle 112 mi neposkytli kontakt alebo pomoc
Veterinárna klinika bola zatvorená alebo nedostupná
Veterinárna klinika odmietla zviera prijať
Nemohol/nemohla som uhradiť veterinárne ošetrenie
Partnerské OZ nebolo dostupné alebo nemohlo pomôcť
Dobrovoľníci neboli k dispozícii
Zviera bolo nebezpečné alebo manipulácia nebola bezpečná
Zviera utieklo alebo sa skrylo
Nemal/a som potrebné pomôcky alebo dopravu
Zviera na mieste uhynulo
Situáciu vyriešil niekto iný
Iné","INTERNÉ PRE ZO - ešte skontrolovať postup čo v prípade, ak je živočích nie len chránený ale aj poľovnou zverou !! Tam nie je možné dať pomôžte sami ! ",FLOW-ZR-CHR-STD,FLOW PRIPRAVENÝ. DOPLŇIŤ POKYNY DO POMôŽTE SAMI 
ZRZAT-110,Zatúlané,Vtáky,Malé vtáky a spevavce,Vrabec,,,,,,,,,,,,,,,,,,,,,,,,,,,,,,,,,,,,
ZRZAT-111,Zranené,Vtáky,Malé vtáky a spevavce,Drozd,Druh – používa FLOW-ZR-CHR-STD,"Krváca alebo má otvorenú ranu
Má poškodené alebo ovisnuté krídlo / nevie lietať
Má poranenú nohu / nevie stáť alebo chodiť
Narazilo do skla alebo inej prekážky
Je uviaznuté, zamotané alebo zlepené
Je znečistené olejom, lepidlom alebo inou látkou
Je apatické, dezorientované alebo sa nechá ľahko chytiť
Podozrenie na otravu
Videl/a som alebo mám dôvodné podozrenie, že zviera úmyselne zranil človek (napr. bitím, postrelením alebo pascou)
Neviem
Iné","Áno
Nie
Neviem","Áno
Nie
Neviem",Iné → rozbaliť W09b,Stručne popíšte iné zranenie alebo stav zvieraťa.,W14,"• Vtáka zbytočne nechytajte ani neprenášajte; neskúšajte ho púšťať alebo vyhadzovať do vzduchu.
• Nekŕmte ho a nedávajte mu vodu do zobáka.","• Ak je vták v bezprostrednom nebezpečí (napr. cesta, pes/mačka, riziko ďalšieho poranenia), šetrne ho prekryte látkou a presuňte len na najbližšie bezpečné miesto.
• Ak nie je v bezprostrednom nebezpečí, nezasahujte a sledujte ho z primeranej vzdialenosti. Ak už je zabezpečený, nechajte ho v tichu, tieni a vo vetranej krabici.",W15 – ŠOP SR / príslušné záchranné zariadenie,Zavolajte na pohotovostný kontakt ŠOP SR,"ŠOP SR zabezpečuje nepretržitú odbornú pomoc, odber a prevoz zranených alebo inak poškodených chránených živočíchov.

Podľa vašej polohy sme vybrali príslušné záchranné zariadenie. Oznámte presné miesto nálezu, druh zvieraťa (ak ho poznáte), jeho stav a či je zviera alebo okolie v bezprostrednom nebezpečenstve. Postupujte podľa pokynov odborníka.",Áno – podľa adresy z W03a/W03b,04_KONTAKTY_SOP – mapovať obec/okres na príslušný pohotovostný kontakt; nepoužiť iba najbližšiu vzdialenosť,W19 – veterinárna klinika (BA/KE) / partnerské OZ (ostatné územie),Zavolajte na veterinárnu kliniku alebo partnerskú organizáciu,"BA/KE: zobrazte dohodnutú veterinárnu kliniku pre chránené živočíchy; používateľ musí najprv telefonicky overiť prijatie zvieraťa a podmienky. 
Ostatné územie: zobrazte partnerské OZ alebo záchrannú organizáciu podľa polohy. Zoznam partnerov ešte treba doplniť.",Áno – podľa kraja/okresu,"BA: zmluvná klinika – doplniť; KE: Klinika vtákov a exotických zvierat UVLF, 0917 637 798; ostatné: DB partnerských OZ – doplniť",Áno,3. kontakt (po W15/112 a W19),"Ak sa vám nedostala pomoc z oficiálnych zdrojov ani z druhého kontaktu, požiadajte o pomoc dobrovoľníkov Zverolinky podľa lokality a dostupnosti.",Áno – až po neúspechu všetkých kontaktov,Postupujte mimoriadne opatrne a presne podľa nasledujúcich pokynov.,,,,,,,,"ŠOP SR / záchranné zariadenie
112 / záchranná zložka
Veterinárna klinika
Partnerské OZ / záchranná organizácia
Dobrovoľník Zverolinky
Iná osoba
Pomohol/pomohla som sám/sama","Na pohotovostnom kontakte ŠOP mi nezdvihli ani na druhý pokus
ŠOP / záchranné zariadenie odmietlo pomôcť alebo prísť
ŠOP / záchranné zariadenie ma odkázalo na iný kontakt
Na čísle 112 mi neposkytli kontakt alebo pomoc
Veterinárna klinika bola zatvorená alebo nedostupná
Veterinárna klinika odmietla zviera prijať
Nemohol/nemohla som uhradiť veterinárne ošetrenie
Partnerské OZ nebolo dostupné alebo nemohlo pomôcť
Dobrovoľníci neboli k dispozícii
Zviera bolo nebezpečné alebo manipulácia nebola bezpečná
Zviera utieklo alebo sa skrylo
Nemal/a som potrebné pomôcky alebo dopravu
Zviera na mieste uhynulo
Situáciu vyriešil niekto iný
Iné","INTERNÉ PRE ZO - ešte skontrolovať postup čo v prípade, ak je živočích nie len chránený ale aj poľovnou zverou !! Tam nie je možné dať pomôžte sami ! ",FLOW-ZR-CHR-STD,FLOW PRIPRAVENÝ. DOPLŇIŤ POKYNY DO POMôŽTE SAMI 
ZRZAT-112,Zatúlané,Vtáky,Malé vtáky a spevavce,Drozd,,,,,,,,,,,,,,,,,,,,,,,,,,,,,,,,,,,,
ZRZAT-113,Zranené,Vtáky,Malé vtáky a spevavce,Lastovička,Druh – používa FLOW-ZR-CHR-STD,"Krváca alebo má otvorenú ranu
Má poškodené alebo ovisnuté krídlo / nevie lietať
Má poranenú nohu / nevie stáť alebo chodiť
Narazilo do skla alebo inej prekážky
Je uviaznuté, zamotané alebo zlepené
Je znečistené olejom, lepidlom alebo inou látkou
Je apatické, dezorientované alebo sa nechá ľahko chytiť
Podozrenie na otravu
Videl/a som alebo mám dôvodné podozrenie, že zviera úmyselne zranil človek (napr. bitím, postrelením alebo pascou)
Neviem
Iné","Áno
Nie
Neviem","Áno
Nie
Neviem",Iné → rozbaliť W09b,Stručne popíšte iné zranenie alebo stav zvieraťa.,W14,"• Vtáka zbytočne nechytajte ani neprenášajte; neskúšajte ho púšťať alebo vyhadzovať do vzduchu.
• Nekŕmte ho a nedávajte mu vodu do zobáka.","• Ak je vták v bezprostrednom nebezpečí (napr. cesta, pes/mačka, riziko ďalšieho poranenia), šetrne ho prekryte látkou a presuňte len na najbližšie bezpečné miesto.
• Ak nie je v bezprostrednom nebezpečí, nezasahujte a sledujte ho z primeranej vzdialenosti. Ak už je zabezpečený, nechajte ho v tichu, tieni a vo vetranej krabici.",W15 – ŠOP SR / príslušné záchranné zariadenie,Zavolajte na pohotovostný kontakt ŠOP SR,"ŠOP SR zabezpečuje nepretržitú odbornú pomoc, odber a prevoz zranených alebo inak poškodených chránených živočíchov.

Podľa vašej polohy sme vybrali príslušné záchranné zariadenie. Oznámte presné miesto nálezu, druh zvieraťa (ak ho poznáte), jeho stav a či je zviera alebo okolie v bezprostrednom nebezpečenstve. Postupujte podľa pokynov odborníka.",Áno – podľa adresy z W03a/W03b,04_KONTAKTY_SOP – mapovať obec/okres na príslušný pohotovostný kontakt; nepoužiť iba najbližšiu vzdialenosť,W19 – veterinárna klinika (BA/KE) / partnerské OZ (ostatné územie),Zavolajte na veterinárnu kliniku alebo partnerskú organizáciu,"BA/KE: zobrazte dohodnutú veterinárnu kliniku pre chránené živočíchy; používateľ musí najprv telefonicky overiť prijatie zvieraťa a podmienky. 
Ostatné územie: zobrazte partnerské OZ alebo záchrannú organizáciu podľa polohy. Zoznam partnerov ešte treba doplniť.",Áno – podľa kraja/okresu,"BA: zmluvná klinika – doplniť; KE: Klinika vtákov a exotických zvierat UVLF, 0917 637 798; ostatné: DB partnerských OZ – doplniť",Áno,3. kontakt (po W15/112 a W19),"Ak sa vám nedostala pomoc z oficiálnych zdrojov ani z druhého kontaktu, požiadajte o pomoc dobrovoľníkov Zverolinky podľa lokality a dostupnosti.",Áno – až po neúspechu všetkých kontaktov,Postupujte mimoriadne opatrne a presne podľa nasledujúcich pokynov.,,,,,,,,"ŠOP SR / záchranné zariadenie
112 / záchranná zložka
Veterinárna klinika
Partnerské OZ / záchranná organizácia
Dobrovoľník Zverolinky
Iná osoba
Pomohol/pomohla som sám/sama","Na pohotovostnom kontakte ŠOP mi nezdvihli ani na druhý pokus
ŠOP / záchranné zariadenie odmietlo pomôcť alebo prísť
ŠOP / záchranné zariadenie ma odkázalo na iný kontakt
Na čísle 112 mi neposkytli kontakt alebo pomoc
Veterinárna klinika bola zatvorená alebo nedostupná
Veterinárna klinika odmietla zviera prijať
Nemohol/nemohla som uhradiť veterinárne ošetrenie
Partnerské OZ nebolo dostupné alebo nemohlo pomôcť
Dobrovoľníci neboli k dispozícii
Zviera bolo nebezpečné alebo manipulácia nebola bezpečná
Zviera utieklo alebo sa skrylo
Nemal/a som potrebné pomôcky alebo dopravu
Zviera na mieste uhynulo
Situáciu vyriešil niekto iný
Iné","INTERNÉ PRE ZO - ešte skontrolovať postup čo v prípade, ak je živočích nie len chránený ale aj poľovnou zverou !! Tam nie je možné dať pomôžte sami ! ",FLOW-ZR-CHR-STD,FLOW PRIPRAVENÝ. DOPLŇIŤ POKYNY DO POMôŽTE SAMI 
ZRZAT-114,Zatúlané,Vtáky,Malé vtáky a spevavce,Lastovička,,,,,,,,,,,,,,,,,,,,,,,,,,,,,,,,,,,,
ZRZAT-115,Zranené,Vtáky,Malé vtáky a spevavce,Belorítka,Druh – používa FLOW-ZR-CHR-STD,"Krváca alebo má otvorenú ranu
Má poškodené alebo ovisnuté krídlo / nevie lietať
Má poranenú nohu / nevie stáť alebo chodiť
Narazilo do skla alebo inej prekážky
Je uviaznuté, zamotané alebo zlepené
Je znečistené olejom, lepidlom alebo inou látkou
Je apatické, dezorientované alebo sa nechá ľahko chytiť
Podozrenie na otravu
Videl/a som alebo mám dôvodné podozrenie, že zviera úmyselne zranil človek (napr. bitím, postrelením alebo pascou)
Neviem
Iné","Áno
Nie
Neviem","Áno
Nie
Neviem",Iné → rozbaliť W09b,Stručne popíšte iné zranenie alebo stav zvieraťa.,W14,"• Vtáka zbytočne nechytajte ani neprenášajte; neskúšajte ho púšťať alebo vyhadzovať do vzduchu.
• Nekŕmte ho a nedávajte mu vodu do zobáka.","• Ak je vták v bezprostrednom nebezpečí (napr. cesta, pes/mačka, riziko ďalšieho poranenia), šetrne ho prekryte látkou a presuňte len na najbližšie bezpečné miesto.
• Ak nie je v bezprostrednom nebezpečí, nezasahujte a sledujte ho z primeranej vzdialenosti. Ak už je zabezpečený, nechajte ho v tichu, tieni a vo vetranej krabici.",W15 – ŠOP SR / príslušné záchranné zariadenie,Zavolajte na pohotovostný kontakt ŠOP SR,"ŠOP SR zabezpečuje nepretržitú odbornú pomoc, odber a prevoz zranených alebo inak poškodených chránených živočíchov.

Podľa vašej polohy sme vybrali príslušné záchranné zariadenie. Oznámte presné miesto nálezu, druh zvieraťa (ak ho poznáte), jeho stav a či je zviera alebo okolie v bezprostrednom nebezpečenstve. Postupujte podľa pokynov odborníka.",Áno – podľa adresy z W03a/W03b,04_KONTAKTY_SOP – mapovať obec/okres na príslušný pohotovostný kontakt; nepoužiť iba najbližšiu vzdialenosť,W19 – veterinárna klinika (BA/KE) / partnerské OZ (ostatné územie),Zavolajte na veterinárnu kliniku alebo partnerskú organizáciu,"BA/KE: zobrazte dohodnutú veterinárnu kliniku pre chránené živočíchy; používateľ musí najprv telefonicky overiť prijatie zvieraťa a podmienky. 
Ostatné územie: zobrazte partnerské OZ alebo záchrannú organizáciu podľa polohy. Zoznam partnerov ešte treba doplniť.",Áno – podľa kraja/okresu,"BA: zmluvná klinika – doplniť; KE: Klinika vtákov a exotických zvierat UVLF, 0917 637 798; ostatné: DB partnerských OZ – doplniť",Áno,3. kontakt (po W15/112 a W19),"Ak sa vám nedostala pomoc z oficiálnych zdrojov ani z druhého kontaktu, požiadajte o pomoc dobrovoľníkov Zverolinky podľa lokality a dostupnosti.",Áno – až po neúspechu všetkých kontaktov,Postupujte mimoriadne opatrne a presne podľa nasledujúcich pokynov.,,,,,,,,"ŠOP SR / záchranné zariadenie
112 / záchranná zložka
Veterinárna klinika
Partnerské OZ / záchranná organizácia
Dobrovoľník Zverolinky
Iná osoba
Pomohol/pomohla som sám/sama","Na pohotovostnom kontakte ŠOP mi nezdvihli ani na druhý pokus
ŠOP / záchranné zariadenie odmietlo pomôcť alebo prísť
ŠOP / záchranné zariadenie ma odkázalo na iný kontakt
Na čísle 112 mi neposkytli kontakt alebo pomoc
Veterinárna klinika bola zatvorená alebo nedostupná
Veterinárna klinika odmietla zviera prijať
Nemohol/nemohla som uhradiť veterinárne ošetrenie
Partnerské OZ nebolo dostupné alebo nemohlo pomôcť
Dobrovoľníci neboli k dispozícii
Zviera bolo nebezpečné alebo manipulácia nebola bezpečná
Zviera utieklo alebo sa skrylo
Nemal/a som potrebné pomôcky alebo dopravu
Zviera na mieste uhynulo
Situáciu vyriešil niekto iný
Iné","INTERNÉ PRE ZO - ešte skontrolovať postup čo v prípade, ak je živočích nie len chránený ale aj poľovnou zverou !! Tam nie je možné dať pomôžte sami ! ",FLOW-ZR-CHR-STD,FLOW PRIPRAVENÝ. DOPLŇIŤ POKYNY DO POMôŽTE SAMI 
ZRZAT-116,Zatúlané,Vtáky,Malé vtáky a spevavce,Belorítka,,,,,,,,,,,,,,,,,,,,,,,,,,,,,,,,,,,,
ZRZAT-117,Zranené,Vtáky,Malé vtáky a spevavce,Dážďovník,Druh – používa FLOW-ZR-CHR-STD,"Je na zemi a nevie vzlietnuť
Krváca alebo má otvorenú ranu
Má poškodené alebo ovisnuté krídlo / nevie lietať
Má poranenú nohu / nevie stáť alebo chodiť
Narazilo do skla alebo inej prekážky
Je uviaznuté, zamotané alebo zlepené
Je znečistené olejom, lepidlom alebo inou látkou
Je apatické, dezorientované alebo sa nechá ľahko chytiť
Podozrenie na otravu
Videl/a som alebo mám dôvodné podozrenie, že zviera úmyselne zranil človek (napr. bitím, postrelením alebo pascou)
Neviem
Iné","Áno
Nie
Neviem","Áno
Nie
Neviem",Iné → rozbaliť W09b,Stručne popíšte iné zranenie alebo stav zvieraťa.,,,,W15 – ŠOP SR / príslušné záchranné zariadenie,Zavolajte na pohotovostný kontakt ŠOP SR,"ŠOP SR zabezpečuje nepretržitú odbornú pomoc, odber a prevoz zranených alebo inak poškodených chránených živočíchov.

Podľa vašej polohy sme vybrali príslušné záchranné zariadenie. Oznámte presné miesto nálezu, druh zvieraťa (ak ho poznáte), jeho stav a či je zviera alebo okolie v bezprostrednom nebezpečenstve. Postupujte podľa pokynov odborníka.",Áno – podľa adresy z W03a/W03b,04_KONTAKTY_SOP – mapovať obec/okres na príslušný pohotovostný kontakt; nepoužiť iba najbližšiu vzdialenosť,W19 – veterinárna klinika (BA/KE) / partnerské OZ (ostatné územie),Zavolajte na veterinárnu kliniku alebo partnerskú organizáciu,"BA/KE: zobrazte dohodnutú veterinárnu kliniku pre chránené živočíchy; používateľ musí najprv telefonicky overiť prijatie zvieraťa a podmienky. 
Ostatné územie: zobrazte partnerské OZ alebo záchrannú organizáciu podľa polohy. Zoznam partnerov ešte treba doplniť.",Áno – podľa kraja/okresu,"BA: zmluvná klinika – doplniť; KE: Klinika vtákov a exotických zvierat UVLF, 0917 637 798; ostatné: DB partnerských OZ – doplniť",Áno,3. kontakt (po W15/112 a W19),"Ak sa vám nedostala pomoc z oficiálnych zdrojov ani z druhého kontaktu, požiadajte o pomoc dobrovoľníkov Zverolinky podľa lokality a dostupnosti.",Áno – až po neúspechu všetkých kontaktov,Postupujte mimoriadne opatrne a presne podľa nasledujúcich pokynov.,,,,,,,,"ŠOP SR / záchranné zariadenie
112 / záchranná zložka
Veterinárna klinika
Partnerské OZ / záchranná organizácia
Dobrovoľník Zverolinky
Iná osoba
Pomohol/pomohla som sám/sama","Na pohotovostnom kontakte ŠOP mi nezdvihli ani na druhý pokus
ŠOP / záchranné zariadenie odmietlo pomôcť alebo prísť
ŠOP / záchranné zariadenie ma odkázalo na iný kontakt
Na čísle 112 mi neposkytli kontakt alebo pomoc
Veterinárna klinika bola zatvorená alebo nedostupná
Veterinárna klinika odmietla zviera prijať
Nemohol/nemohla som uhradiť veterinárne ošetrenie
Partnerské OZ nebolo dostupné alebo nemohlo pomôcť
Dobrovoľníci neboli k dispozícii
Zviera bolo nebezpečné alebo manipulácia nebola bezpečná
Zviera utieklo alebo sa skrylo
Nemal/a som potrebné pomôcky alebo dopravu
Zviera na mieste uhynulo
Situáciu vyriešil niekto iný
Iné","INTERNÉ PRE ZO - ešte skontrolovať postup čo v prípade, ak je živočích nie len chránený ale aj poľovnou zverou !! Tam nie je možné dať pomôžte sami ! ",FLOW-ZR-CHR-STD,FLOW PRIPRAVENÝ. DOPLŇIŤ POKYNY DO POMôŽTE SAMI 
ZRZAT-118,Zatúlané,Vtáky,Malé vtáky a spevavce,Dážďovník,,,,,,,,,,,,,,,,,,,,,,,,,,,,,,,,,,,,
ZRZAT-119,Zranené,Vtáky,Malé vtáky a spevavce,Škorec,Druh – používa FLOW-ZR-CHR-STD,"Krváca alebo má otvorenú ranu
Má poškodené alebo ovisnuté krídlo / nevie lietať
Má poranenú nohu / nevie stáť alebo chodiť
Narazilo do skla alebo inej prekážky
Je uviaznuté, zamotané alebo zlepené
Je znečistené olejom, lepidlom alebo inou látkou
Je apatické, dezorientované alebo sa nechá ľahko chytiť
Podozrenie na otravu
Videl/a som alebo mám dôvodné podozrenie, že zviera úmyselne zranil človek (napr. bitím, postrelením alebo pascou)
Neviem
Iné","Áno
Nie
Neviem","Áno
Nie
Neviem",Iné → rozbaliť W09b,Stručne popíšte iné zranenie alebo stav zvieraťa.,W14,"• Vtáka zbytočne nechytajte ani neprenášajte; neskúšajte ho púšťať alebo vyhadzovať do vzduchu.
• Nekŕmte ho a nedávajte mu vodu do zobáka.","• Ak je vták v bezprostrednom nebezpečí (napr. cesta, pes/mačka, riziko ďalšieho poranenia), šetrne ho prekryte látkou a presuňte len na najbližšie bezpečné miesto.
• Ak nie je v bezprostrednom nebezpečí, nezasahujte a sledujte ho z primeranej vzdialenosti. Ak už je zabezpečený, nechajte ho v tichu, tieni a vo vetranej krabici.",W15 – ŠOP SR / príslušné záchranné zariadenie,Zavolajte na pohotovostný kontakt ŠOP SR,"ŠOP SR zabezpečuje nepretržitú odbornú pomoc, odber a prevoz zranených alebo inak poškodených chránených živočíchov.

Podľa vašej polohy sme vybrali príslušné záchranné zariadenie. Oznámte presné miesto nálezu, druh zvieraťa (ak ho poznáte), jeho stav a či je zviera alebo okolie v bezprostrednom nebezpečenstve. Postupujte podľa pokynov odborníka.",Áno – podľa adresy z W03a/W03b,04_KONTAKTY_SOP – mapovať obec/okres na príslušný pohotovostný kontakt; nepoužiť iba najbližšiu vzdialenosť,W19 – veterinárna klinika (BA/KE) / partnerské OZ (ostatné územie),Zavolajte na veterinárnu kliniku alebo partnerskú organizáciu,"BA/KE: zobrazte dohodnutú veterinárnu kliniku pre chránené živočíchy; používateľ musí najprv telefonicky overiť prijatie zvieraťa a podmienky. 
Ostatné územie: zobrazte partnerské OZ alebo záchrannú organizáciu podľa polohy. Zoznam partnerov ešte treba doplniť.",Áno – podľa kraja/okresu,"BA: zmluvná klinika – doplniť; KE: Klinika vtákov a exotických zvierat UVLF, 0917 637 798; ostatné: DB partnerských OZ – doplniť",Áno,3. kontakt (po W15/112 a W19),"Ak sa vám nedostala pomoc z oficiálnych zdrojov ani z druhého kontaktu, požiadajte o pomoc dobrovoľníkov Zverolinky podľa lokality a dostupnosti.",Áno – až po neúspechu všetkých kontaktov,Postupujte mimoriadne opatrne a presne podľa nasledujúcich pokynov.,,,,,,,,"ŠOP SR / záchranné zariadenie
112 / záchranná zložka
Veterinárna klinika
Partnerské OZ / záchranná organizácia
Dobrovoľník Zverolinky
Iná osoba
Pomohol/pomohla som sám/sama","Na pohotovostnom kontakte ŠOP mi nezdvihli ani na druhý pokus
ŠOP / záchranné zariadenie odmietlo pomôcť alebo prísť
ŠOP / záchranné zariadenie ma odkázalo na iný kontakt
Na čísle 112 mi neposkytli kontakt alebo pomoc
Veterinárna klinika bola zatvorená alebo nedostupná
Veterinárna klinika odmietla zviera prijať
Nemohol/nemohla som uhradiť veterinárne ošetrenie
Partnerské OZ nebolo dostupné alebo nemohlo pomôcť
Dobrovoľníci neboli k dispozícii
Zviera bolo nebezpečné alebo manipulácia nebola bezpečná
Zviera utieklo alebo sa skrylo
Nemal/a som potrebné pomôcky alebo dopravu
Zviera na mieste uhynulo
Situáciu vyriešil niekto iný
Iné","INTERNÉ PRE ZO - ešte skontrolovať postup čo v prípade, ak je živočích nie len chránený ale aj poľovnou zverou !! Tam nie je možné dať pomôžte sami ! ",FLOW-ZR-CHR-STD,FLOW PRIPRAVENÝ. DOPLŇIŤ POKYNY DO POMôŽTE SAMI 
ZRZAT-120,Zatúlané,Vtáky,Malé vtáky a spevavce,Škorec,,,,,,,,,,,,,,,,,,,,,,,,,,,,,,,,,,,,
ZRZAT-121,Zranené,Vtáky,Malé vtáky a spevavce,Pinka,Druh – používa FLOW-ZR-CHR-STD,"Krváca alebo má otvorenú ranu
Má poškodené alebo ovisnuté krídlo / nevie lietať
Má poranenú nohu / nevie stáť alebo chodiť
Narazilo do skla alebo inej prekážky
Je uviaznuté, zamotané alebo zlepené
Je znečistené olejom, lepidlom alebo inou látkou
Je apatické, dezorientované alebo sa nechá ľahko chytiť
Podozrenie na otravu
Videl/a som alebo mám dôvodné podozrenie, že zviera úmyselne zranil človek (napr. bitím, postrelením alebo pascou)
Neviem
Iné","Áno
Nie
Neviem","Áno
Nie
Neviem",Iné → rozbaliť W09b,Stručne popíšte iné zranenie alebo stav zvieraťa.,W14,"• Vtáka zbytočne nechytajte ani neprenášajte; neskúšajte ho púšťať alebo vyhadzovať do vzduchu.
• Nekŕmte ho a nedávajte mu vodu do zobáka.","• Ak je vták v bezprostrednom nebezpečí (napr. cesta, pes/mačka, riziko ďalšieho poranenia), šetrne ho prekryte látkou a presuňte len na najbližšie bezpečné miesto.
• Ak nie je v bezprostrednom nebezpečí, nezasahujte a sledujte ho z primeranej vzdialenosti. Ak už je zabezpečený, nechajte ho v tichu, tieni a vo vetranej krabici.",W15 – ŠOP SR / príslušné záchranné zariadenie,Zavolajte na pohotovostný kontakt ŠOP SR,"ŠOP SR zabezpečuje nepretržitú odbornú pomoc, odber a prevoz zranených alebo inak poškodených chránených živočíchov.

Podľa vašej polohy sme vybrali príslušné záchranné zariadenie. Oznámte presné miesto nálezu, druh zvieraťa (ak ho poznáte), jeho stav a či je zviera alebo okolie v bezprostrednom nebezpečenstve. Postupujte podľa pokynov odborníka.",Áno – podľa adresy z W03a/W03b,04_KONTAKTY_SOP – mapovať obec/okres na príslušný pohotovostný kontakt; nepoužiť iba najbližšiu vzdialenosť,W19 – veterinárna klinika (BA/KE) / partnerské OZ (ostatné územie),Zavolajte na veterinárnu kliniku alebo partnerskú organizáciu,"BA/KE: zobrazte dohodnutú veterinárnu kliniku pre chránené živočíchy; používateľ musí najprv telefonicky overiť prijatie zvieraťa a podmienky. 
Ostatné územie: zobrazte partnerské OZ alebo záchrannú organizáciu podľa polohy. Zoznam partnerov ešte treba doplniť.",Áno – podľa kraja/okresu,"BA: zmluvná klinika – doplniť; KE: Klinika vtákov a exotických zvierat UVLF, 0917 637 798; ostatné: DB partnerských OZ – doplniť",Áno,3. kontakt (po W15/112 a W19),"Ak sa vám nedostala pomoc z oficiálnych zdrojov ani z druhého kontaktu, požiadajte o pomoc dobrovoľníkov Zverolinky podľa lokality a dostupnosti.",Áno – až po neúspechu všetkých kontaktov,Postupujte mimoriadne opatrne a presne podľa nasledujúcich pokynov.,,,,,,,,"ŠOP SR / záchranné zariadenie
112 / záchranná zložka
Veterinárna klinika
Partnerské OZ / záchranná organizácia
Dobrovoľník Zverolinky
Iná osoba
Pomohol/pomohla som sám/sama","Na pohotovostnom kontakte ŠOP mi nezdvihli ani na druhý pokus
ŠOP / záchranné zariadenie odmietlo pomôcť alebo prísť
ŠOP / záchranné zariadenie ma odkázalo na iný kontakt
Na čísle 112 mi neposkytli kontakt alebo pomoc
Veterinárna klinika bola zatvorená alebo nedostupná
Veterinárna klinika odmietla zviera prijať
Nemohol/nemohla som uhradiť veterinárne ošetrenie
Partnerské OZ nebolo dostupné alebo nemohlo pomôcť
Dobrovoľníci neboli k dispozícii
Zviera bolo nebezpečné alebo manipulácia nebola bezpečná
Zviera utieklo alebo sa skrylo
Nemal/a som potrebné pomôcky alebo dopravu
Zviera na mieste uhynulo
Situáciu vyriešil niekto iný
Iné","INTERNÉ PRE ZO - ešte skontrolovať postup čo v prípade, ak je živočích nie len chránený ale aj poľovnou zverou !! Tam nie je možné dať pomôžte sami ! ",FLOW-ZR-CHR-STD,FLOW PRIPRAVENÝ. DOPLŇIŤ POKYNY DO POMôŽTE SAMI 
ZRZAT-122,Zatúlané,Vtáky,Malé vtáky a spevavce,Pinka,,,,,,,,,,,,,,,,,,,,,,,,,,,,,,,,,,,,
ZRZAT-123,Zranené,Vtáky,Malé vtáky a spevavce,Červienka,Druh – používa FLOW-ZR-CHR-STD,"Krváca alebo má otvorenú ranu
Má poškodené alebo ovisnuté krídlo / nevie lietať
Má poranenú nohu / nevie stáť alebo chodiť
Narazilo do skla alebo inej prekážky
Je uviaznuté, zamotané alebo zlepené
Je znečistené olejom, lepidlom alebo inou látkou
Je apatické, dezorientované alebo sa nechá ľahko chytiť
Podozrenie na otravu
Videl/a som alebo mám dôvodné podozrenie, že zviera úmyselne zranil človek (napr. bitím, postrelením alebo pascou)
Neviem
Iné","Áno
Nie
Neviem","Áno
Nie
Neviem",Iné → rozbaliť W09b,Stručne popíšte iné zranenie alebo stav zvieraťa.,W14,"• Vtáka zbytočne nechytajte ani neprenášajte; neskúšajte ho púšťať alebo vyhadzovať do vzduchu.
• Nekŕmte ho a nedávajte mu vodu do zobáka.","• Ak je vták v bezprostrednom nebezpečí (napr. cesta, pes/mačka, riziko ďalšieho poranenia), šetrne ho prekryte látkou a presuňte len na najbližšie bezpečné miesto.
• Ak nie je v bezprostrednom nebezpečí, nezasahujte a sledujte ho z primeranej vzdialenosti. Ak už je zabezpečený, nechajte ho v tichu, tieni a vo vetranej krabici.",W15 – ŠOP SR / príslušné záchranné zariadenie,Zavolajte na pohotovostný kontakt ŠOP SR,"ŠOP SR zabezpečuje nepretržitú odbornú pomoc, odber a prevoz zranených alebo inak poškodených chránených živočíchov.

Podľa vašej polohy sme vybrali príslušné záchranné zariadenie. Oznámte presné miesto nálezu, druh zvieraťa (ak ho poznáte), jeho stav a či je zviera alebo okolie v bezprostrednom nebezpečenstve. Postupujte podľa pokynov odborníka.",Áno – podľa adresy z W03a/W03b,04_KONTAKTY_SOP – mapovať obec/okres na príslušný pohotovostný kontakt; nepoužiť iba najbližšiu vzdialenosť,W19 – veterinárna klinika (BA/KE) / partnerské OZ (ostatné územie),Zavolajte na veterinárnu kliniku alebo partnerskú organizáciu,"BA/KE: zobrazte dohodnutú veterinárnu kliniku pre chránené živočíchy; používateľ musí najprv telefonicky overiť prijatie zvieraťa a podmienky. 
Ostatné územie: zobrazte partnerské OZ alebo záchrannú organizáciu podľa polohy. Zoznam partnerov ešte treba doplniť.",Áno – podľa kraja/okresu,"BA: zmluvná klinika – doplniť; KE: Klinika vtákov a exotických zvierat UVLF, 0917 637 798; ostatné: DB partnerských OZ – doplniť",Áno,3. kontakt (po W15/112 a W19),"Ak sa vám nedostala pomoc z oficiálnych zdrojov ani z druhého kontaktu, požiadajte o pomoc dobrovoľníkov Zverolinky podľa lokality a dostupnosti.",Áno – až po neúspechu všetkých kontaktov,Postupujte mimoriadne opatrne a presne podľa nasledujúcich pokynov.,,,,,,,,"ŠOP SR / záchranné zariadenie
112 / záchranná zložka
Veterinárna klinika
Partnerské OZ / záchranná organizácia
Dobrovoľník Zverolinky
Iná osoba
Pomohol/pomohla som sám/sama","Na pohotovostnom kontakte ŠOP mi nezdvihli ani na druhý pokus
ŠOP / záchranné zariadenie odmietlo pomôcť alebo prísť
ŠOP / záchranné zariadenie ma odkázalo na iný kontakt
Na čísle 112 mi neposkytli kontakt alebo pomoc
Veterinárna klinika bola zatvorená alebo nedostupná
Veterinárna klinika odmietla zviera prijať
Nemohol/nemohla som uhradiť veterinárne ošetrenie
Partnerské OZ nebolo dostupné alebo nemohlo pomôcť
Dobrovoľníci neboli k dispozícii
Zviera bolo nebezpečné alebo manipulácia nebola bezpečná
Zviera utieklo alebo sa skrylo
Nemal/a som potrebné pomôcky alebo dopravu
Zviera na mieste uhynulo
Situáciu vyriešil niekto iný
Iné","INTERNÉ PRE ZO - ešte skontrolovať postup čo v prípade, ak je živočích nie len chránený ale aj poľovnou zverou !! Tam nie je možné dať pomôžte sami ! ",FLOW-ZR-CHR-STD,FLOW PRIPRAVENÝ. DOPLŇIŤ POKYNY DO POMôŽTE SAMI 
ZRZAT-124,Zatúlané,Vtáky,Malé vtáky a spevavce,Červienka,,,,,,,,,,,,,,,,,,,,,,,,,,,,,,,,,,,,
ZRZAT-125,Zranené,Vtáky,Holuby,Holub,Druh – najprv rozlíšiť holuba domáceho od voľne žijúceho holuba,"Krváca alebo má otvorenú ranu
Má poškodené alebo ovisnuté krídlo / nevie lietať
Má poranenú nohu / nevie stáť alebo chodiť
Narazilo do skla alebo inej prekážky
Je uviaznuté, zamotané alebo zlepené
Je znečistené olejom, lepidlom alebo inou látkou
Je apatické, dezorientované alebo sa nechá ľahko chytiť
Podozrenie na otravu
Videl/a som alebo mám dôvodné podozrenie, že zviera úmyselne zranil človek (napr. bitím, postrelením alebo pascou)
Neviem
Iné","Áno
Nie
Neviem","Áno
Nie
Neviem",Iné → rozbaliť W09b,Stručne popíšte iné zranenie alebo stav zvieraťa.,,,,PODMIENENÉ – ŠOP SR iba pri voľne žijúcom holubovi,Zavolajte na pohotovostný kontakt ŠOP SR,"ŠOP SR zabezpečuje nepretržitú odbornú pomoc, odber a prevoz zranených alebo inak poškodených chránených živočíchov.

Podľa vašej polohy sme vybrali príslušné záchranné zariadenie. Oznámte presné miesto nálezu, druh zvieraťa (ak ho poznáte), jeho stav a či je zviera alebo okolie v bezprostrednom nebezpečenstve. Postupujte podľa pokynov odborníka.",Áno – podľa adresy z W03a/W03b,04_KONTAKTY_SOP – mapovať obec/okres na príslušný pohotovostný kontakt; nepoužiť iba najbližšiu vzdialenosť,W19 – veterinárna klinika (BA/KE) / partnerské OZ (ostatné územie),Zavolajte na veterinárnu kliniku alebo partnerskú organizáciu,"BA/KE: zobrazte dohodnutú veterinárnu kliniku pre chránené živočíchy; používateľ musí najprv telefonicky overiť prijatie zvieraťa a podmienky. 
Ostatné územie: zobrazte partnerské OZ alebo záchrannú organizáciu podľa polohy. Zoznam partnerov ešte treba doplniť.",Áno – podľa kraja/okresu,"BA: zmluvná klinika – doplniť; KE: Klinika vtákov a exotických zvierat UVLF, 0917 637 798; ostatné: DB partnerských OZ – doplniť",Áno,3. kontakt (po W15/112 a W19),"Ak sa vám nedostala pomoc z oficiálnych zdrojov ani z druhého kontaktu, požiadajte o pomoc dobrovoľníkov Zverolinky podľa lokality a dostupnosti.",Áno – až po neúspechu všetkých kontaktov,Postupujte mimoriadne opatrne a presne podľa nasledujúcich pokynov.,,,,,,,,"ŠOP SR / záchranné zariadenie
112 / záchranná zložka
Veterinárna klinika
Partnerské OZ / záchranná organizácia
Dobrovoľník Zverolinky
Iná osoba
Pomohol/pomohla som sám/sama","Na pohotovostnom kontakte ŠOP mi nezdvihli ani na druhý pokus
ŠOP / záchranné zariadenie odmietlo pomôcť alebo prísť
ŠOP / záchranné zariadenie ma odkázalo na iný kontakt
Na čísle 112 mi neposkytli kontakt alebo pomoc
Veterinárna klinika bola zatvorená alebo nedostupná
Veterinárna klinika odmietla zviera prijať
Nemohol/nemohla som uhradiť veterinárne ošetrenie
Partnerské OZ nebolo dostupné alebo nemohlo pomôcť
Dobrovoľníci neboli k dispozícii
Zviera bolo nebezpečné alebo manipulácia nebola bezpečná
Zviera utieklo alebo sa skrylo
Nemal/a som potrebné pomôcky alebo dopravu
Zviera na mieste uhynulo
Situáciu vyriešil niekto iný
Iné","INTERNÉ PRE ZO - ešte skontrolovať postup čo v prípade, ak je živočích nie len chránený ale aj poľovnou zverou !! Tam nie je možné dať pomôžte sami ! ",FLOW-ZR-HOLUB-ROZLISENIE,FLOW PRIPRAVENÝ. DOPLŇIŤ POKYNY DO POMôŽTE SAMI 
ZRZAT-126,Zatúlané,Vtáky,Holuby,Holub,,,,,,,,,,,,,,,,,,,,,,,,,,,,,,,,,,,,
ZRZAT-127,Zranené,Vtáky,Holuby,Hrdlička,Druh – používa FLOW-ZR-CHR-STD,"Krváca alebo má otvorenú ranu
Má poškodené alebo ovisnuté krídlo / nevie lietať
Má poranenú nohu / nevie stáť alebo chodiť
Narazilo do skla alebo inej prekážky
Je uviaznuté, zamotané alebo zlepené
Je znečistené olejom, lepidlom alebo inou látkou
Je apatické, dezorientované alebo sa nechá ľahko chytiť
Podozrenie na otravu
Videl/a som alebo mám dôvodné podozrenie, že zviera úmyselne zranil človek (napr. bitím, postrelením alebo pascou)
Neviem
Iné","Áno
Nie
Neviem","Áno
Nie
Neviem",Iné → rozbaliť W09b,Stručne popíšte iné zranenie alebo stav zvieraťa.,,,,W15 – ŠOP SR / príslušné záchranné zariadenie,Zavolajte na pohotovostný kontakt ŠOP SR,"ŠOP SR zabezpečuje nepretržitú odbornú pomoc, odber a prevoz zranených alebo inak poškodených chránených živočíchov.

Podľa vašej polohy sme vybrali príslušné záchranné zariadenie. Oznámte presné miesto nálezu, druh zvieraťa (ak ho poznáte), jeho stav a či je zviera alebo okolie v bezprostrednom nebezpečenstve. Postupujte podľa pokynov odborníka.",Áno – podľa adresy z W03a/W03b,04_KONTAKTY_SOP – mapovať obec/okres na príslušný pohotovostný kontakt; nepoužiť iba najbližšiu vzdialenosť,W19 – veterinárna klinika (BA/KE) / partnerské OZ (ostatné územie),Zavolajte na veterinárnu kliniku alebo partnerskú organizáciu,"BA/KE: zobrazte dohodnutú veterinárnu kliniku pre chránené živočíchy; používateľ musí najprv telefonicky overiť prijatie zvieraťa a podmienky. 
Ostatné územie: zobrazte partnerské OZ alebo záchrannú organizáciu podľa polohy. Zoznam partnerov ešte treba doplniť.",Áno – podľa kraja/okresu,"BA: zmluvná klinika – doplniť; KE: Klinika vtákov a exotických zvierat UVLF, 0917 637 798; ostatné: DB partnerských OZ – doplniť",Áno,3. kontakt (po W15/112 a W19),"Ak sa vám nedostala pomoc z oficiálnych zdrojov ani z druhého kontaktu, požiadajte o pomoc dobrovoľníkov Zverolinky podľa lokality a dostupnosti.",Áno – až po neúspechu všetkých kontaktov,Postupujte mimoriadne opatrne a presne podľa nasledujúcich pokynov.,,,,,,,,"ŠOP SR / záchranné zariadenie
112 / záchranná zložka
Veterinárna klinika
Partnerské OZ / záchranná organizácia
Dobrovoľník Zverolinky
Iná osoba
Pomohol/pomohla som sám/sama","Na pohotovostnom kontakte ŠOP mi nezdvihli ani na druhý pokus
ŠOP / záchranné zariadenie odmietlo pomôcť alebo prísť
ŠOP / záchranné zariadenie ma odkázalo na iný kontakt
Na čísle 112 mi neposkytli kontakt alebo pomoc
Veterinárna klinika bola zatvorená alebo nedostupná
Veterinárna klinika odmietla zviera prijať
Nemohol/nemohla som uhradiť veterinárne ošetrenie
Partnerské OZ nebolo dostupné alebo nemohlo pomôcť
Dobrovoľníci neboli k dispozícii
Zviera bolo nebezpečné alebo manipulácia nebola bezpečná
Zviera utieklo alebo sa skrylo
Nemal/a som potrebné pomôcky alebo dopravu
Zviera na mieste uhynulo
Situáciu vyriešil niekto iný
Iné","INTERNÉ PRE ZO - ešte skontrolovať postup čo v prípade, ak je živočích nie len chránený ale aj poľovnou zverou !! Tam nie je možné dať pomôžte sami ! ",FLOW-ZR-CHR-STD,FLOW PRIPRAVENÝ. DOPLŇIŤ POKYNY DO POMôŽTE SAMI 
ZRZAT-128,Zatúlané,Vtáky,Holuby,Hrdlička,,,,,,,,,,,,,,,,,,,,,,,,,,,,,,,,,,,,
ZRZAT-129,Zranené,Ryby a vodné živočíchy,,Ryba,Druh – používa FLOW-ZR-CHR-STD,"Krváca alebo má viditeľné poranenie
Je uviaznuté, zamotané alebo zachytené
Je mimo vody alebo na nevhodnom mieste
Je vo vysychajúcej alebo znečistenej vode
Je apatické, nereaguje alebo sa nevie pohybovať
Podozrenie na otravu alebo chemické znečistenie
Videl/a som alebo mám dôvodné podozrenie, že zviera úmyselne zranil človek (napr. bitím, postrelením alebo pascou)
Neviem
Iné","Áno
Nie
Neviem","Áno
Nie
Neviem",Iné → rozbaliť W09b,Stručne popíšte iné zranenie alebo stav zvieraťa.,W14,"• Rybu nestláčajte v rukách, nechytajte ju za žiabre ani za oči.
• Nenechávajte ju zbytočne mimo vody a nepokúšajte sa sami vyťahovať hlboko zaseknutý háčik alebo cudzí predmet.","• Ak je živá a nachádza sa mimo vody, môžete ju čo najrýchlejšie vrátiť do tej istej vody. Manipulujte s ňou čo najmenej, ideálne len mokrými rukami alebo cez mokrú látku.",W15 – ŠOP SR / príslušné záchranné zariadenie,Zavolajte na pohotovostný kontakt ŠOP SR,"ŠOP SR zabezpečuje nepretržitú odbornú pomoc, odber a prevoz zranených alebo inak poškodených chránených živočíchov.

Podľa vašej polohy sme vybrali príslušné záchranné zariadenie. Oznámte presné miesto nálezu, druh zvieraťa (ak ho poznáte), jeho stav a či je zviera alebo okolie v bezprostrednom nebezpečenstve. Postupujte podľa pokynov odborníka.",Áno – podľa adresy z W03a/W03b,04_KONTAKTY_SOP – mapovať obec/okres na príslušný pohotovostný kontakt; nepoužiť iba najbližšiu vzdialenosť,W19 – veterinárna klinika (BA/KE) / partnerské OZ (ostatné územie),Zavolajte na veterinárnu kliniku alebo partnerskú organizáciu,"BA/KE: zobrazte dohodnutú veterinárnu kliniku pre chránené živočíchy; používateľ musí najprv telefonicky overiť prijatie zvieraťa a podmienky. 
Ostatné územie: zobrazte partnerské OZ alebo záchrannú organizáciu podľa polohy. Zoznam partnerov ešte treba doplniť.",Áno – podľa kraja/okresu,"BA: zmluvná klinika – doplniť; KE: Klinika vtákov a exotických zvierat UVLF, 0917 637 798; ostatné: DB partnerských OZ – doplniť",Áno,3. kontakt (po W15/112 a W19),"Ak sa vám nedostala pomoc z oficiálnych zdrojov ani z druhého kontaktu, požiadajte o pomoc dobrovoľníkov Zverolinky podľa lokality a dostupnosti.",Áno – až po neúspechu všetkých kontaktov,Postupujte mimoriadne opatrne a presne podľa nasledujúcich pokynov.,,,,,,,,"ŠOP SR / záchranné zariadenie
112 / záchranná zložka
Veterinárna klinika
Partnerské OZ / záchranná organizácia
Dobrovoľník Zverolinky
Iná osoba
Pomohol/pomohla som sám/sama","Na pohotovostnom kontakte ŠOP mi nezdvihli ani na druhý pokus
ŠOP / záchranné zariadenie odmietlo pomôcť alebo prísť
ŠOP / záchranné zariadenie ma odkázalo na iný kontakt
Na čísle 112 mi neposkytli kontakt alebo pomoc
Veterinárna klinika bola zatvorená alebo nedostupná
Veterinárna klinika odmietla zviera prijať
Nemohol/nemohla som uhradiť veterinárne ošetrenie
Partnerské OZ nebolo dostupné alebo nemohlo pomôcť
Dobrovoľníci neboli k dispozícii
Zviera bolo nebezpečné alebo manipulácia nebola bezpečná
Zviera utieklo alebo sa skrylo
Nemal/a som potrebné pomôcky alebo dopravu
Zviera na mieste uhynulo
Situáciu vyriešil niekto iný
Iné","INTERNÉ PRE ZO - ešte skontrolovať postup čo v prípade, ak je živočích nie len chránený ale aj poľovnou zverou !! Tam nie je možné dať pomôžte sami ! ",FLOW-ZR-CHR-STD,FLOW PRIPRAVENÝ. DOPLŇIŤ POKYNY DO POMôŽTE SAMI 
ZRZAT-130,Zatúlané,Ryby a vodné živočíchy,,Ryba,,,,,,,,,,,,,,,,,,,,,,,,,,,,,,,,,,,,
ZRZAT-131,Zranené,Ryby a vodné živočíchy,,Rak,Druh – používa FLOW-ZR-CHR-STD,"Krváca alebo má viditeľné poranenie
Je uviaznuté, zamotané alebo zachytené
Je mimo vody alebo na nevhodnom mieste
Je vo vysychajúcej alebo znečistenej vode
Je apatické, nereaguje alebo sa nevie pohybovať
Podozrenie na otravu alebo chemické znečistenie
Videl/a som alebo mám dôvodné podozrenie, že zviera úmyselne zranil človek (napr. bitím, postrelením alebo pascou)
Neviem
Iné","Áno
Nie
Neviem","Áno
Nie
Neviem",Iné → rozbaliť W09b,Stručne popíšte iné zranenie alebo stav zvieraťa.,W14,"• Raka nechytajte holými rukami a neprenášajte ho do inej vodnej plochy.
• Nenechávajte ho na suchu ani na slnku.","• Udržte ho mimo priameho slnka a bez zbytočnej manipulácie.
• Ak je mimo vody a hrozí vyschnutie, môžete ho bez priameho chytania presunúť späť k tej istej vode, napríklad pomocou nádoby alebo pevnej podložky. Dávajte pozor na klepetá.",W15 – ŠOP SR / príslušné záchranné zariadenie,Zavolajte na pohotovostný kontakt ŠOP SR,"ŠOP SR zabezpečuje nepretržitú odbornú pomoc, odber a prevoz zranených alebo inak poškodených chránených živočíchov.

Podľa vašej polohy sme vybrali príslušné záchranné zariadenie. Oznámte presné miesto nálezu, druh zvieraťa (ak ho poznáte), jeho stav a či je zviera alebo okolie v bezprostrednom nebezpečenstve. Postupujte podľa pokynov odborníka.",Áno – podľa adresy z W03a/W03b,04_KONTAKTY_SOP – mapovať obec/okres na príslušný pohotovostný kontakt; nepoužiť iba najbližšiu vzdialenosť,W19 – veterinárna klinika (BA/KE) / partnerské OZ (ostatné územie),Zavolajte na veterinárnu kliniku alebo partnerskú organizáciu,"BA/KE: zobrazte dohodnutú veterinárnu kliniku pre chránené živočíchy; používateľ musí najprv telefonicky overiť prijatie zvieraťa a podmienky. 
Ostatné územie: zobrazte partnerské OZ alebo záchrannú organizáciu podľa polohy. Zoznam partnerov ešte treba doplniť.",Áno – podľa kraja/okresu,"BA: zmluvná klinika – doplniť; KE: Klinika vtákov a exotických zvierat UVLF, 0917 637 798; ostatné: DB partnerských OZ – doplniť",Áno,3. kontakt (po W15/112 a W19),"Ak sa vám nedostala pomoc z oficiálnych zdrojov ani z druhého kontaktu, požiadajte o pomoc dobrovoľníkov Zverolinky podľa lokality a dostupnosti.",Áno – až po neúspechu všetkých kontaktov,Postupujte mimoriadne opatrne a presne podľa nasledujúcich pokynov.,,,,,,,,"ŠOP SR / záchranné zariadenie
112 / záchranná zložka
Veterinárna klinika
Partnerské OZ / záchranná organizácia
Dobrovoľník Zverolinky
Iná osoba
Pomohol/pomohla som sám/sama","Na pohotovostnom kontakte ŠOP mi nezdvihli ani na druhý pokus
ŠOP / záchranné zariadenie odmietlo pomôcť alebo prísť
ŠOP / záchranné zariadenie ma odkázalo na iný kontakt
Na čísle 112 mi neposkytli kontakt alebo pomoc
Veterinárna klinika bola zatvorená alebo nedostupná
Veterinárna klinika odmietla zviera prijať
Nemohol/nemohla som uhradiť veterinárne ošetrenie
Partnerské OZ nebolo dostupné alebo nemohlo pomôcť
Dobrovoľníci neboli k dispozícii
Zviera bolo nebezpečné alebo manipulácia nebola bezpečná
Zviera utieklo alebo sa skrylo
Nemal/a som potrebné pomôcky alebo dopravu
Zviera na mieste uhynulo
Situáciu vyriešil niekto iný
Iné","INTERNÉ PRE ZO - ešte skontrolovať postup čo v prípade, ak je živočích nie len chránený ale aj poľovnou zverou !! Tam nie je možné dať pomôžte sami ! ",FLOW-ZR-CHR-STD,FLOW PRIPRAVENÝ. DOPLŇIŤ POKYNY DO POMôŽTE SAMI 
ZRZAT-132,Zatúlané,Ryby a vodné živočíchy,,Rak,,,,,,,,,,,,,,,,,,,,,,,,,,,,,,,,,,,,
ZRZAT-133,Zranené,Ryby a vodné živočíchy,,Lastúrnik,Druh – používa FLOW-ZR-CHR-STD,"Krváca alebo má viditeľné poranenie
Je uviaznuté, zamotané alebo zachytené
Je mimo vody alebo na nevhodnom mieste
Je vo vysychajúcej alebo znečistenej vode
Je apatické, nereaguje alebo sa nevie pohybovať
Podozrenie na otravu alebo chemické znečistenie
Videl/a som alebo mám dôvodné podozrenie, že zviera úmyselne zranil človek (napr. bitím, postrelením alebo pascou)
Neviem
Iné","Áno
Nie
Neviem","Áno
Nie
Neviem",Iné → rozbaliť W09b,Stručne popíšte iné zranenie alebo stav zvieraťa.,W14,"• Lastúrniky neodtrhávajte nasilu a neprenášajte ich do inej vodnej plochy.
• Nenechávajte ich vyschnúť na slnku.","• Ak je živý a nachádza sa mimo vody alebo na vysychajúcom mieste, môžete ho opatrne vrátiť do tej istej vody čo najbližšie k miestu nálezu.",W15 – ŠOP SR / príslušné záchranné zariadenie,Zavolajte na pohotovostný kontakt ŠOP SR,"ŠOP SR zabezpečuje nepretržitú odbornú pomoc, odber a prevoz zranených alebo inak poškodených chránených živočíchov.

Podľa vašej polohy sme vybrali príslušné záchranné zariadenie. Oznámte presné miesto nálezu, druh zvieraťa (ak ho poznáte), jeho stav a či je zviera alebo okolie v bezprostrednom nebezpečenstve. Postupujte podľa pokynov odborníka.",Áno – podľa adresy z W03a/W03b,04_KONTAKTY_SOP – mapovať obec/okres na príslušný pohotovostný kontakt; nepoužiť iba najbližšiu vzdialenosť,W19 – veterinárna klinika (BA/KE) / partnerské OZ (ostatné územie),Zavolajte na veterinárnu kliniku alebo partnerskú organizáciu,"BA/KE: zobrazte dohodnutú veterinárnu kliniku pre chránené živočíchy; používateľ musí najprv telefonicky overiť prijatie zvieraťa a podmienky. 
Ostatné územie: zobrazte partnerské OZ alebo záchrannú organizáciu podľa polohy. Zoznam partnerov ešte treba doplniť.",Áno – podľa kraja/okresu,"BA: zmluvná klinika – doplniť; KE: Klinika vtákov a exotických zvierat UVLF, 0917 637 798; ostatné: DB partnerských OZ – doplniť",Áno,3. kontakt (po W15/112 a W19),"Ak sa vám nedostala pomoc z oficiálnych zdrojov ani z druhého kontaktu, požiadajte o pomoc dobrovoľníkov Zverolinky podľa lokality a dostupnosti.",Áno – až po neúspechu všetkých kontaktov,Postupujte mimoriadne opatrne a presne podľa nasledujúcich pokynov.,,,,,,,,"ŠOP SR / záchranné zariadenie
112 / záchranná zložka
Veterinárna klinika
Partnerské OZ / záchranná organizácia
Dobrovoľník Zverolinky
Iná osoba
Pomohol/pomohla som sám/sama","Na pohotovostnom kontakte ŠOP mi nezdvihli ani na druhý pokus
ŠOP / záchranné zariadenie odmietlo pomôcť alebo prísť
ŠOP / záchranné zariadenie ma odkázalo na iný kontakt
Na čísle 112 mi neposkytli kontakt alebo pomoc
Veterinárna klinika bola zatvorená alebo nedostupná
Veterinárna klinika odmietla zviera prijať
Nemohol/nemohla som uhradiť veterinárne ošetrenie
Partnerské OZ nebolo dostupné alebo nemohlo pomôcť
Dobrovoľníci neboli k dispozícii
Zviera bolo nebezpečné alebo manipulácia nebola bezpečná
Zviera utieklo alebo sa skrylo
Nemal/a som potrebné pomôcky alebo dopravu
Zviera na mieste uhynulo
Situáciu vyriešil niekto iný
Iné","INTERNÉ PRE ZO - ešte skontrolovať postup čo v prípade, ak je živočích nie len chránený ale aj poľovnou zverou !! Tam nie je možné dať pomôžte sami ! ",FLOW-ZR-CHR-STD,FLOW PRIPRAVENÝ. DOPLŇIŤ POKYNY DO POMôŽTE SAMI 
ZRZAT-134,Zatúlané,Ryby a vodné živočíchy,,Lastúrnik,,,,,,,,,,,,,,,,,,,,,,,,,,,,,,,,,,,,
ZRZAT-135,Zranené,Ryby a vodné živočíchy,,Vodná korytnačka,Druh – používa FLOW-ZR-CHR-STD,"Krváca alebo má viditeľné poranenie
Je uviaznuté, zamotané alebo zachytené
Je mimo vody alebo na nevhodnom mieste
Je vo vysychajúcej alebo znečistenej vode
Je apatické, nereaguje alebo sa nevie pohybovať
Podozrenie na otravu alebo chemické znečistenie
Videl/a som alebo mám dôvodné podozrenie, že zviera úmyselne zranil človek (napr. bitím, postrelením alebo pascou)
Neviem
Iné","Áno
Nie
Neviem","Áno
Nie
Neviem",Iné → rozbaliť W09b,Stručne popíšte iné zranenie alebo stav zvieraťa.,W14,"• Korytnačku neotáčajte na chrbát, nedvíhajte ju za končatiny ani nezasahujte do rán alebo poškodeného panciera.
• Nevypúšťajte ju do inej vody ani ju neberte domov.","• Ak jej hrozí bezprostredné nebezpečenstvo, môžete ju opatrne presunúť len mimo ohrozenia. Uchopte ju za boky panciera, dostatočne vzadu, aby vás nemohla uhryznúť.",W15 – ŠOP SR / príslušné záchranné zariadenie,Zavolajte na pohotovostný kontakt ŠOP SR,"ŠOP SR zabezpečuje nepretržitú odbornú pomoc, odber a prevoz zranených alebo inak poškodených chránených živočíchov.

Podľa vašej polohy sme vybrali príslušné záchranné zariadenie. Oznámte presné miesto nálezu, druh zvieraťa (ak ho poznáte), jeho stav a či je zviera alebo okolie v bezprostrednom nebezpečenstve. Postupujte podľa pokynov odborníka.",Áno – podľa adresy z W03a/W03b,04_KONTAKTY_SOP – mapovať obec/okres na príslušný pohotovostný kontakt; nepoužiť iba najbližšiu vzdialenosť,W19 – veterinárna klinika (BA/KE) / partnerské OZ (ostatné územie),Zavolajte na veterinárnu kliniku alebo partnerskú organizáciu,"BA/KE: zobrazte dohodnutú veterinárnu kliniku pre chránené živočíchy; používateľ musí najprv telefonicky overiť prijatie zvieraťa a podmienky. 
Ostatné územie: zobrazte partnerské OZ alebo záchrannú organizáciu podľa polohy. Zoznam partnerov ešte treba doplniť.",Áno – podľa kraja/okresu,"BA: zmluvná klinika – doplniť; KE: Klinika vtákov a exotických zvierat UVLF, 0917 637 798; ostatné: DB partnerských OZ – doplniť",Áno,3. kontakt (po W15/112 a W19),"Ak sa vám nedostala pomoc z oficiálnych zdrojov ani z druhého kontaktu, požiadajte o pomoc dobrovoľníkov Zverolinky podľa lokality a dostupnosti.",Áno – až po neúspechu všetkých kontaktov,Postupujte mimoriadne opatrne a presne podľa nasledujúcich pokynov.,,,,,,,,"ŠOP SR / záchranné zariadenie
112 / záchranná zložka
Veterinárna klinika
Partnerské OZ / záchranná organizácia
Dobrovoľník Zverolinky
Iná osoba
Pomohol/pomohla som sám/sama","Na pohotovostnom kontakte ŠOP mi nezdvihli ani na druhý pokus
ŠOP / záchranné zariadenie odmietlo pomôcť alebo prísť
ŠOP / záchranné zariadenie ma odkázalo na iný kontakt
Na čísle 112 mi neposkytli kontakt alebo pomoc
Veterinárna klinika bola zatvorená alebo nedostupná
Veterinárna klinika odmietla zviera prijať
Nemohol/nemohla som uhradiť veterinárne ošetrenie
Partnerské OZ nebolo dostupné alebo nemohlo pomôcť
Dobrovoľníci neboli k dispozícii
Zviera bolo nebezpečné alebo manipulácia nebola bezpečná
Zviera utieklo alebo sa skrylo
Nemal/a som potrebné pomôcky alebo dopravu
Zviera na mieste uhynulo
Situáciu vyriešil niekto iný
Iné","INTERNÉ PRE ZO - ešte skontrolovať postup čo v prípade, ak je živočích nie len chránený ale aj poľovnou zverou !! Tam nie je možné dať pomôžte sami ! ",FLOW-ZR-CHR-STD,FLOW PRIPRAVENÝ. DOPLŇIŤ POKYNY DO POMôŽTE SAMI 
ZRZAT-136,Zatúlané,Ryby a vodné živočíchy,,Vodná korytnačka,,,,,,,,,,,,,,,,,,,,,,,,,,,,,,,,,,,,
ZRZAT-137,Zranené,Ryby a vodné živočíchy,,Vydra,Druh – používa FLOW-ZR-CHR-STD,"Krváca alebo má viditeľné poranenie
Je uviaznuté, zamotané alebo zachytené
Je mimo vody alebo na nevhodnom mieste
Je vo vysychajúcej alebo znečistenej vode
Je apatické, nereaguje alebo sa nevie pohybovať
Podozrenie na otravu alebo chemické znečistenie
Videl/a som alebo mám dôvodné podozrenie, že zviera úmyselne zranil človek (napr. bitím, postrelením alebo pascou)
Neviem
Iné","Áno
Nie
Neviem","Áno
Nie
Neviem",Iné → rozbaliť W09b,Stručne popíšte iné zranenie alebo stav zvieraťa.,W13,"• Vydru nechytajte holými rukami, nezaháňajte ju do kúta.
• Nekŕmte ju a nesnažte sa ju vytiahnuť z vody alebo úkrytu.",,W15 – ŠOP SR / príslušné záchranné zariadenie,Zavolajte na pohotovostný kontakt ŠOP SR,"ŠOP SR zabezpečuje nepretržitú odbornú pomoc, odber a prevoz zranených alebo inak poškodených chránených živočíchov.

Podľa vašej polohy sme vybrali príslušné záchranné zariadenie. Oznámte presné miesto nálezu, druh zvieraťa (ak ho poznáte), jeho stav a či je zviera alebo okolie v bezprostrednom nebezpečenstve. Postupujte podľa pokynov odborníka.",Áno – podľa adresy z W03a/W03b,04_KONTAKTY_SOP – mapovať obec/okres na príslušný pohotovostný kontakt; nepoužiť iba najbližšiu vzdialenosť,,,,,,,2. kontakt (po W15/112 a W19),"Ak sa vám nedostala pomoc z oficiálnych zdrojov ani z druhého kontaktu, požiadajte o pomoc dobrovoľníkov Zverolinky podľa lokality a dostupnosti.",Áno – až po neúspechu všetkých kontaktov,Postupujte mimoriadne opatrne a presne podľa nasledujúcich pokynov.,,,,,,,,"ŠOP SR / záchranné zariadenie
112 / záchranná zložka
Veterinárna klinika
Partnerské OZ / záchranná organizácia
Dobrovoľník Zverolinky
Iná osoba
Pomohol/pomohla som sám/sama","Na pohotovostnom kontakte ŠOP mi nezdvihli ani na druhý pokus
ŠOP / záchranné zariadenie odmietlo pomôcť alebo prísť
ŠOP / záchranné zariadenie ma odkázalo na iný kontakt
Na čísle 112 mi neposkytli kontakt alebo pomoc
Veterinárna klinika bola zatvorená alebo nedostupná
Veterinárna klinika odmietla zviera prijať
Nemohol/nemohla som uhradiť veterinárne ošetrenie
Partnerské OZ nebolo dostupné alebo nemohlo pomôcť
Dobrovoľníci neboli k dispozícii
Zviera bolo nebezpečné alebo manipulácia nebola bezpečná
Zviera utieklo alebo sa skrylo
Nemal/a som potrebné pomôcky alebo dopravu
Zviera na mieste uhynulo
Situáciu vyriešil niekto iný
Iné","INTERNÉ PRE ZO - ešte skontrolovať postup čo v prípade, ak je živočích nie len chránený ale aj poľovnou zverou !! Tam nie je možné dať pomôžte sami ! ",FLOW-ZR-CHR-STD,FLOW PRIPRAVENÝ. DOPLŇIŤ POKYNY DO POMôŽTE SAMI 
ZRZAT-138,Zatúlané,Ryby a vodné živočíchy,,Vydra,,,,,,,,,,,,,,,,,,,,,,,,,,,,,,,,,,,,
ZRZAT-139,Zranené,Ryby a vodné živočíchy,,Bobor,Druh – používa FLOW-ZR-CHR-STD,"Krváca alebo má viditeľné poranenie
Je uviaznuté, zamotané alebo zachytené
Je mimo vody alebo na nevhodnom mieste
Je vo vysychajúcej alebo znečistenej vode
Je apatické, nereaguje alebo sa nevie pohybovať
Podozrenie na otravu alebo chemické znečistenie
Videl/a som alebo mám dôvodné podozrenie, že zviera úmyselne zranil človek (napr. bitím, postrelením alebo pascou)
Neviem
Iné","Áno
Nie
Neviem","Áno
Nie
Neviem",Iné → rozbaliť W09b,Stručne popíšte iné zranenie alebo stav zvieraťa.,W13,"• K bobrovi sa nepribližujte a nepokúšajte sa ho chytať, zaháňať ani presúvať.",,W15 – ŠOP SR / príslušné záchranné zariadenie,Zavolajte na pohotovostný kontakt ŠOP SR,"ŠOP SR zabezpečuje nepretržitú odbornú pomoc, odber a prevoz zranených alebo inak poškodených chránených živočíchov.

Podľa vašej polohy sme vybrali príslušné záchranné zariadenie. Oznámte presné miesto nálezu, druh zvieraťa (ak ho poznáte), jeho stav a či je zviera alebo okolie v bezprostrednom nebezpečenstve. Postupujte podľa pokynov odborníka.",Áno – podľa adresy z W03a/W03b,04_KONTAKTY_SOP – mapovať obec/okres na príslušný pohotovostný kontakt; nepoužiť iba najbližšiu vzdialenosť,,,,,,,2. kontakt (po W15/112 a W19),"Ak sa vám nedostala pomoc z oficiálnych zdrojov ani z druhého kontaktu, požiadajte o pomoc dobrovoľníkov Zverolinky podľa lokality a dostupnosti.",Áno – až po neúspechu všetkých kontaktov,Postupujte mimoriadne opatrne a presne podľa nasledujúcich pokynov.,,,,,,,,"ŠOP SR / záchranné zariadenie
112 / záchranná zložka
Veterinárna klinika
Partnerské OZ / záchranná organizácia
Dobrovoľník Zverolinky
Iná osoba
Pomohol/pomohla som sám/sama","Na pohotovostnom kontakte ŠOP mi nezdvihli ani na druhý pokus
ŠOP / záchranné zariadenie odmietlo pomôcť alebo prísť
ŠOP / záchranné zariadenie ma odkázalo na iný kontakt
Na čísle 112 mi neposkytli kontakt alebo pomoc
Veterinárna klinika bola zatvorená alebo nedostupná
Veterinárna klinika odmietla zviera prijať
Nemohol/nemohla som uhradiť veterinárne ošetrenie
Partnerské OZ nebolo dostupné alebo nemohlo pomôcť
Dobrovoľníci neboli k dispozícii
Zviera bolo nebezpečné alebo manipulácia nebola bezpečná
Zviera utieklo alebo sa skrylo
Nemal/a som potrebné pomôcky alebo dopravu
Zviera na mieste uhynulo
Situáciu vyriešil niekto iný
Iné","INTERNÉ PRE ZO - ešte skontrolovať postup čo v prípade, ak je živočích nie len chránený ale aj poľovnou zverou !! Tam nie je možné dať pomôžte sami ! ",FLOW-ZR-CHR-STD,FLOW PRIPRAVENÝ. DOPLŇIŤ POKYNY DO POMôŽTE SAMI 
ZRZAT-140,Zatúlané,Ryby a vodné živočíchy,,Bobor,,,,,,,,,,,,,,,,,,,,,,,,,,,,,,,,,,,,
ZRZAT-141,Zranené,Plazy,,Had,Druh – používa FLOW-ZR-CHR-STD,"Krváca alebo má otvorenú ranu
Má poranené telo, chvost alebo končatinu
Je uviaznuté alebo zakliesnené
Je na ceste alebo inom nebezpečnom mieste
Je apatické alebo sa nepohybuje
Podozrenie na otravu alebo chemické zasiahnutie
Videl/a som alebo mám dôvodné podozrenie, že zviera úmyselne zranil človek (napr. bitím, postrelením alebo pascou)
Neviem
Iné","Áno
Nie
Neviem","Áno
Nie
Neviem",Iné → rozbaliť W09b,Stručne popíšte iné zranenie alebo stav zvieraťa.,W13,"• Hada nechytajte a nedráždite ho, udržujte odstup. 
• Nemanipulujte ani s čerstvo usmrteným hadom.",,W15 – ŠOP SR / príslušné záchranné zariadenie,Zavolajte na pohotovostný kontakt ŠOP SR,"ŠOP SR zabezpečuje nepretržitú odbornú pomoc, odber a prevoz zranených alebo inak poškodených chránených živočíchov.

Podľa vašej polohy sme vybrali príslušné záchranné zariadenie. Oznámte presné miesto nálezu, druh zvieraťa (ak ho poznáte), jeho stav a či je zviera alebo okolie v bezprostrednom nebezpečenstve. Postupujte podľa pokynov odborníka.",Áno – podľa adresy z W03a/W03b,04_KONTAKTY_SOP – mapovať obec/okres na príslušný pohotovostný kontakt; nepoužiť iba najbližšiu vzdialenosť,,,,,,,2. kontakt (po W15/112 a W19),"Ak sa vám nedostala pomoc z oficiálnych zdrojov ani z druhého kontaktu, požiadajte o pomoc dobrovoľníkov Zverolinky podľa lokality a dostupnosti.",Áno – až po neúspechu všetkých kontaktov,Postupujte mimoriadne opatrne a presne podľa nasledujúcich pokynov.,,,,,,,,"ŠOP SR / záchranné zariadenie
112 / záchranná zložka
Veterinárna klinika
Partnerské OZ / záchranná organizácia
Dobrovoľník Zverolinky
Iná osoba
Pomohol/pomohla som sám/sama","Na pohotovostnom kontakte ŠOP mi nezdvihli ani na druhý pokus
ŠOP / záchranné zariadenie odmietlo pomôcť alebo prísť
ŠOP / záchranné zariadenie ma odkázalo na iný kontakt
Na čísle 112 mi neposkytli kontakt alebo pomoc
Veterinárna klinika bola zatvorená alebo nedostupná
Veterinárna klinika odmietla zviera prijať
Nemohol/nemohla som uhradiť veterinárne ošetrenie
Partnerské OZ nebolo dostupné alebo nemohlo pomôcť
Dobrovoľníci neboli k dispozícii
Zviera bolo nebezpečné alebo manipulácia nebola bezpečná
Zviera utieklo alebo sa skrylo
Nemal/a som potrebné pomôcky alebo dopravu
Zviera na mieste uhynulo
Situáciu vyriešil niekto iný
Iné","INTERNÉ PRE ZO - ešte skontrolovať postup čo v prípade, ak je živočích nie len chránený ale aj poľovnou zverou !! Tam nie je možné dať pomôžte sami ! ",FLOW-ZR-CHR-STD,FLOW PRIPRAVENÝ. DOPLŇIŤ POKYNY DO POMôŽTE SAMI 
ZRZAT-142,Zatúlané,Plazy,,Had,,,,,,,,,,,,,,,,,,,,,,,,,,,,,,,,,,,,
ZRZAT-143,Zranené,Plazy,,Užovka,Druh – používa FLOW-ZR-CHR-STD,"Krváca alebo má otvorenú ranu
Má poranené telo, chvost alebo končatinu
Je uviaznuté alebo zakliesnené
Je na ceste alebo inom nebezpečnom mieste
Je apatické alebo sa nepohybuje
Podozrenie na otravu alebo chemické zasiahnutie
Videl/a som alebo mám dôvodné podozrenie, že zviera úmyselne zranil človek (napr. bitím, postrelením alebo pascou)
Neviem
Iné","Áno
Nie
Neviem","Áno
Nie
Neviem",Iné → rozbaliť W09b,Stručne popíšte iné zranenie alebo stav zvieraťa.,W13,"• Užovku nechytajte a nedráždite ho, udržujte odstup. 
• Nemanipulujte ani s čerstvo usmrteným hadom.",,W15 – ŠOP SR / príslušné záchranné zariadenie,Zavolajte na pohotovostný kontakt ŠOP SR,"ŠOP SR zabezpečuje nepretržitú odbornú pomoc, odber a prevoz zranených alebo inak poškodených chránených živočíchov.

Podľa vašej polohy sme vybrali príslušné záchranné zariadenie. Oznámte presné miesto nálezu, druh zvieraťa (ak ho poznáte), jeho stav a či je zviera alebo okolie v bezprostrednom nebezpečenstve. Postupujte podľa pokynov odborníka.",Áno – podľa adresy z W03a/W03b,04_KONTAKTY_SOP – mapovať obec/okres na príslušný pohotovostný kontakt; nepoužiť iba najbližšiu vzdialenosť,,,,,,,2. kontakt (po W15/112 a W19),"Ak sa vám nedostala pomoc z oficiálnych zdrojov ani z druhého kontaktu, požiadajte o pomoc dobrovoľníkov Zverolinky podľa lokality a dostupnosti.",Áno – až po neúspechu všetkých kontaktov,Postupujte mimoriadne opatrne a presne podľa nasledujúcich pokynov.,,,,,,,,"ŠOP SR / záchranné zariadenie
112 / záchranná zložka
Veterinárna klinika
Partnerské OZ / záchranná organizácia
Dobrovoľník Zverolinky
Iná osoba
Pomohol/pomohla som sám/sama","Na pohotovostnom kontakte ŠOP mi nezdvihli ani na druhý pokus
ŠOP / záchranné zariadenie odmietlo pomôcť alebo prísť
ŠOP / záchranné zariadenie ma odkázalo na iný kontakt
Na čísle 112 mi neposkytli kontakt alebo pomoc
Veterinárna klinika bola zatvorená alebo nedostupná
Veterinárna klinika odmietla zviera prijať
Nemohol/nemohla som uhradiť veterinárne ošetrenie
Partnerské OZ nebolo dostupné alebo nemohlo pomôcť
Dobrovoľníci neboli k dispozícii
Zviera bolo nebezpečné alebo manipulácia nebola bezpečná
Zviera utieklo alebo sa skrylo
Nemal/a som potrebné pomôcky alebo dopravu
Zviera na mieste uhynulo
Situáciu vyriešil niekto iný
Iné","INTERNÉ PRE ZO - ešte skontrolovať postup čo v prípade, ak je živočích nie len chránený ale aj poľovnou zverou !! Tam nie je možné dať pomôžte sami ! ",FLOW-ZR-CHR-STD,FLOW PRIPRAVENÝ. DOPLŇIŤ POKYNY DO POMôŽTE SAMI 
ZRZAT-144,Zatúlané,Plazy,,Užovka,,,,,,,,,,,,,,,,,,,,,,,,,,,,,,,,,,,,
ZRZAT-145,Zranené,Plazy,,Vretenica,Druh – používa FLOW-ZR-CHR-STD,"Krváca alebo má otvorenú ranu
Má poranené telo, chvost alebo končatinu
Je uviaznuté alebo zakliesnené
Je na ceste alebo inom nebezpečnom mieste
Je apatické alebo sa nepohybuje
Podozrenie na otravu alebo chemické zasiahnutie
Videl/a som alebo mám dôvodné podozrenie, že zviera úmyselne zranil človek (napr. bitím, postrelením alebo pascou)
Neviem
Iné","Áno
Nie
Neviem","Áno
Nie
Neviem",Iné → rozbaliť W09b,Stručne popíšte iné zranenie alebo stav zvieraťa.,W13,"• Vretenicu nechytajte a nedráždite ho, udržujte odstup. 
• Nemanipulujte ani s čerstvo usmrteným hadom.",,W15 – ŠOP SR / príslušné záchranné zariadenie,Zavolajte na pohotovostný kontakt ŠOP SR,"ŠOP SR zabezpečuje nepretržitú odbornú pomoc, odber a prevoz zranených alebo inak poškodených chránených živočíchov.

Podľa vašej polohy sme vybrali príslušné záchranné zariadenie. Oznámte presné miesto nálezu, druh zvieraťa (ak ho poznáte), jeho stav a či je zviera alebo okolie v bezprostrednom nebezpečenstve. Postupujte podľa pokynov odborníka.",Áno – podľa adresy z W03a/W03b,04_KONTAKTY_SOP – mapovať obec/okres na príslušný pohotovostný kontakt; nepoužiť iba najbližšiu vzdialenosť,,,,,,Áno,2. kontakt (po W15/112 a W19),"Ak sa vám nedostala pomoc z oficiálnych zdrojov ani z druhého kontaktu, požiadajte o pomoc dobrovoľníkov Zverolinky podľa lokality a dostupnosti.",Áno – až po neúspechu všetkých kontaktov,Postupujte mimoriadne opatrne a presne podľa nasledujúcich pokynov.,,,,,,,,"ŠOP SR / záchranné zariadenie
112 / záchranná zložka
Veterinárna klinika
Partnerské OZ / záchranná organizácia
Dobrovoľník Zverolinky
Iná osoba
Pomohol/pomohla som sám/sama","Na pohotovostnom kontakte ŠOP mi nezdvihli ani na druhý pokus
ŠOP / záchranné zariadenie odmietlo pomôcť alebo prísť
ŠOP / záchranné zariadenie ma odkázalo na iný kontakt
Na čísle 112 mi neposkytli kontakt alebo pomoc
Veterinárna klinika bola zatvorená alebo nedostupná
Veterinárna klinika odmietla zviera prijať
Nemohol/nemohla som uhradiť veterinárne ošetrenie
Partnerské OZ nebolo dostupné alebo nemohlo pomôcť
Dobrovoľníci neboli k dispozícii
Zviera bolo nebezpečné alebo manipulácia nebola bezpečná
Zviera utieklo alebo sa skrylo
Nemal/a som potrebné pomôcky alebo dopravu
Zviera na mieste uhynulo
Situáciu vyriešil niekto iný
Iné","INTERNÉ PRE ZO - ešte skontrolovať postup čo v prípade, ak je živočích nie len chránený ale aj poľovnou zverou !! Tam nie je možné dať pomôžte sami ! ",FLOW-ZR-CHR-STD,FLOW PRIPRAVENÝ. DOPLŇIŤ POKYNY DO POMôŽTE SAMI 
ZRZAT-146,Zatúlané,Plazy,,Vretenica,,,,,,,,,,,,,,,,,,,,,,,,,,,,,,,,,,,,
ZRZAT-147,Zranené,Plazy,,Jašterica,Druh – používa FLOW-ZR-CHR-STD,"Krváca alebo má otvorenú ranu
Má poranené telo, chvost alebo končatinu
Je uviaznuté alebo zakliesnené
Je na ceste alebo inom nebezpečnom mieste
Je apatické alebo sa nepohybuje
Podozrenie na otravu alebo chemické zasiahnutie
Videl/a som alebo mám dôvodné podozrenie, že zviera úmyselne zranil človek (napr. bitím, postrelením alebo pascou)
Neviem
Iné","Áno
Nie
Neviem","Áno
Nie
Neviem",Iné → rozbaliť W09b,Stručne popíšte iné zranenie alebo stav zvieraťa.,W13,"• Jaštericu nikdy nechytajte za chvost.
• Nenechávajte ju v suchej nádobe ani na priamom slnku.",,W15 – ŠOP SR / príslušné záchranné zariadenie,Zavolajte na pohotovostný kontakt ŠOP SR,"ŠOP SR zabezpečuje nepretržitú odbornú pomoc, odber a prevoz zranených alebo inak poškodených chránených živočíchov.

Podľa vašej polohy sme vybrali príslušné záchranné zariadenie. Oznámte presné miesto nálezu, druh zvieraťa (ak ho poznáte), jeho stav a či je zviera alebo okolie v bezprostrednom nebezpečenstve. Postupujte podľa pokynov odborníka.",Áno – podľa adresy z W03a/W03b,04_KONTAKTY_SOP – mapovať obec/okres na príslušný pohotovostný kontakt; nepoužiť iba najbližšiu vzdialenosť,W19 – veterinárna klinika (BA/KE) / partnerské OZ (ostatné územie),Zavolajte na veterinárnu kliniku alebo partnerskú organizáciu,"BA/KE: zobrazte dohodnutú veterinárnu kliniku pre chránené živočíchy; používateľ musí najprv telefonicky overiť prijatie zvieraťa a podmienky. 
Ostatné územie: zobrazte partnerské OZ alebo záchrannú organizáciu podľa polohy. Zoznam partnerov ešte treba doplniť.",Áno – podľa kraja/okresu,"BA: zmluvná klinika – doplniť; KE: Klinika vtákov a exotických zvierat UVLF, 0917 637 798; ostatné: DB partnerských OZ – doplniť",Áno,3. kontakt (po W15/112 a W19),"Ak sa vám nedostala pomoc z oficiálnych zdrojov ani z druhého kontaktu, požiadajte o pomoc dobrovoľníkov Zverolinky podľa lokality a dostupnosti.",Áno – až po neúspechu všetkých kontaktov,Postupujte mimoriadne opatrne a presne podľa nasledujúcich pokynov.,,,,,,,,"ŠOP SR / záchranné zariadenie
112 / záchranná zložka
Veterinárna klinika
Partnerské OZ / záchranná organizácia
Dobrovoľník Zverolinky
Iná osoba
Pomohol/pomohla som sám/sama","Na pohotovostnom kontakte ŠOP mi nezdvihli ani na druhý pokus
ŠOP / záchranné zariadenie odmietlo pomôcť alebo prísť
ŠOP / záchranné zariadenie ma odkázalo na iný kontakt
Na čísle 112 mi neposkytli kontakt alebo pomoc
Veterinárna klinika bola zatvorená alebo nedostupná
Veterinárna klinika odmietla zviera prijať
Nemohol/nemohla som uhradiť veterinárne ošetrenie
Partnerské OZ nebolo dostupné alebo nemohlo pomôcť
Dobrovoľníci neboli k dispozícii
Zviera bolo nebezpečné alebo manipulácia nebola bezpečná
Zviera utieklo alebo sa skrylo
Nemal/a som potrebné pomôcky alebo dopravu
Zviera na mieste uhynulo
Situáciu vyriešil niekto iný
Iné","INTERNÉ PRE ZO - ešte skontrolovať postup čo v prípade, ak je živočích nie len chránený ale aj poľovnou zverou !! Tam nie je možné dať pomôžte sami ! ",FLOW-ZR-CHR-STD,FLOW PRIPRAVENÝ. DOPLŇIŤ POKYNY DO POMôŽTE SAMI 
ZRZAT-148,Zatúlané,Plazy,,Jašterica,,,,,,,,,,,,,,,,,,,,,,,,,,,,,,,,,,,,
ZRZAT-149,Zranené,Plazy,,Slepúch,Druh – používa FLOW-ZR-CHR-STD,"Krváca alebo má otvorenú ranu
Má poranené telo, chvost alebo končatinu
Je uviaznuté alebo zakliesnené
Je na ceste alebo inom nebezpečnom mieste
Je apatické alebo sa nepohybuje
Podozrenie na otravu alebo chemické zasiahnutie
Videl/a som alebo mám dôvodné podozrenie, že zviera úmyselne zranil človek (napr. bitím, postrelením alebo pascou)
Neviem
Iné","Áno
Nie
Neviem","Áno
Nie
Neviem",Iné → rozbaliť W09b,Stručne popíšte iné zranenie alebo stav zvieraťa.,W13,"• Slepúcha nikdy nechytajte za chvost.
• Nenechávajte ju v suchej nádobe ani na priamom slnku.",,W15 – ŠOP SR / príslušné záchranné zariadenie,Zavolajte na pohotovostný kontakt ŠOP SR,"ŠOP SR zabezpečuje nepretržitú odbornú pomoc, odber a prevoz zranených alebo inak poškodených chránených živočíchov.

Podľa vašej polohy sme vybrali príslušné záchranné zariadenie. Oznámte presné miesto nálezu, druh zvieraťa (ak ho poznáte), jeho stav a či je zviera alebo okolie v bezprostrednom nebezpečenstve. Postupujte podľa pokynov odborníka.",Áno – podľa adresy z W03a/W03b,04_KONTAKTY_SOP – mapovať obec/okres na príslušný pohotovostný kontakt; nepoužiť iba najbližšiu vzdialenosť,W19 – veterinárna klinika (BA/KE) / partnerské OZ (ostatné územie),Zavolajte na veterinárnu kliniku alebo partnerskú organizáciu,"BA/KE: zobrazte dohodnutú veterinárnu kliniku pre chránené živočíchy; používateľ musí najprv telefonicky overiť prijatie zvieraťa a podmienky. 
Ostatné územie: zobrazte partnerské OZ alebo záchrannú organizáciu podľa polohy. Zoznam partnerov ešte treba doplniť.",Áno – podľa kraja/okresu,"BA: zmluvná klinika – doplniť; KE: Klinika vtákov a exotických zvierat UVLF, 0917 637 798; ostatné: DB partnerských OZ – doplniť",Áno,3. kontakt (po W15/112 a W19),"Ak sa vám nedostala pomoc z oficiálnych zdrojov ani z druhého kontaktu, požiadajte o pomoc dobrovoľníkov Zverolinky podľa lokality a dostupnosti.",Áno – až po neúspechu všetkých kontaktov,Postupujte mimoriadne opatrne a presne podľa nasledujúcich pokynov.,,,,,,,,"ŠOP SR / záchranné zariadenie
112 / záchranná zložka
Veterinárna klinika
Partnerské OZ / záchranná organizácia
Dobrovoľník Zverolinky
Iná osoba
Pomohol/pomohla som sám/sama","Na pohotovostnom kontakte ŠOP mi nezdvihli ani na druhý pokus
ŠOP / záchranné zariadenie odmietlo pomôcť alebo prísť
ŠOP / záchranné zariadenie ma odkázalo na iný kontakt
Na čísle 112 mi neposkytli kontakt alebo pomoc
Veterinárna klinika bola zatvorená alebo nedostupná
Veterinárna klinika odmietla zviera prijať
Nemohol/nemohla som uhradiť veterinárne ošetrenie
Partnerské OZ nebolo dostupné alebo nemohlo pomôcť
Dobrovoľníci neboli k dispozícii
Zviera bolo nebezpečné alebo manipulácia nebola bezpečná
Zviera utieklo alebo sa skrylo
Nemal/a som potrebné pomôcky alebo dopravu
Zviera na mieste uhynulo
Situáciu vyriešil niekto iný
Iné","INTERNÉ PRE ZO - ešte skontrolovať postup čo v prípade, ak je živočích nie len chránený ale aj poľovnou zverou !! Tam nie je možné dať pomôžte sami ! ",FLOW-ZR-CHR-STD,FLOW PRIPRAVENÝ. DOPLŇIŤ POKYNY DO POMôŽTE SAMI 
ZRZAT-150,Zatúlané,Plazy,,Slepúch,,,,,,,,,,,,,,,,,,,,,,,,,,,,,,,,,,,,
ZRZAT-151,Zranené,Plazy,,Korytnačka,Druh – používa FLOW-ZR-KORYTNACKA-ID,"Korytnačka je vo voľnej prírode alebo pri vode a neviem, či ide o chránený druh
Vyzerá ako uniknuté chované zviera
Má prasknutý alebo rozdrvený pancier
Krváca alebo má otvorenú ranu
Nevie sa pohybovať / má poranenú končatinu alebo hlavu
Je po zrážke s vozidlom
Je uviaznutá alebo zakliesnená
Videl/a som alebo mám dôvodné podozrenie, že zviera úmyselne zranil človek (napr. bitím, postrelením alebo pascou)
Neviem
Iné","Áno
Nie
Neviem","Áno
Nie
Neviem",Iné → rozbaliť W09b,Stručne popíšte iné zranenie alebo stav zvieraťa.,Dynamicky po identifikácii,,,Dynamicky: W15 ŠOP SR alebo W15 obec/mesto,Najprv určte vetvu,"Ak ide o voľne žijúcu alebo neurčenú korytnačku pri vode, použite chránený flow a ŠOP SR. Ak ide o preukázateľne uniknuté chované zviera, použite exotický flow a obec/mesto.",Áno,Vetva CHR: 04_KONTAKTY_SOP; vetva CHOV: KONTAKTY_OBCE_ODCHYT,,,"BA/KE: zobrazte dohodnutú veterinárnu kliniku pre chránené živočíchy; používateľ musí najprv telefonicky overiť prijatie zvieraťa a podmienky. 
Ostatné územie: zobrazte partnerské OZ alebo záchrannú organizáciu podľa polohy. Zoznam partnerov ešte treba doplniť.",,,Áno – podľa výslednej vetvy,,,,,,,,,,,,"ŠOP SR / záchranné zariadenie
Obec / osoba schválená na odchyt
Veterinár pre exotické zvieratá
Dobrovoľník Zverolinky
Polícia pri podozrení na úmyselné zranenie
Iné","Druh alebo pôvod sa nepodarilo určiť
Na kontakte ŠOP SR mi nezdvihli ani na druhý pokus
Obec/mesto alebo odchyt neboli dostupní
Veterinár nebol dostupný alebo zviera neprijal
Dobrovoľníci neboli k dispozícii
Zviera sa premiestnilo alebo utieklo
Manipulácia nebola bezpečná
Iné","INTERNÉ PRE ZO - ešte skontrolovať postup čo v prípade, ak je živočích nie len chránený ale aj poľovnou zverou !! Tam nie je možné dať pomôžte sami ! ",FLOW-ZR-KORYTNACKA-ID,FLOW PRIPRAVENÝ. DOPLŇIŤ POKYNY DO POMôŽTE SAMI 
ZRZAT-152,Zatúlané,Plazy,,Korytnačka,,,,,,,,,,,,,,,,,,,,,,,,,,,,,,,,,,,,
ZRZAT-153,Zranené,Obojživelníky,,Žaba,Druh – používa FLOW-ZR-CHR-STD,"Krváca alebo má viditeľné poranenie
Má poranenú končatinu alebo sa nevie pohybovať
Je vysušené, apatické alebo nereaguje
Je zasiahnuté chemikáliou alebo znečistenou vodou
Je uviaznuté alebo na nebezpečnom mieste
Videl/a som alebo mám dôvodné podozrenie, že zviera úmyselne zranil človek (napr. bitím, postrelením alebo pascou)
Neviem
Iné","Áno
Nie
Neviem","Áno
Nie
Neviem",Iné → rozbaliť W09b,Stručne popíšte iné zranenie alebo stav zvieraťa.,W14,"• Žabu nechytajte suchými rukami ani suchou látkou – môže jej to poškodiť citlivú pokožku.
• Nepremiestňujte ju do inej lokality alebo vodnej plochy.","• Ak nie je priamo ohrozená, nechajte ju bez zásahu.
• Ak hrozí ďalšie zranenie alebo vyschnutie, môžete ju opatrne zabezpečiť len navlhčenými rukami alebo mokrou látkou a vložiť do vetranej krabičky s vlhkým podkladom. Nesmie vyschnúť, ale nemá byť ani úplne ponorená vo vode",W15 – ŠOP SR / príslušné záchranné zariadenie,Zavolajte na pohotovostný kontakt ŠOP SR,"ŠOP SR zabezpečuje nepretržitú odbornú pomoc, odber a prevoz zranených alebo inak poškodených chránených živočíchov.

Podľa vašej polohy sme vybrali príslušné záchranné zariadenie. Oznámte presné miesto nálezu, druh zvieraťa (ak ho poznáte), jeho stav a či je zviera alebo okolie v bezprostrednom nebezpečenstve. Postupujte podľa pokynov odborníka.",Áno – podľa adresy z W03a/W03b,04_KONTAKTY_SOP – mapovať obec/okres na príslušný pohotovostný kontakt; nepoužiť iba najbližšiu vzdialenosť,W19 – veterinárna klinika (BA/KE) / partnerské OZ (ostatné územie),Zavolajte na veterinárnu kliniku alebo partnerskú organizáciu,"BA/KE: zobrazte dohodnutú veterinárnu kliniku pre chránené živočíchy; používateľ musí najprv telefonicky overiť prijatie zvieraťa a podmienky. 
Ostatné územie: zobrazte partnerské OZ alebo záchrannú organizáciu podľa polohy. Zoznam partnerov ešte treba doplniť.",Áno – podľa kraja/okresu,"BA: zmluvná klinika – doplniť; KE: Klinika vtákov a exotických zvierat UVLF, 0917 637 798; ostatné: DB partnerských OZ – doplniť",Áno,3. kontakt (po W15/112 a W19),"Ak sa vám nedostala pomoc z oficiálnych zdrojov ani z druhého kontaktu, požiadajte o pomoc dobrovoľníkov Zverolinky podľa lokality a dostupnosti.",Áno – až po neúspechu všetkých kontaktov,Postupujte mimoriadne opatrne a presne podľa nasledujúcich pokynov.,,,,,,,,"ŠOP SR / záchranné zariadenie
112 / záchranná zložka
Veterinárna klinika
Partnerské OZ / záchranná organizácia
Dobrovoľník Zverolinky
Iná osoba
Pomohol/pomohla som sám/sama","Na pohotovostnom kontakte ŠOP mi nezdvihli ani na druhý pokus
ŠOP / záchranné zariadenie odmietlo pomôcť alebo prísť
ŠOP / záchranné zariadenie ma odkázalo na iný kontakt
Na čísle 112 mi neposkytli kontakt alebo pomoc
Veterinárna klinika bola zatvorená alebo nedostupná
Veterinárna klinika odmietla zviera prijať
Nemohol/nemohla som uhradiť veterinárne ošetrenie
Partnerské OZ nebolo dostupné alebo nemohlo pomôcť
Dobrovoľníci neboli k dispozícii
Zviera bolo nebezpečné alebo manipulácia nebola bezpečná
Zviera utieklo alebo sa skrylo
Nemal/a som potrebné pomôcky alebo dopravu
Zviera na mieste uhynulo
Situáciu vyriešil niekto iný
Iné","INTERNÉ PRE ZO - ešte skontrolovať postup čo v prípade, ak je živočích nie len chránený ale aj poľovnou zverou !! Tam nie je možné dať pomôžte sami ! ",FLOW-ZR-CHR-STD,FLOW PRIPRAVENÝ. DOPLŇIŤ POKYNY DO POMôŽTE SAMI 
ZRZAT-154,Zatúlané,Obojživelníky,,Žaba,,,,,,,,,,,,,,,,,,,,,,,,,,,,,,,,,,,,
ZRZAT-155,Zranené,Obojživelníky,,Ropucha,Druh – používa FLOW-ZR-CHR-STD,"Krváca alebo má viditeľné poranenie
Má poranenú končatinu alebo sa nevie pohybovať
Je vysušené, apatické alebo nereaguje
Je zasiahnuté chemikáliou alebo znečistenou vodou
Je uviaznuté alebo na nebezpečnom mieste
Videl/a som alebo mám dôvodné podozrenie, že zviera úmyselne zranil človek (napr. bitím, postrelením alebo pascou)
Neviem
Iné","Áno
Nie
Neviem","Áno
Nie
Neviem",Iné → rozbaliť W09b,Stručne popíšte iné zranenie alebo stav zvieraťa.,W14,"• Ropuchu nechytajte suchými rukami ani suchou látkou – môže jej to poškodiť citlivú pokožku.
• Po prípadnom kontakte si nešúchajte oči ani ústa; kožný sekrét ropuchy môže dráždiť sliznice.","• Ak nie je priamo ohrozený, nechajte ho bez zásahu.
• Ak hrozí ďalšie zranenie alebo vyschnutie, môžete ju opatrne zabezpečiť len navlhčenými rukami alebo mokrou látkou a vložiť do vetranej krabičky s vlhkým podkladom. Nesmie vyschnúť, ale nemá byť ani úplne ponorená vo vode.",W15 – ŠOP SR / príslušné záchranné zariadenie,Zavolajte na pohotovostný kontakt ŠOP SR,"ŠOP SR zabezpečuje nepretržitú odbornú pomoc, odber a prevoz zranených alebo inak poškodených chránených živočíchov.

Podľa vašej polohy sme vybrali príslušné záchranné zariadenie. Oznámte presné miesto nálezu, druh zvieraťa (ak ho poznáte), jeho stav a či je zviera alebo okolie v bezprostrednom nebezpečenstve. Postupujte podľa pokynov odborníka.",Áno – podľa adresy z W03a/W03b,04_KONTAKTY_SOP – mapovať obec/okres na príslušný pohotovostný kontakt; nepoužiť iba najbližšiu vzdialenosť,W19 – veterinárna klinika (BA/KE) / partnerské OZ (ostatné územie),Zavolajte na veterinárnu kliniku alebo partnerskú organizáciu,"BA/KE: zobrazte dohodnutú veterinárnu kliniku pre chránené živočíchy; používateľ musí najprv telefonicky overiť prijatie zvieraťa a podmienky. 
Ostatné územie: zobrazte partnerské OZ alebo záchrannú organizáciu podľa polohy. Zoznam partnerov ešte treba doplniť.",Áno – podľa kraja/okresu,"BA: zmluvná klinika – doplniť; KE: Klinika vtákov a exotických zvierat UVLF, 0917 637 798; ostatné: DB partnerských OZ – doplniť",Áno,3. kontakt (po W15/112 a W19),"Ak sa vám nedostala pomoc z oficiálnych zdrojov ani z druhého kontaktu, požiadajte o pomoc dobrovoľníkov Zverolinky podľa lokality a dostupnosti.",Áno – až po neúspechu všetkých kontaktov,Postupujte mimoriadne opatrne a presne podľa nasledujúcich pokynov.,,,,,,,,"ŠOP SR / záchranné zariadenie
112 / záchranná zložka
Veterinárna klinika
Partnerské OZ / záchranná organizácia
Dobrovoľník Zverolinky
Iná osoba
Pomohol/pomohla som sám/sama","Na pohotovostnom kontakte ŠOP mi nezdvihli ani na druhý pokus
ŠOP / záchranné zariadenie odmietlo pomôcť alebo prísť
ŠOP / záchranné zariadenie ma odkázalo na iný kontakt
Na čísle 112 mi neposkytli kontakt alebo pomoc
Veterinárna klinika bola zatvorená alebo nedostupná
Veterinárna klinika odmietla zviera prijať
Nemohol/nemohla som uhradiť veterinárne ošetrenie
Partnerské OZ nebolo dostupné alebo nemohlo pomôcť
Dobrovoľníci neboli k dispozícii
Zviera bolo nebezpečné alebo manipulácia nebola bezpečná
Zviera utieklo alebo sa skrylo
Nemal/a som potrebné pomôcky alebo dopravu
Zviera na mieste uhynulo
Situáciu vyriešil niekto iný
Iné","INTERNÉ PRE ZO - ešte skontrolovať postup čo v prípade, ak je živočích nie len chránený ale aj poľovnou zverou !! Tam nie je možné dať pomôžte sami ! ",FLOW-ZR-CHR-STD,FLOW PRIPRAVENÝ. DOPLŇIŤ POKYNY DO POMôŽTE SAMI 
ZRZAT-156,Zatúlané,Obojživelníky,,Ropucha,,,,,,,,,,,,,,,,,,,,,,,,,,,,,,,,,,,,
ZRZAT-157,Zranené,Obojživelníky,,Skokan,Druh – používa FLOW-ZR-CHR-STD,"Krváca alebo má viditeľné poranenie
Má poranenú končatinu alebo sa nevie pohybovať
Je vysušené, apatické alebo nereaguje
Je zasiahnuté chemikáliou alebo znečistenou vodou
Je uviaznuté alebo na nebezpečnom mieste
Videl/a som alebo mám dôvodné podozrenie, že zviera úmyselne zranil človek (napr. bitím, postrelením alebo pascou)
Neviem
Iné","Áno
Nie
Neviem","Áno
Nie
Neviem",Iné → rozbaliť W09b,Stručne popíšte iné zranenie alebo stav zvieraťa.,W14,"• Skokana nechytajte suchými rukami ani suchou látkou – môže mu to poškodiť citlivú pokožku.
• Nepremiestňujte ho do inej lokality alebo vodnej plochy.","• Ak nie je priamo ohrozený, nechajte ho bez zásahu.
• Ak hrozí ďalšie zranenie alebo vyschnutie, môžete ho opatrne zabezpečiť len navlhčenými rukami alebo mokrou látkou a vložiť do vetranej krabičky s vlhkým podkladom. Nesmie vyschnúť, ale nemá byť ani úplne ponorený vo vode.",W15 – ŠOP SR / príslušné záchranné zariadenie,Zavolajte na pohotovostný kontakt ŠOP SR,"ŠOP SR zabezpečuje nepretržitú odbornú pomoc, odber a prevoz zranených alebo inak poškodených chránených živočíchov.

Podľa vašej polohy sme vybrali príslušné záchranné zariadenie. Oznámte presné miesto nálezu, druh zvieraťa (ak ho poznáte), jeho stav a či je zviera alebo okolie v bezprostrednom nebezpečenstve. Postupujte podľa pokynov odborníka.",Áno – podľa adresy z W03a/W03b,04_KONTAKTY_SOP – mapovať obec/okres na príslušný pohotovostný kontakt; nepoužiť iba najbližšiu vzdialenosť,W19 – veterinárna klinika (BA/KE) / partnerské OZ (ostatné územie),Zavolajte na veterinárnu kliniku alebo partnerskú organizáciu,"BA/KE: zobrazte dohodnutú veterinárnu kliniku pre chránené živočíchy; používateľ musí najprv telefonicky overiť prijatie zvieraťa a podmienky. 
Ostatné územie: zobrazte partnerské OZ alebo záchrannú organizáciu podľa polohy. Zoznam partnerov ešte treba doplniť.",Áno – podľa kraja/okresu,"BA: zmluvná klinika – doplniť; KE: Klinika vtákov a exotických zvierat UVLF, 0917 637 798; ostatné: DB partnerských OZ – doplniť",Áno,3. kontakt (po W15/112 a W19),"Ak sa vám nedostala pomoc z oficiálnych zdrojov ani z druhého kontaktu, požiadajte o pomoc dobrovoľníkov Zverolinky podľa lokality a dostupnosti.",Áno – až po neúspechu všetkých kontaktov,Postupujte mimoriadne opatrne a presne podľa nasledujúcich pokynov.,,,,,,,,"ŠOP SR / záchranné zariadenie
112 / záchranná zložka
Veterinárna klinika
Partnerské OZ / záchranná organizácia
Dobrovoľník Zverolinky
Iná osoba
Pomohol/pomohla som sám/sama","Na pohotovostnom kontakte ŠOP mi nezdvihli ani na druhý pokus
ŠOP / záchranné zariadenie odmietlo pomôcť alebo prísť
ŠOP / záchranné zariadenie ma odkázalo na iný kontakt
Na čísle 112 mi neposkytli kontakt alebo pomoc
Veterinárna klinika bola zatvorená alebo nedostupná
Veterinárna klinika odmietla zviera prijať
Nemohol/nemohla som uhradiť veterinárne ošetrenie
Partnerské OZ nebolo dostupné alebo nemohlo pomôcť
Dobrovoľníci neboli k dispozícii
Zviera bolo nebezpečné alebo manipulácia nebola bezpečná
Zviera utieklo alebo sa skrylo
Nemal/a som potrebné pomôcky alebo dopravu
Zviera na mieste uhynulo
Situáciu vyriešil niekto iný
Iné","INTERNÉ PRE ZO - ešte skontrolovať postup čo v prípade, ak je živočích nie len chránený ale aj poľovnou zverou !! Tam nie je možné dať pomôžte sami ! ",FLOW-ZR-CHR-STD,FLOW PRIPRAVENÝ. DOPLŇIŤ POKYNY DO POMôŽTE SAMI 
ZRZAT-158,Zatúlané,Obojživelníky,,Skokan,,,,,,,,,,,,,,,,,,,,,,,,,,,,,,,,,,,,
ZRZAT-159,Zranené,Obojživelníky,,Rosnička,Druh – používa FLOW-ZR-CHR-STD,"Krváca alebo má viditeľné poranenie
Má poranenú končatinu alebo sa nevie pohybovať
Je vysušené, apatické alebo nereaguje
Je zasiahnuté chemikáliou alebo znečistenou vodou
Je uviaznuté alebo na nebezpečnom mieste
Videl/a som alebo mám dôvodné podozrenie, že zviera úmyselne zranil človek (napr. bitím, postrelením alebo pascou)
Neviem
Iné","Áno
Nie
Neviem","Áno
Nie
Neviem",Iné → rozbaliť W09b,Stručne popíšte iné zranenie alebo stav zvieraťa.,W14,"• Rosničku nechytajte suchými rukami ani suchou látkou – môže jej to poškodiť citlivú pokožku.
• Nepremiestňujte ju do inej lokality alebo vodnej plochy.","• Ak nie je priamo ohrozená, nechajte ju bez zásahu.
• Ak hrozí ďalšie zranenie alebo vyschnutie, môžete ju opatrne zabezpečiť len navlhčenými rukami alebo mokrou látkou a vložiť do vetranej krabičky s vlhkým podkladom. Nesmie vyschnúť, ale nemá byť ani úplne ponorená vo vode.",W15 – ŠOP SR / príslušné záchranné zariadenie,Zavolajte na pohotovostný kontakt ŠOP SR,"ŠOP SR zabezpečuje nepretržitú odbornú pomoc, odber a prevoz zranených alebo inak poškodených chránených živočíchov.

Podľa vašej polohy sme vybrali príslušné záchranné zariadenie. Oznámte presné miesto nálezu, druh zvieraťa (ak ho poznáte), jeho stav a či je zviera alebo okolie v bezprostrednom nebezpečenstve. Postupujte podľa pokynov odborníka.",Áno – podľa adresy z W03a/W03b,04_KONTAKTY_SOP – mapovať obec/okres na príslušný pohotovostný kontakt; nepoužiť iba najbližšiu vzdialenosť,W19 – veterinárna klinika (BA/KE) / partnerské OZ (ostatné územie),Zavolajte na veterinárnu kliniku alebo partnerskú organizáciu,"BA/KE: zobrazte dohodnutú veterinárnu kliniku pre chránené živočíchy; používateľ musí najprv telefonicky overiť prijatie zvieraťa a podmienky. 
Ostatné územie: zobrazte partnerské OZ alebo záchrannú organizáciu podľa polohy. Zoznam partnerov ešte treba doplniť.",Áno – podľa kraja/okresu,"BA: zmluvná klinika – doplniť; KE: Klinika vtákov a exotických zvierat UVLF, 0917 637 798; ostatné: DB partnerských OZ – doplniť",Áno,3. kontakt (po W15/112 a W19),"Ak sa vám nedostala pomoc z oficiálnych zdrojov ani z druhého kontaktu, požiadajte o pomoc dobrovoľníkov Zverolinky podľa lokality a dostupnosti.",Áno – až po neúspechu všetkých kontaktov,Postupujte mimoriadne opatrne a presne podľa nasledujúcich pokynov.,,,,,,,,"ŠOP SR / záchranné zariadenie
112 / záchranná zložka
Veterinárna klinika
Partnerské OZ / záchranná organizácia
Dobrovoľník Zverolinky
Iná osoba
Pomohol/pomohla som sám/sama","Na pohotovostnom kontakte ŠOP mi nezdvihli ani na druhý pokus
ŠOP / záchranné zariadenie odmietlo pomôcť alebo prísť
ŠOP / záchranné zariadenie ma odkázalo na iný kontakt
Na čísle 112 mi neposkytli kontakt alebo pomoc
Veterinárna klinika bola zatvorená alebo nedostupná
Veterinárna klinika odmietla zviera prijať
Nemohol/nemohla som uhradiť veterinárne ošetrenie
Partnerské OZ nebolo dostupné alebo nemohlo pomôcť
Dobrovoľníci neboli k dispozícii
Zviera bolo nebezpečné alebo manipulácia nebola bezpečná
Zviera utieklo alebo sa skrylo
Nemal/a som potrebné pomôcky alebo dopravu
Zviera na mieste uhynulo
Situáciu vyriešil niekto iný
Iné","INTERNÉ PRE ZO - ešte skontrolovať postup čo v prípade, ak je živočích nie len chránený ale aj poľovnou zverou !! Tam nie je možné dať pomôžte sami ! ",FLOW-ZR-CHR-STD,FLOW PRIPRAVENÝ. DOPLŇIŤ POKYNY DO POMôŽTE SAMI 
ZRZAT-160,Zatúlané,Obojživelníky,,Rosnička,,,,,,,,,,,,,,,,,,,,,,,,,,,,,,,,,,,,
ZRZAT-161,Zranené,Obojživelníky,,Mlok,Druh – používa FLOW-ZR-CHR-STD,"Krváca alebo má viditeľné poranenie
Má poranenú končatinu alebo sa nevie pohybovať
Je vysušené, apatické alebo nereaguje
Je zasiahnuté chemikáliou alebo znečistenou vodou
Je uviaznuté alebo na nebezpečnom mieste
Videl/a som alebo mám dôvodné podozrenie, že zviera úmyselne zranil človek (napr. bitím, postrelením alebo pascou)
Neviem
Iné","Áno
Nie
Neviem","Áno
Nie
Neviem",Iné → rozbaliť W09b,Stručne popíšte iné zranenie alebo stav zvieraťa.,W14,"• Mloka nechytajte suchými rukami ani suchou látkou – môže mu to poškodiť citlivú pokožku.
• Nepremiestňujte ho do inej lokality.","• Ak nie je priamo ohrozený, nechajte ho bez zásahu.
• Ak hrozí ďalšie zranenie alebo vyschnutie, môžete ho opatrne zabezpečiť len navlhčenými rukami alebo mokrou látkou a vložiť do vetranej krabičky s vlhkým podkladom. Nesmie vyschnúť, ale nemá byť ani úplne ponorený vo vode.",W15 – ŠOP SR / príslušné záchranné zariadenie,Zavolajte na pohotovostný kontakt ŠOP SR,"ŠOP SR zabezpečuje nepretržitú odbornú pomoc, odber a prevoz zranených alebo inak poškodených chránených živočíchov.

Podľa vašej polohy sme vybrali príslušné záchranné zariadenie. Oznámte presné miesto nálezu, druh zvieraťa (ak ho poznáte), jeho stav a či je zviera alebo okolie v bezprostrednom nebezpečenstve. Postupujte podľa pokynov odborníka.",Áno – podľa adresy z W03a/W03b,04_KONTAKTY_SOP – mapovať obec/okres na príslušný pohotovostný kontakt; nepoužiť iba najbližšiu vzdialenosť,W19 – veterinárna klinika (BA/KE) / partnerské OZ (ostatné územie),Zavolajte na veterinárnu kliniku alebo partnerskú organizáciu,"BA/KE: zobrazte dohodnutú veterinárnu kliniku pre chránené živočíchy; používateľ musí najprv telefonicky overiť prijatie zvieraťa a podmienky. 
Ostatné územie: zobrazte partnerské OZ alebo záchrannú organizáciu podľa polohy. Zoznam partnerov ešte treba doplniť.",Áno – podľa kraja/okresu,"BA: zmluvná klinika – doplniť; KE: Klinika vtákov a exotických zvierat UVLF, 0917 637 798; ostatné: DB partnerských OZ – doplniť",Áno,3. kontakt (po W15/112 a W19),"Ak sa vám nedostala pomoc z oficiálnych zdrojov ani z druhého kontaktu, požiadajte o pomoc dobrovoľníkov Zverolinky podľa lokality a dostupnosti.",Áno – až po neúspechu všetkých kontaktov,Postupujte mimoriadne opatrne a presne podľa nasledujúcich pokynov.,,,,,,,,"ŠOP SR / záchranné zariadenie
112 / záchranná zložka
Veterinárna klinika
Partnerské OZ / záchranná organizácia
Dobrovoľník Zverolinky
Iná osoba
Pomohol/pomohla som sám/sama","Na pohotovostnom kontakte ŠOP mi nezdvihli ani na druhý pokus
ŠOP / záchranné zariadenie odmietlo pomôcť alebo prísť
ŠOP / záchranné zariadenie ma odkázalo na iný kontakt
Na čísle 112 mi neposkytli kontakt alebo pomoc
Veterinárna klinika bola zatvorená alebo nedostupná
Veterinárna klinika odmietla zviera prijať
Nemohol/nemohla som uhradiť veterinárne ošetrenie
Partnerské OZ nebolo dostupné alebo nemohlo pomôcť
Dobrovoľníci neboli k dispozícii
Zviera bolo nebezpečné alebo manipulácia nebola bezpečná
Zviera utieklo alebo sa skrylo
Nemal/a som potrebné pomôcky alebo dopravu
Zviera na mieste uhynulo
Situáciu vyriešil niekto iný
Iné","INTERNÉ PRE ZO - ešte skontrolovať postup čo v prípade, ak je živočích nie len chránený ale aj poľovnou zverou !! Tam nie je možné dať pomôžte sami ! ",FLOW-ZR-CHR-STD,FLOW PRIPRAVENÝ. DOPLŇIŤ POKYNY DO POMôŽTE SAMI 
ZRZAT-162,Zatúlané,Obojživelníky,,Mlok,,,,,,,,,,,,,,,,,,,,,,,,,,,,,,,,,,,,
ZRZAT-163,Zranené,Obojživelníky,,Salamandra,Druh – používa FLOW-ZR-CHR-STD,"Krváca alebo má viditeľné poranenie
Má poranenú končatinu alebo sa nevie pohybovať
Je vysušené, apatické alebo nereaguje
Je zasiahnuté chemikáliou alebo znečistenou vodou
Je uviaznuté alebo na nebezpečnom mieste
Videl/a som alebo mám dôvodné podozrenie, že zviera úmyselne zranil človek (napr. bitím, postrelením alebo pascou)
Neviem
Iné","Áno
Nie
Neviem","Áno
Nie
Neviem",Iné → rozbaliť W09b,Stručne popíšte iné zranenie alebo stav zvieraťa.,W14,"• Salamandru nechytajte suchými rukami ani suchou látkou – môže jej to poškodiť citlivú pokožku.
• Po prípadnom kontakte si nešúchajte oči ani ústa; kožný sekrét salamandry môže dráždiť sliznice.","• Ak nie je priamo ohrozená, nechajte ju bez zásahu.
• Chráňte ju pred vyschnutím, slnkom a kontaktom so zvieratami.",W15 – ŠOP SR / príslušné záchranné zariadenie,Zavolajte na pohotovostný kontakt ŠOP SR,"ŠOP SR zabezpečuje nepretržitú odbornú pomoc, odber a prevoz zranených alebo inak poškodených chránených živočíchov.

Podľa vašej polohy sme vybrali príslušné záchranné zariadenie. Oznámte presné miesto nálezu, druh zvieraťa (ak ho poznáte), jeho stav a či je zviera alebo okolie v bezprostrednom nebezpečenstve. Postupujte podľa pokynov odborníka.",Áno – podľa adresy z W03a/W03b,04_KONTAKTY_SOP – mapovať obec/okres na príslušný pohotovostný kontakt; nepoužiť iba najbližšiu vzdialenosť,W19 – veterinárna klinika (BA/KE) / partnerské OZ (ostatné územie),Zavolajte na veterinárnu kliniku alebo partnerskú organizáciu,"BA/KE: zobrazte dohodnutú veterinárnu kliniku pre chránené živočíchy; používateľ musí najprv telefonicky overiť prijatie zvieraťa a podmienky. 
Ostatné územie: zobrazte partnerské OZ alebo záchrannú organizáciu podľa polohy. Zoznam partnerov ešte treba doplniť.",Áno – podľa kraja/okresu,"BA: zmluvná klinika – doplniť; KE: Klinika vtákov a exotických zvierat UVLF, 0917 637 798; ostatné: DB partnerských OZ – doplniť",Áno,3. kontakt (po W15/112 a W19),"Ak sa vám nedostala pomoc z oficiálnych zdrojov ani z druhého kontaktu, požiadajte o pomoc dobrovoľníkov Zverolinky podľa lokality a dostupnosti.",Áno – až po neúspechu všetkých kontaktov,Postupujte mimoriadne opatrne a presne podľa nasledujúcich pokynov.,,,,,,,,"ŠOP SR / záchranné zariadenie
112 / záchranná zložka
Veterinárna klinika
Partnerské OZ / záchranná organizácia
Dobrovoľník Zverolinky
Iná osoba
Pomohol/pomohla som sám/sama","Na pohotovostnom kontakte ŠOP mi nezdvihli ani na druhý pokus
ŠOP / záchranné zariadenie odmietlo pomôcť alebo prísť
ŠOP / záchranné zariadenie ma odkázalo na iný kontakt
Na čísle 112 mi neposkytli kontakt alebo pomoc
Veterinárna klinika bola zatvorená alebo nedostupná
Veterinárna klinika odmietla zviera prijať
Nemohol/nemohla som uhradiť veterinárne ošetrenie
Partnerské OZ nebolo dostupné alebo nemohlo pomôcť
Dobrovoľníci neboli k dispozícii
Zviera bolo nebezpečné alebo manipulácia nebola bezpečná
Zviera utieklo alebo sa skrylo
Nemal/a som potrebné pomôcky alebo dopravu
Zviera na mieste uhynulo
Situáciu vyriešil niekto iný
Iné","INTERNÉ PRE ZO - ešte skontrolovať postup čo v prípade, ak je živočích nie len chránený ale aj poľovnou zverou !! Tam nie je možné dať pomôžte sami ! ",FLOW-ZR-CHR-STD,FLOW PRIPRAVENÝ. DOPLŇIŤ POKYNY DO POMôŽTE SAMI 
ZRZAT-164,Zatúlané,Obojživelníky,,Salamandra,,,,,,,,,,,,,,,,,,,,,,,,,,,,,,,,,,,,
ZRZAT-165,Zranené,"Exotické, uniknuté alebo nepôvodné zvieratá",,Korytnačka,Druh – používa FLOW-ZR-EXOTIC,"Má prasknutý alebo rozdrvený pancier
Krváca alebo má otvorenú ranu
Nevie sa pohybovať / má poranenú končatinu alebo hlavu
Je po zrážke s vozidlom alebo po páde
Je uviaznutá, zakliesnená alebo zamotaná
Podozrenie na otravu, popálenie alebo prehriatie/podchladenie
Napadlo ju iné zviera
Videl/a som alebo mám dôvodné podozrenie, že zviera úmyselne zranil človek (napr. bitím, postrelením alebo pascou)
Neviem
Iné","Áno
Nie
Neviem","Áno
Nie
Neviem",Iné → rozbaliť W09b,Stručne popíšte iné zranenie alebo stav zvieraťa.,W14,"• Zranenú korytnačku neotáčajte na chrbát, nedvíhajte ju za končatiny ani nezasahujte do rán.","• Ak jej hrozí ďalšie nebezpečenstvo, môžete ju opatrne presunúť len mimo bezprostredného ohrozenia. 
- Manipulujte s ňou čo najmenej a držte ju mimo priameho slnka, detí a iných zvierat.",W15 – obec / mesto alebo schválená osoba na odchyt,Zavolajte obci alebo mestu,"Obec je povinná prevziať túlavé zviera nájdené na území obce od nálezcu a umiestniť ho v karanténnej stanici alebo útulku pre zvieratá.

Oznámte presnú polohu, druh a stav zvieraťa a či ohrozuje premávku alebo ľudí.",Áno – podľa obce z W03a/W03b,KONTAKTY_OBCE_ODCHYT – obec → schválená osoba; po odchyte interná väzba na RVPS pri ne-spoločenskom zvierati,W18 – veterinár pre exotické zvieratá / partnerská klinika,Môžete zavolať na veterinárnu kliniku,"Najprv telefonicky overte prijatie zvieraťa, odbornosť pre daný druh a bezpečný spôsob prevozu.",Áno – podľa druhu a lokality,KONTAKTY_VET_EXOTY – druh + okres/kraj + dostupnosť,Áno,3. kontakt,"Ak nepomohla obec ani veterinár, zobrazte dobrovoľníkov so skúsenosťou s daným druhom.",Áno – iba ak nejde o nebezpečný druh a existuje dlhý návod,Pokračujte iba podľa podrobného návodu pre presne určený druh.,,,,,,,,"Obec / mesto alebo osoba schválená na odchyt
Veterinár pre exotické zvieratá
Dobrovoľník Zverolinky
112 / polícia pri nebezpečnom zvierati
Iná odborná osoba","Obec/mesto alebo zmluvný odchyt nezdvihli
Obec/mesto alebo zmluvný odchyt odmietli pomôcť
Veterinár pre exotické zvieratá nebol dostupný alebo zviera neprijal
Dobrovoľníci so skúsenosťou s druhom neboli k dispozícii
Druh sa nepodarilo bezpečne určiť
Zviera sa premiestnilo alebo utieklo
Manipulácia nebola bezpečná
Zviera na mieste uhynulo
Iné",,FLOW-ZR-EXOTIC,FLOW PRIPRAVENÝ; DOPLNIŤ DATABÁZU OBCÍ/ODCHYTOV A EXOTICKÝCH VETERÍN.
ZRZAT-166,Zatúlané,"Exotické, uniknuté alebo nepôvodné zvieratá",,Korytnačka,,,,,,,,,,,,,,,,,,,,,,,,,,,,,,,,,,,,
ZRZAT-167,Zranené,"Exotické, uniknuté alebo nepôvodné zvieratá",,Nutria,Druh – v aktuálnom právnom zaradení používa FLOW-ZR-ZVER,"Došlo k zrážke s mojím vozidlom
Našiel/našla som ho po zrážke s iným vozidlom alebo pri ceste
Krváca alebo má otvorenú ranu
Má poranenú končatinu / nevie vstať alebo sa pohybovať
Je uviaznuté v plote, pasci, sieti alebo inom predmete
Je zjavne postrelené alebo poranené pascou
Podozrenie na otravu
Je apatické, dezorientované alebo reaguje nezvyčajne
Videl/a som alebo mám dôvodné podozrenie, že zviera úmyselne zranil človek (napr. bitím, postrelením alebo pascou)
Neviem
Iné","Áno
Nie
Neviem","Áno
Nie
Neviem",Iné → rozbaliť W09b,Stručne popíšte iné zranenie alebo stav zvieraťa.,W13,"• Nutriu nechytajte do rúk, nezaháňajte ju do kúta a nekŕmte ju.
• Nepúšťajte k nej psov ani deti.",,W15 – poľovný hospodár (ak schválený kontakt) / príslušná OPK,Zavolajte poľovnému hospodárovi alebo príslušnej OPK,"Podľa GPS zobrazte názov poľovného revíru a priamy kontakt na poľovného hospodára, iba ak je v schválenej databáze. Inak zobrazte príslušnú OPK ako koordinačný kontakt. Používateľ oznámi presnú polohu, názov alebo blízkosť revíru, druh zvieraťa, či žije a či ohrozuje premávku.",Áno – GPS → ID_Revir/ID_Okres,NLC ArcGIS ID_Revir → schválený priamy kontakt; fallback ID_Okres → 08_MAPA_OKRES_OPK → 07_KONTAKTY_OPK,,,,,,Áno,2. kontakt / koordinačný fallback,"Ak sa nepodarilo spojiť s poľovným hospodárom ani OPK, zobrazte dobrovoľníkov Zverolinky iba na koordináciu a interné preverenie; nevyzývajte na manipuláciu so zverou.",Nie,,,,,,,,,"Polícia (pri zrážke alebo podozrení na úmyselné zranenie)
Poľovný hospodár / užívateľ poľovného revíru
Príslušná OPK
Dobrovoľník Zverolinky – koordinácia
Zverolinka po internom preverení
Iná osoba","Na čísle 158 mi nezdvihli alebo polícia neposkytla ďalší postup (vetva zrážka)
Poľovný hospodár / užívateľ revíru nebol dostupný alebo nemohol prísť
Príslušná OPK nebola dostupná
OPK nevedela sprostredkovať kontakt alebo pomoc
Dobrovoľníci neboli k dispozícii
Zviera sa premiestnilo, utieklo alebo sa skrylo
Zviera bolo nebezpečné alebo manipulácia nebola bezpečná
Zviera na mieste uhynulo
Situáciu vyriešil niekto iný
Iné",,FLOW-ZR-ZVER,FLOW PRIPRAVENÝ; POTVRDIŤ PREVÁDZKOVÚ SPOLUPRÁCU OPK A PRIAME KONTAKTY.
ZRZAT-168,Zatúlané,"Exotické, uniknuté alebo nepôvodné zvieratá",,Nutria,,,,,,,,,,,,,,,,,,,,,,,,,,,,,,,,,,,,
ZRZAT-169,Zranené,"Exotické, uniknuté alebo nepôvodné zvieratá",,Medvedík čistotný,Druh – v aktuálnom právnom zaradení používa FLOW-ZR-ZVER,"Došlo k zrážke s mojím vozidlom
Našiel/našla som ho po zrážke s iným vozidlom alebo pri ceste
Krváca alebo má otvorenú ranu
Má poranenú končatinu / nevie vstať alebo sa pohybovať
Je uviaznuté v plote, pasci, sieti alebo inom predmete
Je zjavne postrelené alebo poranené pascou
Podozrenie na otravu
Je apatické, dezorientované alebo reaguje nezvyčajne
Je nezvyčajne agresívne, stráca plachosť alebo má neurologické príznaky
Videl/a som alebo mám dôvodné podozrenie, že zviera úmyselne zranil človek (napr. bitím, postrelením alebo pascou)
Neviem
Iné","Áno
Nie
Neviem","Áno
Nie
Neviem",Iné → rozbaliť W09b,Stručne popíšte iné zranenie alebo stav zvieraťa.,W13,"• Medvedíka čistotného nechytajte a nepribližujte sa k nemu ani k mláďatám.
• Nekŕmte ho a nepúšťajte k nemu psy.",,W15 – poľovný hospodár (ak schválený kontakt) / príslušná OPK,Zavolajte poľovnému hospodárovi alebo príslušnej OPK,"Podľa GPS zobrazte názov poľovného revíru a priamy kontakt na poľovného hospodára, iba ak je v schválenej databáze. Inak zobrazte príslušnú OPK ako koordinačný kontakt. Používateľ oznámi presnú polohu, názov alebo blízkosť revíru, druh zvieraťa, či žije a či ohrozuje premávku.",Áno – GPS → ID_Revir/ID_Okres,NLC ArcGIS ID_Revir → schválený priamy kontakt; fallback ID_Okres → 08_MAPA_OKRES_OPK → 07_KONTAKTY_OPK,,,,,,Áno,2. kontakt / koordinačný fallback,"Ak sa nepodarilo spojiť s poľovným hospodárom ani OPK, zobrazte dobrovoľníkov Zverolinky iba na koordináciu a interné preverenie; nevyzývajte na manipuláciu so zverou.",Nie,,,,,,,,,"Polícia (pri zrážke alebo podozrení na úmyselné zranenie)
Poľovný hospodár / užívateľ poľovného revíru
Príslušná OPK
Dobrovoľník Zverolinky – koordinácia
Zverolinka po internom preverení
Iná osoba","Na čísle 158 mi nezdvihli alebo polícia neposkytla ďalší postup (vetva zrážka)
Poľovný hospodár / užívateľ revíru nebol dostupný alebo nemohol prísť
Príslušná OPK nebola dostupná
OPK nevedela sprostredkovať kontakt alebo pomoc
Dobrovoľníci neboli k dispozícii
Zviera sa premiestnilo, utieklo alebo sa skrylo
Zviera bolo nebezpečné alebo manipulácia nebola bezpečná
Zviera na mieste uhynulo
Situáciu vyriešil niekto iný
Iné",,FLOW-ZR-ZVER,FLOW PRIPRAVENÝ; POTVRDIŤ PREVÁDZKOVÚ SPOLUPRÁCU OPK A PRIAME KONTAKTY.
ZRZAT-170,Zatúlané,"Exotické, uniknuté alebo nepôvodné zvieratá",,Medvedík čistotný,,,,,,,,,,,,,,,,,,,,,,,,,,,,,,,,,,,,
ZRZAT-171,Zranené,"Exotické, uniknuté alebo nepôvodné zvieratá",,Norok,Druh – v aktuálnom právnom zaradení používa FLOW-ZR-ZVER,"Došlo k zrážke s mojím vozidlom
Našiel/našla som ho po zrážke s iným vozidlom alebo pri ceste
Krváca alebo má otvorenú ranu
Má poranenú končatinu / nevie vstať alebo sa pohybovať
Je uviaznuté v plote, pasci, sieti alebo inom predmete
Je zjavne postrelené alebo poranené pascou
Podozrenie na otravu
Je apatické, dezorientované alebo reaguje nezvyčajne
Je nezvyčajne agresívne, stráca plachosť alebo má neurologické príznaky
Videl/a som alebo mám dôvodné podozrenie, že zviera úmyselne zranil človek (napr. bitím, postrelením alebo pascou)
Neviem
Iné","Áno
Nie
Neviem","Áno
Nie
Neviem",Iné → rozbaliť W09b,Stručne popíšte iné zranenie alebo stav zvieraťa.,W13,"• Norky sa nedotýkajte a nesnažte sa ju zablokovať v úzkom priestore.
• Nepúšťajte k nej psy ani deti.",,W15 – poľovný hospodár (ak schválený kontakt) / príslušná OPK,Zavolajte poľovnému hospodárovi alebo príslušnej OPK,"Podľa GPS zobrazte názov poľovného revíru a priamy kontakt na poľovného hospodára, iba ak je v schválenej databáze. Inak zobrazte príslušnú OPK ako koordinačný kontakt. Používateľ oznámi presnú polohu, názov alebo blízkosť revíru, druh zvieraťa, či žije a či ohrozuje premávku.",Áno – GPS → ID_Revir/ID_Okres,NLC ArcGIS ID_Revir → schválený priamy kontakt; fallback ID_Okres → 08_MAPA_OKRES_OPK → 07_KONTAKTY_OPK,,,,,,Áno,2. kontakt / koordinačný fallback,"Ak sa nepodarilo spojiť s poľovným hospodárom ani OPK, zobrazte dobrovoľníkov Zverolinky iba na koordináciu a interné preverenie; nevyzývajte na manipuláciu so zverou.",Nie,,,,,,,,,"Polícia (pri zrážke alebo podozrení na úmyselné zranenie)
Poľovný hospodár / užívateľ poľovného revíru
Príslušná OPK
Dobrovoľník Zverolinky – koordinácia
Zverolinka po internom preverení
Iná osoba","Na čísle 158 mi nezdvihli alebo polícia neposkytla ďalší postup (vetva zrážka)
Poľovný hospodár / užívateľ revíru nebol dostupný alebo nemohol prísť
Príslušná OPK nebola dostupná
OPK nevedela sprostredkovať kontakt alebo pomoc
Dobrovoľníci neboli k dispozícii
Zviera sa premiestnilo, utieklo alebo sa skrylo
Zviera bolo nebezpečné alebo manipulácia nebola bezpečná
Zviera na mieste uhynulo
Situáciu vyriešil niekto iný
Iné",,FLOW-ZR-ZVER,FLOW PRIPRAVENÝ; POTVRDIŤ PREVÁDZKOVÚ SPOLUPRÁCU OPK A PRIAME KONTAKTY.
ZRZAT-172,Zatúlané,"Exotické, uniknuté alebo nepôvodné zvieratá",,Norka,,,,,,,,,,,,,,,,,,,,,,,,,,,,,,,,,,,,
ZRZAT-173,Zranené,"Exotické, uniknuté alebo nepôvodné zvieratá",,Papagáj,Druh – používa FLOW-ZR-EXOTIC,"Má poranené alebo ovisnuté krídlo / nevie lietať
Krváca alebo má otvorenú ranu
Má poranenú nohu / nevie stáť
Má sťažené dýchanie
Je apatický, v bezvedomí, má kŕče alebo reaguje nezvyčajne
Je uviaznutý, zakliesnený alebo zamotaný
Podozrenie na otravu alebo popálenie
Napadlo ho iné zviera
Videl/a som alebo mám dôvodné podozrenie, že zviera úmyselne zranil človek (napr. bitím, postrelením alebo pascou)
Neviem
Iné","Áno
Nie
Neviem","Áno
Nie
Neviem",Iné → rozbaliť W09b,Stručne popíšte iné zranenie alebo stav zvieraťa.,W14,"• Papagája nenaháňajte a nechytajte za krídla ani chvost.
• Nekŕmte ho nasilu a nestláčajte mu hrudník.","• Znížte hluk a pohyb v okolí, aby sa neplašil.",W15 – obec / mesto alebo schválená osoba na odchyt,Zavolajte obci alebo mestu,"Obec je povinná prevziať túlavé zviera nájdené na území obce od nálezcu a umiestniť ho v karanténnej stanici alebo útulku pre zvieratá.

Oznámte presnú polohu, druh a stav zvieraťa a či ohrozuje premávku alebo ľudí.",Áno – podľa obce z W03a/W03b,KONTAKTY_OBCE_ODCHYT – obec → schválená osoba; po odchyte interná väzba na RVPS pri ne-spoločenskom zvierati,W18 – veterinár pre exotické zvieratá / partnerská klinika,Môžete zavolať na veterinárnu kliniku,"Najprv telefonicky overte prijatie zvieraťa, odbornosť pre daný druh a bezpečný spôsob prevozu.",Áno – podľa druhu a lokality,KONTAKTY_VET_EXOTY – druh + okres/kraj + dostupnosť,Áno,3. kontakt,"Ak nepomohla obec ani veterinár, zobrazte dobrovoľníkov so skúsenosťou s daným druhom.",Áno – iba ak nejde o nebezpečný druh a existuje dlhý návod,Pokračujte iba podľa podrobného návodu pre presne určený druh.,,,,,,,,"Obec / mesto alebo osoba schválená na odchyt
Veterinár pre exotické zvieratá
Dobrovoľník Zverolinky
112 / polícia pri nebezpečnom zvierati
Iná odborná osoba","Obec/mesto alebo zmluvný odchyt nezdvihli
Obec/mesto alebo zmluvný odchyt odmietli pomôcť
Veterinár pre exotické zvieratá nebol dostupný alebo zviera neprijal
Dobrovoľníci so skúsenosťou s druhom neboli k dispozícii
Druh sa nepodarilo bezpečne určiť
Zviera sa premiestnilo alebo utieklo
Manipulácia nebola bezpečná
Zviera na mieste uhynulo
Iné",,FLOW-ZR-EXOTIC,FLOW PRIPRAVENÝ; DOPLNIŤ DATABÁZU OBCÍ/ODCHYTOV A EXOTICKÝCH VETERÍN.
ZRZAT-174,Zatúlané,"Exotické, uniknuté alebo nepôvodné zvieratá",,Papagáj,,,,,,,,,,,,,,,,,,,,,,,,,,,,,,,,,,,,
ZRZAT-175,Zranené,"Exotické, uniknuté alebo nepôvodné zvieratá",,Exotický had,Druh – používa FLOW-ZR-EXOTIC,"Had je alebo môže byť jedovatý / neviem, či je jedovatý
Je pritlačený/á, rozdrvený/á alebo má viditeľné poranenie tela
Krváca alebo má otvorenú ranu
Nevie sa pohybovať / reaguje nezvyčajne
Je po zrážke s vozidlom alebo po páde
Je uviaznutý/á, zakliesnený/á alebo zamotaný/á
Podozrenie na popálenie, otravu alebo výrazné podchladenie
Videl/a som alebo mám dôvodné podozrenie, že zviera úmyselne zranil človek (napr. bitím, postrelením alebo pascou)
Neviem
Iné","Áno
Nie
Neviem","Áno
Nie
Neviem",Iné → rozbaliť W09b,Stručne popíšte iné zranenie alebo stav zvieraťa.,W13,"• Exotického hada nechytajte, ak neviete bezpečne určiť druh.
• Pri podozrení na jedovatý druh sa k nemu nepribližujte.",,W15 – obec / mesto alebo schválená osoba na odchyt,Zavolajte obci alebo mestu,"Obec je povinná prevziať túlavé zviera nájdené na území obce od nálezcu a umiestniť ho v karanténnej stanici alebo útulku pre zvieratá.

Oznámte presnú polohu, druh a stav zvieraťa a či ohrozuje premávku alebo ľudí.",Áno – podľa obce z W03a/W03b,KONTAKTY_OBCE_ODCHYT – obec → schválená osoba; po odchyte interná väzba na RVPS pri ne-spoločenskom zvierati,W18 – veterinár pre exotické zvieratá / partnerská klinika,,,,,,2. kontakt,"Ak nepomohla obec, zobrazte dobrovoľníkov so skúsenosťou s daným druhom.",Áno – iba ak nejde o nebezpečný druh a existuje dlhý návod,Pokračujte iba podľa podrobného návodu pre presne určený druh.,,,,,,,,"Obec / mesto alebo osoba schválená na odchyt
Veterinár pre exotické zvieratá
Dobrovoľník Zverolinky
112 / polícia pri nebezpečnom zvierati
Iná odborná osoba","Obec/mesto alebo zmluvný odchyt nezdvihli
Obec/mesto alebo zmluvný odchyt odmietli pomôcť
Veterinár pre exotické zvieratá nebol dostupný alebo zviera neprijal
Dobrovoľníci so skúsenosťou s druhom neboli k dispozícii
Druh sa nepodarilo bezpečne určiť
Zviera sa premiestnilo alebo utieklo
Manipulácia nebola bezpečná
Zviera na mieste uhynulo
Iné",,FLOW-ZR-EXOTIC,FLOW PRIPRAVENÝ; DOPLNIŤ DATABÁZU OBCÍ/ODCHYTOV A EXOTICKÝCH VETERÍN.
ZRZAT-176,Zatúlané,"Exotické, uniknuté alebo nepôvodné zvieratá",,Exotický had,,,,,,,,,,,,,,,,,,,,,,,,,,,,,,,,,,,,
ZRZAT-177,Zranené,"Exotické, uniknuté alebo nepôvodné zvieratá",,Exotická jašterica,Druh – používa FLOW-ZR-EXOTIC,"Zviera je veľké, agresívne alebo môže byť jedovaté
Je pritlačený/á, rozdrvený/á alebo má viditeľné poranenie tela
Krváca alebo má otvorenú ranu
Nevie sa pohybovať / reaguje nezvyčajne
Je po zrážke s vozidlom alebo po páde
Je uviaznutý/á, zakliesnený/á alebo zamotaný/á
Podozrenie na popálenie, otravu alebo výrazné podchladenie
Videl/a som alebo mám dôvodné podozrenie, že zviera úmyselne zranil človek (napr. bitím, postrelením alebo pascou)
Neviem
Iné","Áno
Nie
Neviem","Áno
Nie
Neviem",Iné → rozbaliť W09b,Stručne popíšte iné zranenie alebo stav zvieraťa.,W13,"• Exotickú jaštericu nechytajte za chvost.
• Veľké alebo neznáme druhy nechytajte holými rukami.",,W15 – obec / mesto alebo schválená osoba na odchyt,Zavolajte obci alebo mestu,"Obec je povinná prevziať túlavé zviera nájdené na území obce od nálezcu a umiestniť ho v karanténnej stanici alebo útulku pre zvieratá.

Oznámte presnú polohu, druh a stav zvieraťa a či ohrozuje premávku alebo ľudí.",Áno – podľa obce z W03a/W03b,KONTAKTY_OBCE_ODCHYT – obec → schválená osoba; po odchyte interná väzba na RVPS pri ne-spoločenskom zvierati,W18 – veterinár pre exotické zvieratá / partnerská klinika,Môžete zavolať na veterinárnu kliniku,"Najprv telefonicky overte prijatie zvieraťa, odbornosť pre daný druh a bezpečný spôsob prevozu.",Áno – podľa druhu a lokality,KONTAKTY_VET_EXOTY – druh + okres/kraj + dostupnosť,Áno,3. kontakt,"Ak nepomohla obec ani veterinár, zobrazte dobrovoľníkov so skúsenosťou s daným druhom.",Áno – iba ak nejde o nebezpečný druh a existuje dlhý návod,Pokračujte iba podľa podrobného návodu pre presne určený druh.,,,,,,,,"Obec / mesto alebo osoba schválená na odchyt
Veterinár pre exotické zvieratá
Dobrovoľník Zverolinky
112 / polícia pri nebezpečnom zvierati
Iná odborná osoba","Obec/mesto alebo zmluvný odchyt nezdvihli
Obec/mesto alebo zmluvný odchyt odmietli pomôcť
Veterinár pre exotické zvieratá nebol dostupný alebo zviera neprijal
Dobrovoľníci so skúsenosťou s druhom neboli k dispozícii
Druh sa nepodarilo bezpečne určiť
Zviera sa premiestnilo alebo utieklo
Manipulácia nebola bezpečná
Zviera na mieste uhynulo
Iné",,FLOW-ZR-EXOTIC,FLOW PRIPRAVENÝ; DOPLNIŤ DATABÁZU OBCÍ/ODCHYTOV A EXOTICKÝCH VETERÍN.
ZRZAT-178,Zatúlané,"Exotické, uniknuté alebo nepôvodné zvieratá",,Exotická jašterica,,,,,,,,,,,,,,,,,,,,,,,,,,,,,,,,,,,,
ZRZAT-179,Zranené,"Exotické, uniknuté alebo nepôvodné zvieratá",,Klokan,Druh – používa FLOW-ZR-EXOTIC,"Zviera je voľne mimo zabezpečeného priestoru a môže ohroziť premávku
Je zranené po zrážke s vozidlom
Krváca alebo má otvorenú ranu
Má poranenú končatinu, výrazne kríva alebo nevie stáť
Má sťažené dýchanie
Je apatické, v bezvedomí, má kŕče alebo reaguje nezvyčajne
Podozrenie na otravu alebo popálenie
Napadlo ho iné zviera
Je uviaznuté, zakliesnené alebo zamotané
Videl/a som alebo mám dôvodné podozrenie, že zviera úmyselne zranil človek (napr. bitím, postrelením alebo pascou)
Neviem
Iné","Áno
Nie
Neviem","Áno
Nie
Neviem",Iné → rozbaliť W09b,Stručne popíšte iné zranenie alebo stav zvieraťa.,W13,"• Klokana nechytajte, nenaháňajte a nepribližujte sa so psom.
• Nepokúšajte sa ho zadržať vlastným telom.",,W15 – obec / mesto alebo schválená osoba na odchyt,Zavolajte obci alebo mestu,"Obec je povinná prevziať túlavé zviera nájdené na území obce od nálezcu a umiestniť ho v karanténnej stanici alebo útulku pre zvieratá.

Oznámte presnú polohu, druh a stav zvieraťa a či ohrozuje premávku alebo ľudí.",Áno – podľa obce z W03a/W03b,KONTAKTY_OBCE_ODCHYT – obec → schválená osoba; po odchyte interná väzba na RVPS pri ne-spoločenskom zvierati,W18 – veterinár pre exotické zvieratá / partnerská klinika,Môžete zavolať na veterinárnu kliniku,"Najprv telefonicky overte prijatie zvieraťa, odbornosť pre daný druh a bezpečný spôsob prevozu.",Áno – podľa druhu a lokality,KONTAKTY_VET_EXOTY – druh + okres/kraj + dostupnosť,Áno,3. kontakt,"Ak nepomohla obec ani veterinár, zobrazte dobrovoľníkov so skúsenosťou s daným druhom.",Áno – iba ak nejde o nebezpečný druh a existuje dlhý návod,Pokračujte iba podľa podrobného návodu pre presne určený druh.,,,,,,,,"Obec / mesto alebo osoba schválená na odchyt
Veterinár pre exotické zvieratá
Dobrovoľník Zverolinky
112 / polícia pri nebezpečnom zvierati
Iná odborná osoba","Obec/mesto alebo zmluvný odchyt nezdvihli
Obec/mesto alebo zmluvný odchyt odmietli pomôcť
Veterinár pre exotické zvieratá nebol dostupný alebo zviera neprijal
Dobrovoľníci so skúsenosťou s druhom neboli k dispozícii
Druh sa nepodarilo bezpečne určiť
Zviera sa premiestnilo alebo utieklo
Manipulácia nebola bezpečná
Zviera na mieste uhynulo
Iné",,FLOW-ZR-EXOTIC,FLOW PRIPRAVENÝ; DOPLNIŤ DATABÁZU OBCÍ/ODCHYTOV A EXOTICKÝCH VETERÍN.
ZRZAT-180,Zatúlané,"Exotické, uniknuté alebo nepôvodné zvieratá",,Klokan,,,,,,,,,,,,,,,,,,,,,,,,,,,,,,,,,,,,
ZRZAT-181,Zranené,"Exotické, uniknuté alebo nepôvodné zvieratá",,Tiger,Druh – používa FLOW-ZR-EXOTIC-NEBEZPECNE,"Zviera je voľne mimo zabezpečeného priestoru
Zviera je zranené alebo krváca
Zviera je agresívne alebo reaguje nepredvídateľne
Zviera bezprostredne ohrozuje ľudí, iné zvieratá alebo premávku
Videl/a som alebo mám dôvodné podozrenie, že zviera úmyselne zranil človek (napr. bitím, postrelením alebo pascou)
Neviem
Iné","Áno
Nie
Neviem","Áno
Nie
Neviem",Iné → rozbaliť W09b,Stručne popíšte iné zranenie alebo stav zvieraťa.,,,,W20 – 112 / Polícia,Zavolajte na 112,"Nepribližujte sa. Okamžite volajte 112 a povedzte presnú polohu, že ide o voľne sa pohybujúceho tigra, či je zranený a kam sa pohybuje. Postupujte podľa pokynov operátora a varujte ľudí iba z bezpečnej vzdialenosti.",,,,,,,,Nie – dobrovoľníkov neposielať k zvieraťu,,,Nie,,,,,,,,,"112 / záchranná zložka
Polícia
Majiteľ alebo prevádzkovateľ chovu cez záchranné zložky
Iný príslušný orgán","Na čísle 112 mi nezdvihli alebo som spojenie prerušil/a
Záchranná zložka nevedela zviera lokalizovať
Zviera sa premiestnilo alebo zmizlo z dohľadu
Situáciu vyriešil príslušný orgán alebo chovateľ
Iné",,FLOW-ZR-EXOTIC-NEBEZPECNE,FLOW PRIPRAVENÝ; POTVRDIŤ FINÁLNE EMERGENCY COPY SO 112/POLÍCIOU. KRÁTKE POUČENIE CHÝBA.
ZRZAT-182,Zatúlané,"Exotické, uniknuté alebo nepôvodné zvieratá",,Tiger,,,,,,,,,,,,,,,,,,,,,,,,,,,,,,,,,,,,
ZRZAT-183,Zranené,Voľne žijúce cicavce,Lesná a poľná zver,Srnka,Druh – používa FLOW-ZR-ZVER,"Došlo k zrážke s mojím vozidlom
Našiel/našla som ho po zrážke s iným vozidlom alebo pri ceste
Krváca alebo má otvorenú ranu
Má poranenú končatinu / nevie vstať alebo sa pohybovať
Je uviaznuté v plote, pasci, sieti alebo inom predmete
Je zjavne postrelené alebo poranené pascou
Podozrenie na otravu
Je apatické, dezorientované alebo reaguje nezvyčajne
Videl/a som alebo mám dôvodné podozrenie, že zviera úmyselne zranil človek (napr. bitím, postrelením alebo pascou)
Neviem
Iné","Áno
Nie
Neviem","Áno
Nie
Neviem",Iné → rozbaliť W09b,Stručne popíšte iné zranenie alebo stav zvieraťa.,W14,"• Srnčie mláďa ticho ležiace v tráve neberte domov a nedotýkajte sa ho.
• Nepúšťajte k nemu psa a nekŕmte ho.","• Ak nie je viditeľne zranené, vzdiaľte sa od neho.
• Držte psy, deti a ľudí ďalej od miesta.",W15 – poľovný hospodár (ak schválený kontakt) / príslušná OPK,Zavolajte poľovnému hospodárovi alebo príslušnej OPK,"Podľa GPS zobrazte názov poľovného revíru a priamy kontakt na poľovného hospodára, iba ak je v schválenej databáze. Inak zobrazte príslušnú OPK ako koordinačný kontakt. Používateľ oznámi presnú polohu, názov alebo blízkosť revíru, druh zvieraťa, či žije a či ohrozuje premávku.",Áno – GPS → ID_Revir/ID_Okres,NLC ArcGIS ID_Revir → schválený priamy kontakt; fallback ID_Okres → 08_MAPA_OKRES_OPK → 07_KONTAKTY_OPK,,,,,,Áno,2. kontakt / koordinačný fallback,"Ak sa nepodarilo spojiť s poľovným hospodárom ani OPK, zobrazte dobrovoľníkov Zverolinky iba na koordináciu a interné preverenie; nevyzývajte na manipuláciu so zverou.",Nie,,,,,,,,,"Polícia (pri zrážke alebo podozrení na úmyselné zranenie)
Poľovný hospodár / užívateľ poľovného revíru
Príslušná OPK
Dobrovoľník Zverolinky – koordinácia
Zverolinka po internom preverení
Iná osoba","Na čísle 158 mi nezdvihli alebo polícia neposkytla ďalší postup (vetva zrážka)
Poľovný hospodár / užívateľ revíru nebol dostupný alebo nemohol prísť
Príslušná OPK nebola dostupná
OPK nevedela sprostredkovať kontakt alebo pomoc
Dobrovoľníci neboli k dispozícii
Zviera sa premiestnilo, utieklo alebo sa skrylo
Zviera bolo nebezpečné alebo manipulácia nebola bezpečná
Zviera na mieste uhynulo
Situáciu vyriešil niekto iný
Iné",,FLOW-ZR-ZVER,FLOW PRIPRAVENÝ; POTVRDIŤ PREVÁDZKOVÚ SPOLUPRÁCU OPK A PRIAME KONTAKTY.
ZRZAT-184,Zatúlané,Voľne žijúce cicavce,Lesná a poľná zver,Srnka,,,,,,,,,,,,,,,,,,,,,,,,,,,,,,,,,,,,
ZRZAT-185,Zranené,Voľne žijúce cicavce,Lesná a poľná zver,Jeleň,Druh – používa FLOW-ZR-ZVER,"Došlo k zrážke s mojím vozidlom
Našiel/našla som ho po zrážke s iným vozidlom alebo pri ceste
Krváca alebo má otvorenú ranu
Má poranenú končatinu / nevie vstať alebo sa pohybovať
Je uviaznuté v plote, pasci, sieti alebo inom predmete
Je zjavne postrelené alebo poranené pascou
Podozrenie na otravu
Je apatické, dezorientované alebo reaguje nezvyčajne
Videl/a som alebo mám dôvodné podozrenie, že zviera úmyselne zranil človek (napr. bitím, postrelením alebo pascou)
Neviem
Iné","Áno
Nie
Neviem","Áno
Nie
Neviem",Iné → rozbaliť W09b,Stručne popíšte iné zranenie alebo stav zvieraťa.,W14,"• K jeleňovi sa nepribližujte, najmä ak je zranený, v ruji alebo pri ceste.
• Nepokúšajte sa ho zahnať, chytiť ani kŕmiť.","• Udržte bezpečný odstup a neplašte ho.
• Držte ľudí, deti a psy mimo dosahu.",W15 – poľovný hospodár (ak schválený kontakt) / príslušná OPK,Zavolajte poľovnému hospodárovi alebo príslušnej OPK,"Podľa GPS zobrazte názov poľovného revíru a priamy kontakt na poľovného hospodára, iba ak je v schválenej databáze. Inak zobrazte príslušnú OPK ako koordinačný kontakt. Používateľ oznámi presnú polohu, názov alebo blízkosť revíru, druh zvieraťa, či žije a či ohrozuje premávku.",Áno – GPS → ID_Revir/ID_Okres,NLC ArcGIS ID_Revir → schválený priamy kontakt; fallback ID_Okres → 08_MAPA_OKRES_OPK → 07_KONTAKTY_OPK,,,,,,Áno,2. kontakt / koordinačný fallback,"Ak sa nepodarilo spojiť s poľovným hospodárom ani OPK, zobrazte dobrovoľníkov Zverolinky iba na koordináciu a interné preverenie; nevyzývajte na manipuláciu so zverou.",Nie,,,,,,,,,"Polícia (pri zrážke alebo podozrení na úmyselné zranenie)
Poľovný hospodár / užívateľ poľovného revíru
Príslušná OPK
Dobrovoľník Zverolinky – koordinácia
Zverolinka po internom preverení
Iná osoba","Na čísle 158 mi nezdvihli alebo polícia neposkytla ďalší postup (vetva zrážka)
Poľovný hospodár / užívateľ revíru nebol dostupný alebo nemohol prísť
Príslušná OPK nebola dostupná
OPK nevedela sprostredkovať kontakt alebo pomoc
Dobrovoľníci neboli k dispozícii
Zviera sa premiestnilo, utieklo alebo sa skrylo
Zviera bolo nebezpečné alebo manipulácia nebola bezpečná
Zviera na mieste uhynulo
Situáciu vyriešil niekto iný
Iné",,FLOW-ZR-ZVER,FLOW PRIPRAVENÝ; POTVRDIŤ PREVÁDZKOVÚ SPOLUPRÁCU OPK A PRIAME KONTAKTY.
ZRZAT-186,Zatúlané,Voľne žijúce cicavce,Lesná a poľná zver,Jeleň,,,,,,,,,,,,,,,,,,,,,,,,,,,,,,,,,,,,
ZRZAT-187,Zranené,Voľne žijúce cicavce,Lesná a poľná zver,Daniel,Druh – používa FLOW-ZR-ZVER,"Došlo k zrážke s mojím vozidlom
Našiel/našla som ho po zrážke s iným vozidlom alebo pri ceste
Krváca alebo má otvorenú ranu
Má poranenú končatinu / nevie vstať alebo sa pohybovať
Je uviaznuté v plote, pasci, sieti alebo inom predmete
Je zjavne postrelené alebo poranené pascou
Podozrenie na otravu
Je apatické, dezorientované alebo reaguje nezvyčajne
Videl/a som alebo mám dôvodné podozrenie, že zviera úmyselne zranil človek (napr. bitím, postrelením alebo pascou)
Neviem
Iné","Áno
Nie
Neviem","Áno
Nie
Neviem",Iné → rozbaliť W09b,Stručne popíšte iné zranenie alebo stav zvieraťa.,W14,"• K danielovi sa nepribližujte a nesnažte sa ho zahnať do úzkych priestorov.
• Nepokúšajte sa ho chytiť ani kŕmiť.","• Udržte bezpečný odstup a neplašte ho.
• Držte ľudí, deti a psy mimo dosahu.",W15 – poľovný hospodár (ak schválený kontakt) / príslušná OPK,Zavolajte poľovnému hospodárovi alebo príslušnej OPK,"Podľa GPS zobrazte názov poľovného revíru a priamy kontakt na poľovného hospodára, iba ak je v schválenej databáze. Inak zobrazte príslušnú OPK ako koordinačný kontakt. Používateľ oznámi presnú polohu, názov alebo blízkosť revíru, druh zvieraťa, či žije a či ohrozuje premávku.",Áno – GPS → ID_Revir/ID_Okres,NLC ArcGIS ID_Revir → schválený priamy kontakt; fallback ID_Okres → 08_MAPA_OKRES_OPK → 07_KONTAKTY_OPK,,,,,,Áno,2. kontakt / koordinačný fallback,"Ak sa nepodarilo spojiť s poľovným hospodárom ani OPK, zobrazte dobrovoľníkov Zverolinky iba na koordináciu a interné preverenie; nevyzývajte na manipuláciu so zverou.",Nie,,,,,,,,,"Polícia (pri zrážke alebo podozrení na úmyselné zranenie)
Poľovný hospodár / užívateľ poľovného revíru
Príslušná OPK
Dobrovoľník Zverolinky – koordinácia
Zverolinka po internom preverení
Iná osoba","Na čísle 158 mi nezdvihli alebo polícia neposkytla ďalší postup (vetva zrážka)
Poľovný hospodár / užívateľ revíru nebol dostupný alebo nemohol prísť
Príslušná OPK nebola dostupná
OPK nevedela sprostredkovať kontakt alebo pomoc
Dobrovoľníci neboli k dispozícii
Zviera sa premiestnilo, utieklo alebo sa skrylo
Zviera bolo nebezpečné alebo manipulácia nebola bezpečná
Zviera na mieste uhynulo
Situáciu vyriešil niekto iný
Iné",,FLOW-ZR-ZVER,FLOW PRIPRAVENÝ; POTVRDIŤ PREVÁDZKOVÚ SPOLUPRÁCU OPK A PRIAME KONTAKTY.
ZRZAT-188,Zatúlané,Voľne žijúce cicavce,Lesná a poľná zver,Daniel,,,,,,,,,,,,,,,,,,,,,,,,,,,,,,,,,,,,
ZRZAT-189,Zranené,Voľne žijúce cicavce,Lesná a poľná zver,Muflón,Druh – používa FLOW-ZR-ZVER,"Došlo k zrážke s mojím vozidlom
Našiel/našla som ho po zrážke s iným vozidlom alebo pri ceste
Krváca alebo má otvorenú ranu
Má poranenú končatinu / nevie vstať alebo sa pohybovať
Je uviaznuté v plote, pasci, sieti alebo inom predmete
Je zjavne postrelené alebo poranené pascou
Podozrenie na otravu
Je apatické, dezorientované alebo reaguje nezvyčajne
Videl/a som alebo mám dôvodné podozrenie, že zviera úmyselne zranil človek (napr. bitím, postrelením alebo pascou)
Neviem
Iné","Áno
Nie
Neviem","Áno
Nie
Neviem",Iné → rozbaliť W09b,Stručne popíšte iné zranenie alebo stav zvieraťa.,W14,"• K muflónovi sa nepribližujte, nenaháňajte ho a nepokúšajte sa ho chytiť.
• Nekŕmte ho a nepúšťajte k nemu psy.","• Udržte bezpečný odstup a neplašte ho.
• Držte ľudí, deti a psy mimo dosahu.",W15 – poľovný hospodár (ak schválený kontakt) / príslušná OPK,Zavolajte poľovnému hospodárovi alebo príslušnej OPK,"Podľa GPS zobrazte názov poľovného revíru a priamy kontakt na poľovného hospodára, iba ak je v schválenej databáze. Inak zobrazte príslušnú OPK ako koordinačný kontakt. Používateľ oznámi presnú polohu, názov alebo blízkosť revíru, druh zvieraťa, či žije a či ohrozuje premávku.",Áno – GPS → ID_Revir/ID_Okres,NLC ArcGIS ID_Revir → schválený priamy kontakt; fallback ID_Okres → 08_MAPA_OKRES_OPK → 07_KONTAKTY_OPK,,,,,,Áno,2. kontakt / koordinačný fallback,"Ak sa nepodarilo spojiť s poľovným hospodárom ani OPK, zobrazte dobrovoľníkov Zverolinky iba na koordináciu a interné preverenie; nevyzývajte na manipuláciu so zverou.",Nie,,,,,,,,,"Polícia (pri zrážke alebo podozrení na úmyselné zranenie)
Poľovný hospodár / užívateľ poľovného revíru
Príslušná OPK
Dobrovoľník Zverolinky – koordinácia
Zverolinka po internom preverení
Iná osoba","Na čísle 158 mi nezdvihli alebo polícia neposkytla ďalší postup (vetva zrážka)
Poľovný hospodár / užívateľ revíru nebol dostupný alebo nemohol prísť
Príslušná OPK nebola dostupná
OPK nevedela sprostredkovať kontakt alebo pomoc
Dobrovoľníci neboli k dispozícii
Zviera sa premiestnilo, utieklo alebo sa skrylo
Zviera bolo nebezpečné alebo manipulácia nebola bezpečná
Zviera na mieste uhynulo
Situáciu vyriešil niekto iný
Iné",,FLOW-ZR-ZVER,FLOW PRIPRAVENÝ; POTVRDIŤ PREVÁDZKOVÚ SPOLUPRÁCU OPK A PRIAME KONTAKTY.
ZRZAT-190,Zatúlané,Voľne žijúce cicavce,Lesná a poľná zver,Muflón,,,,,,,,,,,,,,,,,,,,,,,,,,,,,,,,,,,,
ZRZAT-191,Zranené,Voľne žijúce cicavce,Lesná a poľná zver,Diviak,Druh – používa FLOW-ZR-ZVER,"Došlo k zrážke s mojím vozidlom
Našiel/našla som ho po zrážke s iným vozidlom alebo pri ceste
Krváca alebo má otvorenú ranu
Má poranenú končatinu / nevie vstať alebo sa pohybovať
Je uviaznuté v plote, pasci, sieti alebo inom predmete
Je zjavne postrelené alebo poranené pascou
Podozrenie na otravu
Je apatické, dezorientované alebo reaguje nezvyčajne
Videl/a som alebo mám dôvodné podozrenie, že zviera úmyselne zranil človek (napr. bitím, postrelením alebo pascou)
Neviem
Iné","Áno
Nie
Neviem","Áno
Nie
Neviem",Iné → rozbaliť W09b,Stručne popíšte iné zranenie alebo stav zvieraťa.,W14,"• K diviakovi sa nepribližujte, najmä ak ide o bachyňu s mláďatami alebo zranené zviera.
• Nepúšťajte k nemu psa a nesnažte sa ho zahnať.","• Pomaly zväčšite odstup a nechajte mu únikovú cestu.
• Držte ľudí, deti a psy mimo dosahu.",W15 – poľovný hospodár (ak schválený kontakt) / príslušná OPK,Zavolajte poľovnému hospodárovi alebo príslušnej OPK,"Podľa GPS zobrazte názov poľovného revíru a priamy kontakt na poľovného hospodára, iba ak je v schválenej databáze. Inak zobrazte príslušnú OPK ako koordinačný kontakt. Používateľ oznámi presnú polohu, názov alebo blízkosť revíru, druh zvieraťa, či žije a či ohrozuje premávku.",Áno – GPS → ID_Revir/ID_Okres,NLC ArcGIS ID_Revir → schválený priamy kontakt; fallback ID_Okres → 08_MAPA_OKRES_OPK → 07_KONTAKTY_OPK,,,,,,Áno,2. kontakt / koordinačný fallback,"Ak sa nepodarilo spojiť s poľovným hospodárom ani OPK, zobrazte dobrovoľníkov Zverolinky iba na koordináciu a interné preverenie; nevyzývajte na manipuláciu so zverou.",Nie,,,,,,,,,"Polícia (pri zrážke alebo podozrení na úmyselné zranenie)
Poľovný hospodár / užívateľ poľovného revíru
Príslušná OPK
Dobrovoľník Zverolinky – koordinácia
Zverolinka po internom preverení
Iná osoba","Na čísle 158 mi nezdvihli alebo polícia neposkytla ďalší postup (vetva zrážka)
Poľovný hospodár / užívateľ revíru nebol dostupný alebo nemohol prísť
Príslušná OPK nebola dostupná
OPK nevedela sprostredkovať kontakt alebo pomoc
Dobrovoľníci neboli k dispozícii
Zviera sa premiestnilo, utieklo alebo sa skrylo
Zviera bolo nebezpečné alebo manipulácia nebola bezpečná
Zviera na mieste uhynulo
Situáciu vyriešil niekto iný
Iné",,FLOW-ZR-ZVER,FLOW PRIPRAVENÝ; POTVRDIŤ PREVÁDZKOVÚ SPOLUPRÁCU OPK A PRIAME KONTAKTY.
ZRZAT-192,Zatúlané,Voľne žijúce cicavce,Lesná a poľná zver,Diviak,,,,,,,,,,,,,,,,,,,,,,,,,,,,,,,,,,,,
ZRZAT-193,Zranené,Voľne žijúce cicavce,Lesná a poľná zver,Zajac,Druh – používa FLOW-ZR-ZVER,"Došlo k zrážke s mojím vozidlom
Našiel/našla som ho po zrážke s iným vozidlom alebo pri ceste
Krváca alebo má otvorenú ranu
Má poranenú končatinu / nevie vstať alebo sa pohybovať
Je uviaznuté v plote, pasci, sieti alebo inom predmete
Je zjavne postrelené alebo poranené pascou
Podozrenie na otravu
Je apatické, dezorientované alebo reaguje nezvyčajne
Videl/a som alebo mám dôvodné podozrenie, že zviera úmyselne zranil človek (napr. bitím, postrelením alebo pascou)
Neviem
Iné","Áno
Nie
Neviem","Áno
Nie
Neviem",Iné → rozbaliť W09b,Stručne popíšte iné zranenie alebo stav zvieraťa.,W14,"• Zajačie mláďa neodnášajte len preto, že je samo.
• Nedotýkajte sa ho holými rukami a nekŕmte ho.","• Ak nie je zranené ani priamo ohrozené, nechajte ho na mieste a vzdiaľte sa.
• Držte psy, mačky a deti ďalej.",W15 – poľovný hospodár (ak schválený kontakt) / príslušná OPK,Zavolajte poľovnému hospodárovi alebo príslušnej OPK,"Podľa GPS zobrazte názov poľovného revíru a priamy kontakt na poľovného hospodára, iba ak je v schválenej databáze. Inak zobrazte príslušnú OPK ako koordinačný kontakt. Používateľ oznámi presnú polohu, názov alebo blízkosť revíru, druh zvieraťa, či žije a či ohrozuje premávku.",Áno – GPS → ID_Revir/ID_Okres,NLC ArcGIS ID_Revir → schválený priamy kontakt; fallback ID_Okres → 08_MAPA_OKRES_OPK → 07_KONTAKTY_OPK,,,,,,Áno,2. kontakt / koordinačný fallback,"Ak sa nepodarilo spojiť s poľovným hospodárom ani OPK, zobrazte dobrovoľníkov Zverolinky iba na koordináciu a interné preverenie; nevyzývajte na manipuláciu so zverou.",Nie,,,,,,,,,"Polícia (pri zrážke alebo podozrení na úmyselné zranenie)
Poľovný hospodár / užívateľ poľovného revíru
Príslušná OPK
Dobrovoľník Zverolinky – koordinácia
Zverolinka po internom preverení
Iná osoba","Na čísle 158 mi nezdvihli alebo polícia neposkytla ďalší postup (vetva zrážka)
Poľovný hospodár / užívateľ revíru nebol dostupný alebo nemohol prísť
Príslušná OPK nebola dostupná
OPK nevedela sprostredkovať kontakt alebo pomoc
Dobrovoľníci neboli k dispozícii
Zviera sa premiestnilo, utieklo alebo sa skrylo
Zviera bolo nebezpečné alebo manipulácia nebola bezpečná
Zviera na mieste uhynulo
Situáciu vyriešil niekto iný
Iné",,FLOW-ZR-ZVER,FLOW PRIPRAVENÝ; POTVRDIŤ PREVÁDZKOVÚ SPOLUPRÁCU OPK A PRIAME KONTAKTY.
ZRZAT-194,Zatúlané,Voľne žijúce cicavce,Lesná a poľná zver,Zajac,,,,,,,,,,,,,,,,,,,,,,,,,,,,,,,,,,,,
ZRZAT-195,Zranené,Voľne žijúce cicavce,Lesná a poľná zver,Líška,Druh – používa FLOW-ZR-ZVER,"Došlo k zrážke s mojím vozidlom
Našiel/našla som ho po zrážke s iným vozidlom alebo pri ceste
Krváca alebo má otvorenú ranu
Má poranenú končatinu / nevie vstať alebo sa pohybovať
Je uviaznuté v plote, pasci, sieti alebo inom predmete
Je zjavne postrelené alebo poranené pascou
Podozrenie na otravu
Je apatické, dezorientované alebo reaguje nezvyčajne
Je nezvyčajne agresívne, stráca plachosť alebo má neurologické príznaky
Videl/a som alebo mám dôvodné podozrenie, že zviera úmyselne zranil človek (napr. bitím, postrelením alebo pascou)
Neviem
Iné","Áno
Nie
Neviem","Áno
Nie
Neviem",Iné → rozbaliť W09b,Stručne popíšte iné zranenie alebo stav zvieraťa.,W14,"• Líšku nechytajte holými rukami a nezaháňajte ju do kúta.
• Nekŕmte ju a nepúšťajte k nej psy.","• Udržte odstup a nechajte jej únikovú cestu.
• Držte deti a domáce zvieratá mimo dosahu.",W15 – poľovný hospodár (ak schválený kontakt) / príslušná OPK,Zavolajte poľovnému hospodárovi alebo príslušnej OPK,"Podľa GPS zobrazte názov poľovného revíru a priamy kontakt na poľovného hospodára, iba ak je v schválenej databáze. Inak zobrazte príslušnú OPK ako koordinačný kontakt. Používateľ oznámi presnú polohu, názov alebo blízkosť revíru, druh zvieraťa, či žije a či ohrozuje premávku.",Áno – GPS → ID_Revir/ID_Okres,NLC ArcGIS ID_Revir → schválený priamy kontakt; fallback ID_Okres → 08_MAPA_OKRES_OPK → 07_KONTAKTY_OPK,,,,,,Áno,2. kontakt / koordinačný fallback,"Ak sa nepodarilo spojiť s poľovným hospodárom ani OPK, zobrazte dobrovoľníkov Zverolinky iba na koordináciu a interné preverenie; nevyzývajte na manipuláciu so zverou.",Nie,,,,,,,,,"Polícia (pri zrážke alebo podozrení na úmyselné zranenie)
Poľovný hospodár / užívateľ poľovného revíru
Príslušná OPK
Dobrovoľník Zverolinky – koordinácia
Zverolinka po internom preverení
Iná osoba","Na čísle 158 mi nezdvihli alebo polícia neposkytla ďalší postup (vetva zrážka)
Poľovný hospodár / užívateľ revíru nebol dostupný alebo nemohol prísť
Príslušná OPK nebola dostupná
OPK nevedela sprostredkovať kontakt alebo pomoc
Dobrovoľníci neboli k dispozícii
Zviera sa premiestnilo, utieklo alebo sa skrylo
Zviera bolo nebezpečné alebo manipulácia nebola bezpečná
Zviera na mieste uhynulo
Situáciu vyriešil niekto iný
Iné",,FLOW-ZR-ZVER,FLOW PRIPRAVENÝ; POTVRDIŤ PREVÁDZKOVÚ SPOLUPRÁCU OPK A PRIAME KONTAKTY.
ZRZAT-196,Zatúlané,Voľne žijúce cicavce,Lesná a poľná zver,Líška,,,,,,,,,,,,,,,,,,,,,,,,,,,,,,,,,,,,
ZRZAT-197,Zranené,Voľne žijúce cicavce,Lesná a poľná zver,Jazvec,Druh – používa FLOW-ZR-ZVER,"Došlo k zrážke s mojím vozidlom
Našiel/našla som ho po zrážke s iným vozidlom alebo pri ceste
Krváca alebo má otvorenú ranu
Má poranenú končatinu / nevie vstať alebo sa pohybovať
Je uviaznuté v plote, pasci, sieti alebo inom predmete
Je zjavne postrelené alebo poranené pascou
Podozrenie na otravu
Je apatické, dezorientované alebo reaguje nezvyčajne
Je nezvyčajne agresívne, stráca plachosť alebo má neurologické príznaky
Videl/a som alebo mám dôvodné podozrenie, že zviera úmyselne zranil človek (napr. bitím, postrelením alebo pascou)
Neviem
Iné","Áno
Nie
Neviem","Áno
Nie
Neviem",Iné → rozbaliť W09b,Stručne popíšte iné zranenie alebo stav zvieraťa.,W14,"• Jazveca nechytajte a nesnažte sa ho vytiahnuť z nory alebo úkrytu.
• Nekŕmte ho a nepúšťajte k nemu psy.","• Udržte odstup a obmedzte rušenie.
• Nechajte mu únikovú cestu.",W15 – poľovný hospodár (ak schválený kontakt) / príslušná OPK,Zavolajte poľovnému hospodárovi alebo príslušnej OPK,"Podľa GPS zobrazte názov poľovného revíru a priamy kontakt na poľovného hospodára, iba ak je v schválenej databáze. Inak zobrazte príslušnú OPK ako koordinačný kontakt. Používateľ oznámi presnú polohu, názov alebo blízkosť revíru, druh zvieraťa, či žije a či ohrozuje premávku.",Áno – GPS → ID_Revir/ID_Okres,NLC ArcGIS ID_Revir → schválený priamy kontakt; fallback ID_Okres → 08_MAPA_OKRES_OPK → 07_KONTAKTY_OPK,,,,,,Áno,2. kontakt / koordinačný fallback,"Ak sa nepodarilo spojiť s poľovným hospodárom ani OPK, zobrazte dobrovoľníkov Zverolinky iba na koordináciu a interné preverenie; nevyzývajte na manipuláciu so zverou.",Nie,,,,,,,,,"Polícia (pri zrážke alebo podozrení na úmyselné zranenie)
Poľovný hospodár / užívateľ poľovného revíru
Príslušná OPK
Dobrovoľník Zverolinky – koordinácia
Zverolinka po internom preverení
Iná osoba","Na čísle 158 mi nezdvihli alebo polícia neposkytla ďalší postup (vetva zrážka)
Poľovný hospodár / užívateľ revíru nebol dostupný alebo nemohol prísť
Príslušná OPK nebola dostupná
OPK nevedela sprostredkovať kontakt alebo pomoc
Dobrovoľníci neboli k dispozícii
Zviera sa premiestnilo, utieklo alebo sa skrylo
Zviera bolo nebezpečné alebo manipulácia nebola bezpečná
Zviera na mieste uhynulo
Situáciu vyriešil niekto iný
Iné",,FLOW-ZR-ZVER,FLOW PRIPRAVENÝ; POTVRDIŤ PREVÁDZKOVÚ SPOLUPRÁCU OPK A PRIAME KONTAKTY.
ZRZAT-198,Zatúlané,Voľne žijúce cicavce,Lesná a poľná zver,Jazvec,,,,,,,,,,,,,,,,,,,,,,,,,,,,,,,,,,,,
ZRZAT-199,Zranené,Voľne žijúce cicavce,Lesná a poľná zver,Kuna,Druh – používa FLOW-ZR-ZVER,"Došlo k zrážke s mojím vozidlom
Našiel/našla som ho po zrážke s iným vozidlom alebo pri ceste
Krváca alebo má otvorenú ranu
Má poranenú končatinu / nevie vstať alebo sa pohybovať
Je uviaznuté v plote, pasci, sieti alebo inom predmete
Je zjavne postrelené alebo poranené pascou
Podozrenie na otravu
Je apatické, dezorientované alebo reaguje nezvyčajne
Je nezvyčajne agresívne, stráca plachosť alebo má neurologické príznaky
Videl/a som alebo mám dôvodné podozrenie, že zviera úmyselne zranil človek (napr. bitím, postrelením alebo pascou)
Neviem
Iné","Áno
Nie
Neviem","Áno
Nie
Neviem",Iné → rozbaliť W09b,Stručne popíšte iné zranenie alebo stav zvieraťa.,W14,"• Kunu nechytajte holými rukami a neuzatvárajte ju bez únikovej možnosti.
• Nekŕmte ju a nepúšťajte k nej psy.","• Udržte odstup a obmedzte prístup detí aj zvierat.
• Nechajte jej únikovú cestu.",,,,,,,,,,,Áno,2. kontakt / koordinačný fallback,"Ak sa nepodarilo spojiť s poľovným hospodárom ani OPK, zobrazte dobrovoľníkov Zverolinky iba na koordináciu a interné preverenie; nevyzývajte na manipuláciu so zverou.",Nie,,,,,,,,,"Polícia (pri zrážke alebo podozrení na úmyselné zranenie)
Poľovný hospodár / užívateľ poľovného revíru
Príslušná OPK
Dobrovoľník Zverolinky – koordinácia
Zverolinka po internom preverení
Iná osoba","Na čísle 158 mi nezdvihli alebo polícia neposkytla ďalší postup (vetva zrážka)
Poľovný hospodár / užívateľ revíru nebol dostupný alebo nemohol prísť
Príslušná OPK nebola dostupná
OPK nevedela sprostredkovať kontakt alebo pomoc
Dobrovoľníci neboli k dispozícii
Zviera sa premiestnilo, utieklo alebo sa skrylo
Zviera bolo nebezpečné alebo manipulácia nebola bezpečná
Zviera na mieste uhynulo
Situáciu vyriešil niekto iný
Iné",,FLOW-ZR-ZVER,FLOW PRIPRAVENÝ; POTVRDIŤ PREVÁDZKOVÚ SPOLUPRÁCU OPK A PRIAME KONTAKTY.
ZRZAT-200,Zatúlané,Voľne žijúce cicavce,Lesná a poľná zver,Kuna,,,,,,,,,,,,,,,,,,,,,,,,,,,,,,,,,,,,
ZRZAT-201,Zranené,Voľne žijúce cicavce,Lesná a poľná zver,Lasica,Druh – používa FLOW-ZR-CHR-STD,"Je zrazené vozidlom
Krváca alebo má otvorenú ranu
Má poranenú končatinu / nevie sa pohybovať
Je uviaznuté, zakliesnené alebo zamotané
Je apatické, dezorientované alebo reaguje nezvyčajne
Podozrenie na otravu
Videl/a som alebo mám dôvodné podozrenie, že zviera úmyselne zranil človek (napr. bitím, postrelením alebo pascou)
Neviem
Iné","Áno
Nie
Neviem","Áno
Nie
Neviem",Iné → rozbaliť W09b,Stručne popíšte iné zranenie alebo stav zvieraťa.,W14,"• Lasicu nechytajte holými rukami a nezaháňajte ju do kúta.
• Nekŕmte ju a nepúšťajte k nej psy.","• Udržte odstup a obmedzte rušenie.
• Nechajte jej únikovú cestu.",W15 – ŠOP SR / príslušné záchranné zariadenie,Zavolajte na pohotovostný kontakt ŠOP SR,"ŠOP SR zabezpečuje nepretržitú odbornú pomoc, odber a prevoz zranených alebo inak poškodených chránených živočíchov.

Podľa vašej polohy sme vybrali príslušné záchranné zariadenie. Oznámte presné miesto nálezu, druh zvieraťa (ak ho poznáte), jeho stav a či je zviera alebo okolie v bezprostrednom nebezpečenstve. Postupujte podľa pokynov odborníka.",Áno – podľa adresy z W03a/W03b,04_KONTAKTY_SOP – mapovať obec/okres na príslušný pohotovostný kontakt; nepoužiť iba najbližšiu vzdialenosť,,,,,,Áno,3. kontakt (po W15/112 a W19),"Ak sa vám nedostala pomoc z oficiálnych zdrojov ani z druhého kontaktu, požiadajte o pomoc dobrovoľníkov Zverolinky podľa lokality a dostupnosti.",,,,,,,,,,"ŠOP SR / záchranné zariadenie
112 / záchranná zložka
Veterinárna klinika
Partnerské OZ / záchranná organizácia
Dobrovoľník Zverolinky
Iná osoba
Pomohol/pomohla som sám/sama","Na pohotovostnom kontakte ŠOP mi nezdvihli ani na druhý pokus
ŠOP / záchranné zariadenie odmietlo pomôcť alebo prísť
ŠOP / záchranné zariadenie ma odkázalo na iný kontakt
Na čísle 112 mi neposkytli kontakt alebo pomoc
Veterinárna klinika bola zatvorená alebo nedostupná
Veterinárna klinika odmietla zviera prijať
Nemohol/nemohla som uhradiť veterinárne ošetrenie
Partnerské OZ nebolo dostupné alebo nemohlo pomôcť
Dobrovoľníci neboli k dispozícii
Zviera bolo nebezpečné alebo manipulácia nebola bezpečná
Zviera utieklo alebo sa skrylo
Nemal/a som potrebné pomôcky alebo dopravu
Zviera na mieste uhynulo
Situáciu vyriešil niekto iný
Iné",,FLOW-ZR-CHR-STD,Krátke poučenie vyplnené zo zdrojovej databázy; W22/W23 zostáva na doplnenie.
ZRZAT-202,Zatúlané,Voľne žijúce cicavce,Lesná a poľná zver,Lasica,,,,,,,,,,,,,,,,,,,,,,,,,,,,,,,,,,,,
ZRZAT-203,Zranené,Voľne žijúce cicavce,Lesná a poľná zver,Tchor,Druh – používa FLOW-ZR-ZVER,"Došlo k zrážke s mojím vozidlom
Našiel/našla som ho po zrážke s iným vozidlom alebo pri ceste
Krváca alebo má otvorenú ranu
Má poranenú končatinu / nevie vstať alebo sa pohybovať
Je uviaznuté v plote, pasci, sieti alebo inom predmete
Je zjavne postrelené alebo poranené pascou
Podozrenie na otravu
Je apatické, dezorientované alebo reaguje nezvyčajne
Je nezvyčajne agresívne, stráca plachosť alebo má neurologické príznaky
Videl/a som alebo mám dôvodné podozrenie, že zviera úmyselne zranil človek (napr. bitím, postrelením alebo pascou)
Neviem
Iné","Áno
Nie
Neviem","Áno
Nie
Neviem",Iné → rozbaliť W09b,Stručne popíšte iné zranenie alebo stav zvieraťa.,W14,"• Tchora nechytajte holými rukami a nezaháňajte ho do kúta.
• Nekŕmte ho a nepúšťajte k nemu psy.","• Udržte odstup a obmedzte rušenie.
• Nechajte mu únikovú cestu.",W15 – poľovný hospodár (ak schválený kontakt) / príslušná OPK,Zavolajte poľovnému hospodárovi alebo príslušnej OPK,"Podľa GPS zobrazte názov poľovného revíru a priamy kontakt na poľovného hospodára, iba ak je v schválenej databáze. Inak zobrazte príslušnú OPK ako koordinačný kontakt. Používateľ oznámi presnú polohu, názov alebo blízkosť revíru, druh zvieraťa, či žije a či ohrozuje premávku.",Áno – GPS → ID_Revir/ID_Okres,NLC ArcGIS ID_Revir → schválený priamy kontakt; fallback ID_Okres → 08_MAPA_OKRES_OPK → 07_KONTAKTY_OPK,,,,,,Áno,2. kontakt / koordinačný fallback,"Ak sa nepodarilo spojiť s poľovným hospodárom ani OPK, zobrazte dobrovoľníkov Zverolinky iba na koordináciu a interné preverenie; nevyzývajte na manipuláciu so zverou.",Nie,,,,,,,,,"Polícia (pri zrážke alebo podozrení na úmyselné zranenie)
Poľovný hospodár / užívateľ poľovného revíru
Príslušná OPK
Dobrovoľník Zverolinky – koordinácia
Zverolinka po internom preverení
Iná osoba","Na čísle 158 mi nezdvihli alebo polícia neposkytla ďalší postup (vetva zrážka)
Poľovný hospodár / užívateľ revíru nebol dostupný alebo nemohol prísť
Príslušná OPK nebola dostupná
OPK nevedela sprostredkovať kontakt alebo pomoc
Dobrovoľníci neboli k dispozícii
Zviera sa premiestnilo, utieklo alebo sa skrylo
Zviera bolo nebezpečné alebo manipulácia nebola bezpečná
Zviera na mieste uhynulo
Situáciu vyriešil niekto iný
Iné",,FLOW-ZR-ZVER,FLOW PRIPRAVENÝ; POTVRDIŤ PREVÁDZKOVÚ SPOLUPRÁCU OPK A PRIAME KONTAKTY.
ZRZAT-204,Zatúlané,Voľne žijúce cicavce,Lesná a poľná zver,Tchor,,,,,,,,,,,,,,,,,,,,,,,,,,,,,,,,,,,,
ZRZAT-205,Zranené,Voľne žijúce cicavce,Lesná a poľná zver,Líška v meste,Druh – používa FLOW-ZR-ZVER,"Došlo k zrážke s mojím vozidlom
Našiel/našla som ho po zrážke s iným vozidlom alebo pri ceste
Krváca alebo má otvorenú ranu
Má poranenú končatinu / nevie vstať alebo sa pohybovať
Je uviaznuté v plote, pasci, sieti alebo inom predmete
Je zjavne postrelené alebo poranené pascou
Podozrenie na otravu
Je apatické, dezorientované alebo reaguje nezvyčajne
Je nezvyčajne agresívne, stráca plachosť alebo má neurologické príznaky
Videl/a som alebo mám dôvodné podozrenie, že zviera úmyselne zranil človek (napr. bitím, postrelením alebo pascou)
Neviem
Iné","Áno
Nie
Neviem","Áno
Nie
Neviem",Iné → rozbaliť W09b,Stručne popíšte iné zranenie alebo stav zvieraťa.,W14,"• Líšku v meste nekŕmte, nepribližujte sa k nej a nepúšťajte k nej psy.
• Nezaháňajte ju do kúta ani do uzavretého priestoru.","• Udržte odstup a nechajte jej únikovú cestu.
• Držte deti a domáce zvieratá mimo dosahu.",W15 – poľovný hospodár (ak schválený kontakt) / príslušná OPK,Zavolajte poľovnému hospodárovi alebo príslušnej OPK,"Podľa GPS zobrazte názov poľovného revíru a priamy kontakt na poľovného hospodára, iba ak je v schválenej databáze. Inak zobrazte príslušnú OPK ako koordinačný kontakt. Používateľ oznámi presnú polohu, názov alebo blízkosť revíru, druh zvieraťa, či žije a či ohrozuje premávku.",Áno – GPS → ID_Revir/ID_Okres,NLC ArcGIS ID_Revir → schválený priamy kontakt; fallback ID_Okres → 08_MAPA_OKRES_OPK → 07_KONTAKTY_OPK,,,,,,Áno,2. kontakt / koordinačný fallback,"Ak sa nepodarilo spojiť s poľovným hospodárom ani OPK, zobrazte dobrovoľníkov Zverolinky iba na koordináciu a interné preverenie; nevyzývajte na manipuláciu so zverou.",Nie,,,,,,,,,"Polícia (pri zrážke alebo podozrení na úmyselné zranenie)
Poľovný hospodár / užívateľ poľovného revíru
Príslušná OPK
Dobrovoľník Zverolinky – koordinácia
Zverolinka po internom preverení
Iná osoba","Na čísle 158 mi nezdvihli alebo polícia neposkytla ďalší postup (vetva zrážka)
Poľovný hospodár / užívateľ revíru nebol dostupný alebo nemohol prísť
Príslušná OPK nebola dostupná
OPK nevedela sprostredkovať kontakt alebo pomoc
Dobrovoľníci neboli k dispozícii
Zviera sa premiestnilo, utieklo alebo sa skrylo
Zviera bolo nebezpečné alebo manipulácia nebola bezpečná
Zviera na mieste uhynulo
Situáciu vyriešil niekto iný
Iné",,FLOW-ZR-ZVER,FLOW PRIPRAVENÝ; POTVRDIŤ PREVÁDZKOVÚ SPOLUPRÁCU OPK A PRIAME KONTAKTY.
ZRZAT-206,Zatúlané,Voľne žijúce cicavce,Lesná a poľná zver,Líška v meste,,,,,,,,,,,,,,,,,,,,,,,,,,,,,,,,,,,,
ZRZAT-207,Zranené,Voľne žijúce cicavce,Lesná a poľná zver,Kuna v meste,Druh – používa FLOW-ZR-ZVER,"Došlo k zrážke s mojím vozidlom
Našiel/našla som ho po zrážke s iným vozidlom alebo pri ceste
Krváca alebo má otvorenú ranu
Má poranenú končatinu / nevie vstať alebo sa pohybovať
Je uviaznuté v plote, pasci, sieti alebo inom predmete
Je zjavne postrelené alebo poranené pascou
Podozrenie na otravu
Je apatické, dezorientované alebo reaguje nezvyčajne
Je nezvyčajne agresívne, stráca plachosť alebo má neurologické príznaky
Videl/a som alebo mám dôvodné podozrenie, že zviera úmyselne zranil človek (napr. bitím, postrelením alebo pascou)
Neviem
Iné","Áno
Nie
Neviem","Áno
Nie
Neviem",Iné → rozbaliť W09b,Stručne popíšte iné zranenie alebo stav zvieraťa.,W14,"• Kunu v meste nechytajte holými rukami a neuzatvárajte ju bez únikovej možnosti.
• Nekŕmte ju a nepúšťajte k nej psy.","• Udržte odstup a obmedzte prístup detí aj zvierat.
• Nechajte jej únikovú cestu.",,,,,,,,,,,Áno,2. kontakt / koordinačný fallback,"Ak sa nepodarilo spojiť s poľovným hospodárom ani OPK, zobrazte dobrovoľníkov Zverolinky iba na koordináciu a interné preverenie; nevyzývajte na manipuláciu so zverou.",Nie,,,,,,,,,"Polícia (pri zrážke alebo podozrení na úmyselné zranenie)
Poľovný hospodár / užívateľ poľovného revíru
Príslušná OPK
Dobrovoľník Zverolinky – koordinácia
Zverolinka po internom preverení
Iná osoba","Na čísle 158 mi nezdvihli alebo polícia neposkytla ďalší postup (vetva zrážka)
Poľovný hospodár / užívateľ revíru nebol dostupný alebo nemohol prísť
Príslušná OPK nebola dostupná
OPK nevedela sprostredkovať kontakt alebo pomoc
Dobrovoľníci neboli k dispozícii
Zviera sa premiestnilo, utieklo alebo sa skrylo
Zviera bolo nebezpečné alebo manipulácia nebola bezpečná
Zviera na mieste uhynulo
Situáciu vyriešil niekto iný
Iné",,FLOW-ZR-ZVER,FLOW PRIPRAVENÝ; POTVRDIŤ PREVÁDZKOVÚ SPOLUPRÁCU OPK A PRIAME KONTAKTY.
ZRZAT-208,Zatúlané,Voľne žijúce cicavce,Lesná a poľná zver,Kuna v meste,,,,,,,,,,,,,,,,,,,,,,,,,,,,,,,,,,,,
ZRZAT-209,Zranené,Voľne žijúce cicavce,Malé voľne žijúce cicavce,Jež,Druh – používa FLOW-ZR-CHR-STD,"Je zrazené vozidlom
Krváca alebo má otvorenú ranu
Má poranenú končatinu / nevie sa pohybovať
Je uviaznuté, zakliesnené alebo zamotané
Je apatické, dezorientované alebo reaguje nezvyčajne
Podozrenie na otravu
Videl/a som alebo mám dôvodné podozrenie, že zviera úmyselne zranil človek (napr. bitím, postrelením alebo pascou)
Neviem
Iné","Áno
Nie
Neviem","Áno
Nie
Neviem",Iné → rozbaliť W09b,Stručne popíšte iné zranenie alebo stav zvieraťa.,W14,"• Ježka nekŕmte mliekom a nemanipulujte s ním zbytočne holými rukami.
• Zdravého ježka aktívneho večer alebo v noci neodnášajte.","• Ak nie je priamo ohrozený, nechajte ho v pokoji a neplašte ho.
• Držte psy, deti a ľudí mimo dosahu.",W15 – ŠOP SR / príslušné záchranné zariadenie,Zavolajte na pohotovostný kontakt ŠOP SR,"ŠOP SR zabezpečuje nepretržitú odbornú pomoc, odber a prevoz zranených alebo inak poškodených chránených živočíchov.

Podľa vašej polohy sme vybrali príslušné záchranné zariadenie. Oznámte presné miesto nálezu, druh zvieraťa (ak ho poznáte), jeho stav a či je zviera alebo okolie v bezprostrednom nebezpečenstve. Postupujte podľa pokynov odborníka.",Áno – podľa adresy z W03a/W03b,04_KONTAKTY_SOP – mapovať obec/okres na príslušný pohotovostný kontakt; nepoužiť iba najbližšiu vzdialenosť,W19 – veterinárna klinika (BA/KE) / partnerské OZ (ostatné územie),Zavolajte na veterinárnu kliniku alebo partnerskú organizáciu,BA/KE: zobrazte dohodnutú veterinárnu kliniku pre chránené živočíchy; používateľ musí najprv telefonicky overiť prijatie zvieraťa a podmienky. Ostatné územie: zobrazte partnerské OZ alebo záchrannú organizáciu podľa polohy. Zoznam partnerov ešte treba doplniť.,Áno – podľa kraja/okresu,"BA: zmluvná klinika – doplniť; KE: Klinika vtákov a exotických zvierat UVLF, 0917 637 798; ostatné: DB partnerských OZ – doplniť",Áno,3. kontakt (po W15/112 a W19),"Ak sa vám nedostala pomoc z oficiálnych zdrojov ani z druhého kontaktu, požiadajte o pomoc dobrovoľníkov Zverolinky podľa lokality a dostupnosti.",Áno – až po neúspechu všetkých kontaktov,Postupujte mimoriadne opatrne a presne podľa nasledujúcich pokynov.,,,,,,,,"ŠOP SR / záchranné zariadenie
112 / záchranná zložka
Veterinárna klinika
Partnerské OZ / záchranná organizácia
Dobrovoľník Zverolinky
Iná osoba
Pomohol/pomohla som sám/sama","Na pohotovostnom kontakte ŠOP mi nezdvihli ani na druhý pokus
ŠOP / záchranné zariadenie odmietlo pomôcť alebo prísť
ŠOP / záchranné zariadenie ma odkázalo na iný kontakt
Na čísle 112 mi neposkytli kontakt alebo pomoc
Veterinárna klinika bola zatvorená alebo nedostupná
Veterinárna klinika odmietla zviera prijať
Nemohol/nemohla som uhradiť veterinárne ošetrenie
Partnerské OZ nebolo dostupné alebo nemohlo pomôcť
Dobrovoľníci neboli k dispozícii
Zviera bolo nebezpečné alebo manipulácia nebola bezpečná
Zviera utieklo alebo sa skrylo
Nemal/a som potrebné pomôcky alebo dopravu
Zviera na mieste uhynulo
Situáciu vyriešil niekto iný
Iné",,FLOW-ZR-CHR-STD,Krátke poučenie vyplnené zo zdrojovej databázy; W22/W23 zostáva na doplnenie.
ZRZAT-210,Zatúlané,Voľne žijúce cicavce,Malé voľne žijúce cicavce,Jež,,,,,,,,,,,,,,,,,,,,,,,,,,,,,,,,,,,,
ZRZAT-211,Zranené,Voľne žijúce cicavce,Malé voľne žijúce cicavce,Veverica,Druh – používa FLOW-ZR-CHR-STD,"Je zrazené vozidlom
Krváca alebo má otvorenú ranu
Má poranenú končatinu / nevie sa pohybovať
Je uviaznuté, zakliesnené alebo zamotané
Je apatické, dezorientované alebo reaguje nezvyčajne
Podozrenie na otravu
Videl/a som alebo mám dôvodné podozrenie, že zviera úmyselne zranil človek (napr. bitím, postrelením alebo pascou)
Neviem
Iné","Áno
Nie
Neviem","Áno
Nie
Neviem",Iné → rozbaliť W09b,Stručne popíšte iné zranenie alebo stav zvieraťa.,W14,"• Vevericu nechytajte za chvost a nekŕmte ju mliekom.
• Nepúšťajte k nej mačky, psy ani deti.","• Ak nie je priamo ohrozená, nechajte ju v pokoji a neplašte ju.
• Držte mačky, psy a deti mimo dosahu.",W15 – ŠOP SR / príslušné záchranné zariadenie,Zavolajte na pohotovostný kontakt ŠOP SR,"ŠOP SR zabezpečuje nepretržitú odbornú pomoc, odber a prevoz zranených alebo inak poškodených chránených živočíchov.

Podľa vašej polohy sme vybrali príslušné záchranné zariadenie. Oznámte presné miesto nálezu, druh zvieraťa (ak ho poznáte), jeho stav a či je zviera alebo okolie v bezprostrednom nebezpečenstve. Postupujte podľa pokynov odborníka.",Áno – podľa adresy z W03a/W03b,04_KONTAKTY_SOP – mapovať obec/okres na príslušný pohotovostný kontakt; nepoužiť iba najbližšiu vzdialenosť,W19 – veterinárna klinika (BA/KE) / partnerské OZ (ostatné územie),Zavolajte na veterinárnu kliniku alebo partnerskú organizáciu,BA/KE: zobrazte dohodnutú veterinárnu kliniku pre chránené živočíchy; používateľ musí najprv telefonicky overiť prijatie zvieraťa a podmienky. Ostatné územie: zobrazte partnerské OZ alebo záchrannú organizáciu podľa polohy. Zoznam partnerov ešte treba doplniť.,Áno – podľa kraja/okresu,"BA: zmluvná klinika – doplniť; KE: Klinika vtákov a exotických zvierat UVLF, 0917 637 798; ostatné: DB partnerských OZ – doplniť",Áno,3. kontakt (po W15/112 a W19),"Ak sa vám nedostala pomoc z oficiálnych zdrojov ani z druhého kontaktu, požiadajte o pomoc dobrovoľníkov Zverolinky podľa lokality a dostupnosti.",Áno – až po neúspechu všetkých kontaktov,Postupujte mimoriadne opatrne a presne podľa nasledujúcich pokynov.,,,,,,,,"ŠOP SR / záchranné zariadenie
112 / záchranná zložka
Veterinárna klinika
Partnerské OZ / záchranná organizácia
Dobrovoľník Zverolinky
Iná osoba
Pomohol/pomohla som sám/sama","Na pohotovostnom kontakte ŠOP mi nezdvihli ani na druhý pokus
ŠOP / záchranné zariadenie odmietlo pomôcť alebo prísť
ŠOP / záchranné zariadenie ma odkázalo na iný kontakt
Na čísle 112 mi neposkytli kontakt alebo pomoc
Veterinárna klinika bola zatvorená alebo nedostupná
Veterinárna klinika odmietla zviera prijať
Nemohol/nemohla som uhradiť veterinárne ošetrenie
Partnerské OZ nebolo dostupné alebo nemohlo pomôcť
Dobrovoľníci neboli k dispozícii
Zviera bolo nebezpečné alebo manipulácia nebola bezpečná
Zviera utieklo alebo sa skrylo
Nemal/a som potrebné pomôcky alebo dopravu
Zviera na mieste uhynulo
Situáciu vyriešil niekto iný
Iné",,FLOW-ZR-CHR-STD,Krátke poučenie vyplnené zo zdrojovej databázy; W22/W23 zostáva na doplnenie.
ZRZAT-212,Zatúlané,Voľne žijúce cicavce,Malé voľne žijúce cicavce,Veverica,,,,,,,,,,,,,,,,,,,,,,,,,,,,,,,,,,,,
ZRZAT-213,Zranené,Voľne žijúce cicavce,Malé voľne žijúce cicavce,Netopier,Druh – používa FLOW-ZR-CHR-STD,"Leží na zemi alebo visí na nezvyčajnom mieste
Má poškodené krídlo / nevie lietať
Krváca alebo má viditeľné poranenie
Je uviaznutý alebo sa nachádza v interiéri
Je apatický alebo nereaguje
Videl/a som alebo mám dôvodné podozrenie, že zviera úmyselne zranil človek (napr. bitím, postrelením alebo pascou)
Neviem
Iné","Áno
Nie
Neviem","Áno
Nie
Neviem",Iné → rozbaliť W09b,Stručne popíšte iné zranenie alebo stav zvieraťa.,W14,"• Netopiera nechytajte holou rukou a nepúšťajte ho voľne v miestnosti.
• Nekŕmte ho a nedávajte mu vodu priamo do papule.","• Udržte odstup a znížte hluk aj svetlo v okolí.
• Držte deti a domáce zvieratá mimo dosahu.",W15 – ŠOP SR / príslušné záchranné zariadenie,Zavolajte na pohotovostný kontakt ŠOP SR,"ŠOP SR zabezpečuje nepretržitú odbornú pomoc, odber a prevoz zranených alebo inak poškodených chránených živočíchov.

Podľa vašej polohy sme vybrali príslušné záchranné zariadenie. Oznámte presné miesto nálezu, druh zvieraťa (ak ho poznáte), jeho stav a či je zviera alebo okolie v bezprostrednom nebezpečenstve. Postupujte podľa pokynov odborníka.",Áno – podľa adresy z W03a/W03b,04_KONTAKTY_SOP – mapovať obec/okres na príslušný pohotovostný kontakt; nepoužiť iba najbližšiu vzdialenosť,W19 – veterinárna klinika (BA/KE) / partnerské OZ (ostatné územie),Zavolajte na veterinárnu kliniku alebo partnerskú organizáciu,BA/KE: zobrazte dohodnutú veterinárnu kliniku pre chránené živočíchy; používateľ musí najprv telefonicky overiť prijatie zvieraťa a podmienky. Ostatné územie: zobrazte partnerské OZ alebo záchrannú organizáciu podľa polohy. Zoznam partnerov ešte treba doplniť.,Áno – podľa kraja/okresu,"BA: zmluvná klinika – doplniť; KE: Klinika vtákov a exotických zvierat UVLF, 0917 637 798; ostatné: DB partnerských OZ – doplniť",Áno,3. kontakt (po W15/112 a W19),"Ak sa vám nedostala pomoc z oficiálnych zdrojov ani z druhého kontaktu, požiadajte o pomoc dobrovoľníkov Zverolinky podľa lokality a dostupnosti.",Áno – až po neúspechu všetkých kontaktov,Postupujte mimoriadne opatrne a presne podľa nasledujúcich pokynov.,,,,,,,,"ŠOP SR / záchranné zariadenie
112 / záchranná zložka
Veterinárna klinika
Partnerské OZ / záchranná organizácia
Dobrovoľník Zverolinky
Iná osoba
Pomohol/pomohla som sám/sama","Na pohotovostnom kontakte ŠOP mi nezdvihli ani na druhý pokus
ŠOP / záchranné zariadenie odmietlo pomôcť alebo prísť
ŠOP / záchranné zariadenie ma odkázalo na iný kontakt
Na čísle 112 mi neposkytli kontakt alebo pomoc
Veterinárna klinika bola zatvorená alebo nedostupná
Veterinárna klinika odmietla zviera prijať
Nemohol/nemohla som uhradiť veterinárne ošetrenie
Partnerské OZ nebolo dostupné alebo nemohlo pomôcť
Dobrovoľníci neboli k dispozícii
Zviera bolo nebezpečné alebo manipulácia nebola bezpečná
Zviera utieklo alebo sa skrylo
Nemal/a som potrebné pomôcky alebo dopravu
Zviera na mieste uhynulo
Situáciu vyriešil niekto iný
Iné",,FLOW-ZR-CHR-STD,Krátke poučenie vyplnené zo zdrojovej databázy; W22/W23 zostáva na doplnenie.
ZRZAT-214,Zatúlané,Voľne žijúce cicavce,Malé voľne žijúce cicavce,Netopier,,,,,,,,,,,,,,,,,,,,,,,,,,,,,,,,,,,,
ZRZAT-215,Zranené,Voľne žijúce cicavce,Malé voľne žijúce cicavce,Plch,Druh – používa FLOW-ZR-CHR-STD,"Je zrazené vozidlom
Krváca alebo má otvorenú ranu
Má poranenú končatinu / nevie sa pohybovať
Je uviaznuté, zakliesnené alebo zamotané
Je apatické, dezorientované alebo reaguje nezvyčajne
Podozrenie na otravu
Videl/a som alebo mám dôvodné podozrenie, že zviera úmyselne zranil človek (napr. bitím, postrelením alebo pascou)
Neviem
Iné","Áno
Nie
Neviem","Áno
Nie
Neviem",Iné → rozbaliť W09b,Stručne popíšte iné zranenie alebo stav zvieraťa.,W14,"• Plcha nechytajte holými rukami a nebuďte ho zbytočne zo zimného spánku.
• Nekŕmte ho a nepúšťajte k nemu mačky alebo psy.","• Ak nie je priamo ohrozený, nechajte ho v pokoji.
• Držte deti a domáce zvieratá mimo dosahu.",W15 – ŠOP SR / príslušné záchranné zariadenie,Zavolajte na pohotovostný kontakt ŠOP SR,"ŠOP SR zabezpečuje nepretržitú odbornú pomoc, odber a prevoz zranených alebo inak poškodených chránených živočíchov.

Podľa vašej polohy sme vybrali príslušné záchranné zariadenie. Oznámte presné miesto nálezu, druh zvieraťa (ak ho poznáte), jeho stav a či je zviera alebo okolie v bezprostrednom nebezpečenstve. Postupujte podľa pokynov odborníka.",Áno – podľa adresy z W03a/W03b,04_KONTAKTY_SOP – mapovať obec/okres na príslušný pohotovostný kontakt; nepoužiť iba najbližšiu vzdialenosť,W19 – veterinárna klinika (BA/KE) / partnerské OZ (ostatné územie),Zavolajte na veterinárnu kliniku alebo partnerskú organizáciu,BA/KE: zobrazte dohodnutú veterinárnu kliniku pre chránené živočíchy; používateľ musí najprv telefonicky overiť prijatie zvieraťa a podmienky. Ostatné územie: zobrazte partnerské OZ alebo záchrannú organizáciu podľa polohy. Zoznam partnerov ešte treba doplniť.,Áno – podľa kraja/okresu,"BA: zmluvná klinika – doplniť; KE: Klinika vtákov a exotických zvierat UVLF, 0917 637 798; ostatné: DB partnerských OZ – doplniť",Áno,3. kontakt (po W15/112 a W19),"Ak sa vám nedostala pomoc z oficiálnych zdrojov ani z druhého kontaktu, požiadajte o pomoc dobrovoľníkov Zverolinky podľa lokality a dostupnosti.",Áno – až po neúspechu všetkých kontaktov,Postupujte mimoriadne opatrne a presne podľa nasledujúcich pokynov.,,,,,,,,"ŠOP SR / záchranné zariadenie
112 / záchranná zložka
Veterinárna klinika
Partnerské OZ / záchranná organizácia
Dobrovoľník Zverolinky
Iná osoba
Pomohol/pomohla som sám/sama","Na pohotovostnom kontakte ŠOP mi nezdvihli ani na druhý pokus
ŠOP / záchranné zariadenie odmietlo pomôcť alebo prísť
ŠOP / záchranné zariadenie ma odkázalo na iný kontakt
Na čísle 112 mi neposkytli kontakt alebo pomoc
Veterinárna klinika bola zatvorená alebo nedostupná
Veterinárna klinika odmietla zviera prijať
Nemohol/nemohla som uhradiť veterinárne ošetrenie
Partnerské OZ nebolo dostupné alebo nemohlo pomôcť
Dobrovoľníci neboli k dispozícii
Zviera bolo nebezpečné alebo manipulácia nebola bezpečná
Zviera utieklo alebo sa skrylo
Nemal/a som potrebné pomôcky alebo dopravu
Zviera na mieste uhynulo
Situáciu vyriešil niekto iný
Iné",,FLOW-ZR-CHR-STD,Krátke poučenie vyplnené zo zdrojovej databázy; W22/W23 zostáva na doplnenie.
ZRZAT-216,Zatúlané,Voľne žijúce cicavce,Malé voľne žijúce cicavce,Plch,,,,,,,,,,,,,,,,,,,,,,,,,,,,,,,,,,,,
ZRZAT-217,Zranené,Voľne žijúce cicavce,Malé voľne žijúce cicavce,Krt,Druh – používa FLOW-ZR-MALY-WILD,"Krváca alebo má otvorenú ranu
Má poranenú končatinu / nevie sa pohybovať
Napadla ho mačka, pes alebo iné zviera
Je prilepené, uviaznuté, zakliesnené alebo zamotané
Je apatické, v bezvedomí, má kŕče alebo reaguje nezvyčajne
Podozrenie na otravu alebo popálenie
Videl/a som alebo mám dôvodné podozrenie, že zviera úmyselne zranil človek (napr. bitím, postrelením alebo pascou)
Neviem
Iné","Áno
Nie
Neviem","Áno
Nie
Neviem",Iné → rozbaliť W09b,Stručne popíšte iné zranenie alebo stav zvieraťa.,W14,"• Krta zbytočne neodnášajte z miesta nálezu.
• Nepoužívajte jedy ani lepové pasce.","• Ak nie je priamo ohrozený, nechajte ho bez zásahu.
• Držte deti a domáce zvieratá mimo dosahu.",,,,,,,,,,,Áno,1. používateľský kontakt,"Zobrazte dobrovoľníkov Zverolinky podľa lokality a dostupnosti. Ak nikto nie je dostupný, prípad odošlite na interné preverenie W26.",Nie – dlhé poučenie zatiaľ nie je v tejto verzii,,,,,,,,,"Dobrovoľník Zverolinky
Zverolinka po internom preverení
Veterinár alebo iná odborná osoba
Polícia (pri podozrení na úmyselné zranenie)
Iná osoba","Dobrovoľníci neboli k dispozícii
Zverolinka po internom preverení nenašla dostupnú pomoc
Druh sa nepodarilo bezpečne určiť
Zviera sa premiestnilo, utieklo alebo sa skrylo
Miesto alebo manipulácia neboli bezpečné
Zviera na mieste uhynulo
Situáciu vyriešil niekto iný
Iné",,FLOW-ZR-MALY-WILD,FLOW PRIPRAVENÝ; POTVRDIŤ DOBROVOĽNÍCKU DOSTUPNOSŤ A W26 SLA.
ZRZAT-218,Zatúlané,Voľne žijúce cicavce,Malé voľne žijúce cicavce,Krt,,,,,,,,,,,,,,,,,,,,,,,,,,,,,,,,,,,,
ZRZAT-223,Zranené,Voľne žijúce cicavce,Malé voľne žijúce cicavce,Hraboš,Druh – používa FLOW-ZR-MALY-WILD,"Krváca alebo má otvorenú ranu
Má poranenú končatinu / nevie sa pohybovať
Napadla ho mačka, pes alebo iné zviera
Je prilepené, uviaznuté, zakliesnené alebo zamotané
Je apatické, v bezvedomí, má kŕče alebo reaguje nezvyčajne
Podozrenie na otravu alebo popálenie
Videl/a som alebo mám dôvodné podozrenie, že zviera úmyselne zranil človek (napr. bitím, postrelením alebo pascou)
Neviem
Iné","Áno
Nie
Neviem","Áno
Nie
Neviem",Iné → rozbaliť W09b,Stručne popíšte iné zranenie alebo stav zvieraťa.,W14,"• Hraboša nechytajte holými rukami.
• Nepoužívajte lepové pasce a nepúšťajte k nemu mačky alebo psy.","• Ak nie je priamo ohrozený, nechajte ho bez zásahu.
• Držte deti a domáce zvieratá mimo dosahu.",,,,,,,,,,,Áno,1. používateľský kontakt,"Zobrazte dobrovoľníkov Zverolinky podľa lokality a dostupnosti. Ak nikto nie je dostupný, prípad odošlite na interné preverenie W26.",Nie – dlhé poučenie zatiaľ nie je v tejto verzii,,,,,,,,,"Dobrovoľník Zverolinky
Zverolinka po internom preverení
Veterinár alebo iná odborná osoba
Polícia (pri podozrení na úmyselné zranenie)
Iná osoba","Dobrovoľníci neboli k dispozícii
Zverolinka po internom preverení nenašla dostupnú pomoc
Druh sa nepodarilo bezpečne určiť
Zviera sa premiestnilo, utieklo alebo sa skrylo
Miesto alebo manipulácia neboli bezpečné
Zviera na mieste uhynulo
Situáciu vyriešil niekto iný
Iné",,FLOW-ZR-MALY-WILD,FLOW PRIPRAVENÝ; POTVRDIŤ DOBROVOĽNÍCKU DOSTUPNOSŤ A W26 SLA.
ZRZAT-224,Zatúlané,Voľne žijúce cicavce,Malé voľne žijúce cicavce,Hraboš,,,,,,,,,,,,,,,,,,,,,,,,,,,,,,,,,,,,
ZRZAT-225,Zranené,Voľne žijúce cicavce,Veľké šelmy,Medveď,Druh – používa FLOW-ZR-CHR-STD,"Je zrazené vozidlom
Krváca alebo má otvorenú ranu
Má poranenú končatinu / nevie sa pohybovať
Je uviaznuté, zakliesnené alebo zamotané
Je apatické, dezorientované alebo reaguje nezvyčajne
Podozrenie na otravu
Videl/a som alebo mám dôvodné podozrenie, že zviera úmyselne zranil človek (napr. bitím, postrelením alebo pascou)
Neviem
Iné","Áno
Nie
Neviem","Áno
Nie
Neviem",Iné → rozbaliť W09b,Stručne popíšte iné zranenie alebo stav zvieraťa.,W14,"• K medveďovi sa nepribližujte, nepozorujte ho zblízka a nekŕmte ho.
• Nepúšťajte k nemu psa a neutekajte smerom k nemu.","• Pomaly zväčšujte odstup a odíďte do bezpečia.
• Držte ľudí a zvieratá mimo dosahu.",W15 – ŠOP SR / príslušné záchranné zariadenie,Zavolajte na pohotovostný kontakt ŠOP SR,"ŠOP SR zabezpečuje nepretržitú odbornú pomoc, odber a prevoz zranených alebo inak poškodených chránených živočíchov.

Podľa vašej polohy sme vybrali príslušné záchranné zariadenie. Oznámte presné miesto nálezu, druh zvieraťa (ak ho poznáte), jeho stav a či je zviera alebo okolie v bezprostrednom nebezpečenstve. Postupujte podľa pokynov odborníka.",Áno – podľa adresy z W03a/W03b,04_KONTAKTY_SOP – mapovať obec/okres na príslušný pohotovostný kontakt; nepoužiť iba najbližšiu vzdialenosť,W19 – veterinárna klinika (BA/KE) / partnerské OZ (ostatné územie),Zavolajte na veterinárnu kliniku alebo partnerskú organizáciu,BA/KE: zobrazte dohodnutú veterinárnu kliniku pre chránené živočíchy; používateľ musí najprv telefonicky overiť prijatie zvieraťa a podmienky. Ostatné územie: zobrazte partnerské OZ alebo záchrannú organizáciu podľa polohy. Zoznam partnerov ešte treba doplniť.,Áno – podľa kraja/okresu,"BA: zmluvná klinika – doplniť; KE: Klinika vtákov a exotických zvierat UVLF, 0917 637 798; ostatné: DB partnerských OZ – doplniť",Áno,3. kontakt (po W15/112 a W19),"Ak sa vám nedostala pomoc z oficiálnych zdrojov ani z druhého kontaktu, požiadajte o pomoc dobrovoľníkov Zverolinky podľa lokality a dostupnosti.",Áno – až po neúspechu všetkých kontaktov,Postupujte mimoriadne opatrne a presne podľa nasledujúcich pokynov.,,,,,,,,"ŠOP SR / záchranné zariadenie
112 / záchranná zložka
Veterinárna klinika
Partnerské OZ / záchranná organizácia
Dobrovoľník Zverolinky
Iná osoba
Pomohol/pomohla som sám/sama","Na pohotovostnom kontakte ŠOP mi nezdvihli ani na druhý pokus
ŠOP / záchranné zariadenie odmietlo pomôcť alebo prísť
ŠOP / záchranné zariadenie ma odkázalo na iný kontakt
Na čísle 112 mi neposkytli kontakt alebo pomoc
Veterinárna klinika bola zatvorená alebo nedostupná
Veterinárna klinika odmietla zviera prijať
Nemohol/nemohla som uhradiť veterinárne ošetrenie
Partnerské OZ nebolo dostupné alebo nemohlo pomôcť
Dobrovoľníci neboli k dispozícii
Zviera bolo nebezpečné alebo manipulácia nebola bezpečná
Zviera utieklo alebo sa skrylo
Nemal/a som potrebné pomôcky alebo dopravu
Zviera na mieste uhynulo
Situáciu vyriešil niekto iný
Iné",,FLOW-ZR-CHR-STD,Krátke poučenie vyplnené zo zdrojovej databázy; W22/W23 zostáva na doplnenie.
ZRZAT-226,Zatúlané,Voľne žijúce cicavce,Veľké šelmy,Medveď,,,,,,,,,,,,,,,,,,,,,,,,,,,,,,,,,,,,
ZRZAT-227,Zranené,Voľne žijúce cicavce,Veľké šelmy,Vlk,Druh – používa FLOW-ZR-CHR-STD,"Je zrazené vozidlom
Krváca alebo má otvorenú ranu
Má poranenú končatinu / nevie sa pohybovať
Je uviaznuté, zakliesnené alebo zamotané
Je apatické, dezorientované alebo reaguje nezvyčajne
Podozrenie na otravu
Videl/a som alebo mám dôvodné podozrenie, že zviera úmyselne zranil človek (napr. bitím, postrelením alebo pascou)
Neviem
Iné","Áno
Nie
Neviem","Áno
Nie
Neviem",Iné → rozbaliť W09b,Stručne popíšte iné zranenie alebo stav zvieraťa.,W14,"• K vlkovi sa nepribližujte, nekŕmte ho a nepúšťajte k nemu psa.
• Neprenasledujte ho a nesnažte sa ho zahnať.","• Udržte odstup a nechajte mu únikovú cestu.
• Držte ľudí a zvieratá mimo dosahu.",W15 – ŠOP SR / príslušné záchranné zariadenie,Zavolajte na pohotovostný kontakt ŠOP SR,"ŠOP SR zabezpečuje nepretržitú odbornú pomoc, odber a prevoz zranených alebo inak poškodených chránených živočíchov.

Podľa vašej polohy sme vybrali príslušné záchranné zariadenie. Oznámte presné miesto nálezu, druh zvieraťa (ak ho poznáte), jeho stav a či je zviera alebo okolie v bezprostrednom nebezpečenstve. Postupujte podľa pokynov odborníka.",Áno – podľa adresy z W03a/W03b,04_KONTAKTY_SOP – mapovať obec/okres na príslušný pohotovostný kontakt; nepoužiť iba najbližšiu vzdialenosť,W19 – veterinárna klinika (BA/KE) / partnerské OZ (ostatné územie),Zavolajte na veterinárnu kliniku alebo partnerskú organizáciu,BA/KE: zobrazte dohodnutú veterinárnu kliniku pre chránené živočíchy; používateľ musí najprv telefonicky overiť prijatie zvieraťa a podmienky. Ostatné územie: zobrazte partnerské OZ alebo záchrannú organizáciu podľa polohy. Zoznam partnerov ešte treba doplniť.,Áno – podľa kraja/okresu,"BA: zmluvná klinika – doplniť; KE: Klinika vtákov a exotických zvierat UVLF, 0917 637 798; ostatné: DB partnerských OZ – doplniť",Áno,3. kontakt (po W15/112 a W19),"Ak sa vám nedostala pomoc z oficiálnych zdrojov ani z druhého kontaktu, požiadajte o pomoc dobrovoľníkov Zverolinky podľa lokality a dostupnosti.",Áno – až po neúspechu všetkých kontaktov,Postupujte mimoriadne opatrne a presne podľa nasledujúcich pokynov.,,,,,,,,"ŠOP SR / záchranné zariadenie
112 / záchranná zložka
Veterinárna klinika
Partnerské OZ / záchranná organizácia
Dobrovoľník Zverolinky
Iná osoba
Pomohol/pomohla som sám/sama","Na pohotovostnom kontakte ŠOP mi nezdvihli ani na druhý pokus
ŠOP / záchranné zariadenie odmietlo pomôcť alebo prísť
ŠOP / záchranné zariadenie ma odkázalo na iný kontakt
Na čísle 112 mi neposkytli kontakt alebo pomoc
Veterinárna klinika bola zatvorená alebo nedostupná
Veterinárna klinika odmietla zviera prijať
Nemohol/nemohla som uhradiť veterinárne ošetrenie
Partnerské OZ nebolo dostupné alebo nemohlo pomôcť
Dobrovoľníci neboli k dispozícii
Zviera bolo nebezpečné alebo manipulácia nebola bezpečná
Zviera utieklo alebo sa skrylo
Nemal/a som potrebné pomôcky alebo dopravu
Zviera na mieste uhynulo
Situáciu vyriešil niekto iný
Iné",,FLOW-ZR-CHR-STD,Krátke poučenie vyplnené zo zdrojovej databázy; W22/W23 zostáva na doplnenie.
ZRZAT-228,Zatúlané,Voľne žijúce cicavce,Veľké šelmy,Vlk,,,,,,,,,,,,,,,,,,,,,,,,,,,,,,,,,,,,
ZRZAT-229,Zranené,Voľne žijúce cicavce,Veľké šelmy,Rys,Druh – používa FLOW-ZR-CHR-STD,"Je zrazené vozidlom
Krváca alebo má otvorenú ranu
Má poranenú končatinu / nevie sa pohybovať
Je uviaznuté, zakliesnené alebo zamotané
Je apatické, dezorientované alebo reaguje nezvyčajne
Podozrenie na otravu
Videl/a som alebo mám dôvodné podozrenie, že zviera úmyselne zranil človek (napr. bitím, postrelením alebo pascou)
Neviem
Iné","Áno
Nie
Neviem","Áno
Nie
Neviem",Iné → rozbaliť W09b,Stručne popíšte iné zranenie alebo stav zvieraťa.,W14,"• K rysovi sa nepribližujte, nepozorujte ho zblízka a nepúšťajte k nemu psy.
• Neprenasledujte ho a nesnažte sa ho zahnať.","• Udržte odstup a nechajte mu únikovú cestu.
• Držte ľudí a zvieratá mimo dosahu.",W15 – ŠOP SR / príslušné záchranné zariadenie,Zavolajte na pohotovostný kontakt ŠOP SR,"ŠOP SR zabezpečuje nepretržitú odbornú pomoc, odber a prevoz zranených alebo inak poškodených chránených živočíchov.

Podľa vašej polohy sme vybrali príslušné záchranné zariadenie. Oznámte presné miesto nálezu, druh zvieraťa (ak ho poznáte), jeho stav a či je zviera alebo okolie v bezprostrednom nebezpečenstve. Postupujte podľa pokynov odborníka.",Áno – podľa adresy z W03a/W03b,04_KONTAKTY_SOP – mapovať obec/okres na príslušný pohotovostný kontakt; nepoužiť iba najbližšiu vzdialenosť,W19 – veterinárna klinika (BA/KE) / partnerské OZ (ostatné územie),Zavolajte na veterinárnu kliniku alebo partnerskú organizáciu,BA/KE: zobrazte dohodnutú veterinárnu kliniku pre chránené živočíchy; používateľ musí najprv telefonicky overiť prijatie zvieraťa a podmienky. Ostatné územie: zobrazte partnerské OZ alebo záchrannú organizáciu podľa polohy. Zoznam partnerov ešte treba doplniť.,Áno – podľa kraja/okresu,"BA: zmluvná klinika – doplniť; KE: Klinika vtákov a exotických zvierat UVLF, 0917 637 798; ostatné: DB partnerských OZ – doplniť",Áno,3. kontakt (po W15/112 a W19),"Ak sa vám nedostala pomoc z oficiálnych zdrojov ani z druhého kontaktu, požiadajte o pomoc dobrovoľníkov Zverolinky podľa lokality a dostupnosti.",Áno – až po neúspechu všetkých kontaktov,Postupujte mimoriadne opatrne a presne podľa nasledujúcich pokynov.,,,,,,,,"ŠOP SR / záchranné zariadenie
112 / záchranná zložka
Veterinárna klinika
Partnerské OZ / záchranná organizácia
Dobrovoľník Zverolinky
Iná osoba
Pomohol/pomohla som sám/sama","Na pohotovostnom kontakte ŠOP mi nezdvihli ani na druhý pokus
ŠOP / záchranné zariadenie odmietlo pomôcť alebo prísť
ŠOP / záchranné zariadenie ma odkázalo na iný kontakt
Na čísle 112 mi neposkytli kontakt alebo pomoc
Veterinárna klinika bola zatvorená alebo nedostupná
Veterinárna klinika odmietla zviera prijať
Nemohol/nemohla som uhradiť veterinárne ošetrenie
Partnerské OZ nebolo dostupné alebo nemohlo pomôcť
Dobrovoľníci neboli k dispozícii
Zviera bolo nebezpečné alebo manipulácia nebola bezpečná
Zviera utieklo alebo sa skrylo
Nemal/a som potrebné pomôcky alebo dopravu
Zviera na mieste uhynulo
Situáciu vyriešil niekto iný
Iné",,FLOW-ZR-CHR-STD,Krátke poučenie vyplnené zo zdrojovej databázy; W22/W23 zostáva na doplnenie.
ZRZAT-230,Zatúlané,Voľne žijúce cicavce,Veľké šelmy,Rys,,,,,,,,,,,,,,,,,,,,,,,,,,,,,,,,,,,,
ZRZAT-231,Zranené,Voľne žijúce cicavce,Veľké šelmy,Mačka divá,Druh – používa FLOW-ZR-CHR-STD,"Je zrazené vozidlom
Krváca alebo má otvorenú ranu
Má poranenú končatinu / nevie sa pohybovať
Je uviaznuté, zakliesnené alebo zamotané
Je apatické, dezorientované alebo reaguje nezvyčajne
Podozrenie na otravu
Videl/a som alebo mám dôvodné podozrenie, že zviera úmyselne zranil človek (napr. bitím, postrelením alebo pascou)
Neviem
Iné","Áno
Nie
Neviem","Áno
Nie
Neviem",Iné → rozbaliť W09b,Stručne popíšte iné zranenie alebo stav zvieraťa.,W14,"• Mačku divú nechytajte holými rukami a nepovažujte ju automaticky za túlavú mačku.
• Nepúšťajte k nej psy a nesnažte sa ju nalákať jedlom.","• Udržte odstup a obmedzte rušenie.
• Držte psy, mačky a deti mimo dosahu.",W15 – ŠOP SR / príslušné záchranné zariadenie,Zavolajte na pohotovostný kontakt ŠOP SR,"ŠOP SR zabezpečuje nepretržitú odbornú pomoc, odber a prevoz zranených alebo inak poškodených chránených živočíchov.

Podľa vašej polohy sme vybrali príslušné záchranné zariadenie. Oznámte presné miesto nálezu, druh zvieraťa (ak ho poznáte), jeho stav a či je zviera alebo okolie v bezprostrednom nebezpečenstve. Postupujte podľa pokynov odborníka.",Áno – podľa adresy z W03a/W03b,04_KONTAKTY_SOP – mapovať obec/okres na príslušný pohotovostný kontakt; nepoužiť iba najbližšiu vzdialenosť,W19 – veterinárna klinika (BA/KE) / partnerské OZ (ostatné územie),Zavolajte na veterinárnu kliniku alebo partnerskú organizáciu,BA/KE: zobrazte dohodnutú veterinárnu kliniku pre chránené živočíchy; používateľ musí najprv telefonicky overiť prijatie zvieraťa a podmienky. Ostatné územie: zobrazte partnerské OZ alebo záchrannú organizáciu podľa polohy. Zoznam partnerov ešte treba doplniť.,Áno – podľa kraja/okresu,"BA: zmluvná klinika – doplniť; KE: Klinika vtákov a exotických zvierat UVLF, 0917 637 798; ostatné: DB partnerských OZ – doplniť",Áno,3. kontakt (po W15/112 a W19),"Ak sa vám nedostala pomoc z oficiálnych zdrojov ani z druhého kontaktu, požiadajte o pomoc dobrovoľníkov Zverolinky podľa lokality a dostupnosti.",Áno – až po neúspechu všetkých kontaktov,Postupujte mimoriadne opatrne a presne podľa nasledujúcich pokynov.,,,,,,,,"ŠOP SR / záchranné zariadenie
112 / záchranná zložka
Veterinárna klinika
Partnerské OZ / záchranná organizácia
Dobrovoľník Zverolinky
Iná osoba
Pomohol/pomohla som sám/sama","Na pohotovostnom kontakte ŠOP mi nezdvihli ani na druhý pokus
ŠOP / záchranné zariadenie odmietlo pomôcť alebo prísť
ŠOP / záchranné zariadenie ma odkázalo na iný kontakt
Na čísle 112 mi neposkytli kontakt alebo pomoc
Veterinárna klinika bola zatvorená alebo nedostupná
Veterinárna klinika odmietla zviera prijať
Nemohol/nemohla som uhradiť veterinárne ošetrenie
Partnerské OZ nebolo dostupné alebo nemohlo pomôcť
Dobrovoľníci neboli k dispozícii
Zviera bolo nebezpečné alebo manipulácia nebola bezpečná
Zviera utieklo alebo sa skrylo
Nemal/a som potrebné pomôcky alebo dopravu
Zviera na mieste uhynulo
Situáciu vyriešil niekto iný
Iné",,FLOW-ZR-CHR-STD,Krátke poučenie vyplnené zo zdrojovej databázy; W22/W23 zostáva na doplnenie.
ZRZAT-232,Zatúlané,Voľne žijúce cicavce,Veľké šelmy,Mačka divá,,,,,,,,,,,,,,,,,,,,,,,,,,,,,,,,,,,,